ISO-10303-21;
HEADER;
FILE_DESCRIPTION(('Open CASCADE Model'),'2;1');
FILE_NAME('Open CASCADE Shape Model','2026-10-03T22:09:23',('Author'),(
    'Open CASCADE'),'Open CASCADE STEP processor 7.9','Open CASCADE 7.9'
  ,'Unknown');
FILE_SCHEMA(('AUTOMOTIVE_DESIGN { 1 0 10303 214 1 1 1 1 }'));
ENDSEC;
DATA;
#1 = APPLICATION_PROTOCOL_DEFINITION('international standard',
  'automotive_design',2000,#2);
#2 = APPLICATION_CONTEXT(
  'core data for automotive mechanical design processes');
#3 = SHAPE_DEFINITION_REPRESENTATION(#4,#10);
#4 = PRODUCT_DEFINITION_SHAPE('','',#5);
#5 = PRODUCT_DEFINITION('design','',#6,#9);
#6 = PRODUCT_DEFINITION_FORMATION('','',#7);
#7 = PRODUCT('Samtec_SSW-110-01-S-D','Samtec_SSW-110-01-S-D','',(#8));
#8 = PRODUCT_CONTEXT('',#2,'mechanical');
#9 = PRODUCT_DEFINITION_CONTEXT('part definition',#2,'design');
#10 = SHAPE_REPRESENTATION('',(#11,#15,#19,#23,#27,#31,#35,#39,#43,#47,
    #51,#55,#59,#63,#67,#71,#75,#79,#83,#87,#91,#95),#99);
#11 = AXIS2_PLACEMENT_3D('',#12,#13,#14);
#12 = CARTESIAN_POINT('',(0.,0.,0.));
#13 = DIRECTION('',(0.,0.,1.));
#14 = DIRECTION('',(1.,0.,-0.));
#15 = AXIS2_PLACEMENT_3D('',#16,#17,#18);
#16 = CARTESIAN_POINT('',(0.,0.,0.));
#17 = DIRECTION('',(0.,0.,1.));
#18 = DIRECTION('',(1.,0.,-0.));
#19 = AXIS2_PLACEMENT_3D('',#20,#21,#22);
#20 = CARTESIAN_POINT('',(0.,0.,0.));
#21 = DIRECTION('',(0.,0.,1.));
#22 = DIRECTION('',(1.,0.,-0.));
#23 = AXIS2_PLACEMENT_3D('',#24,#25,#26);
#24 = CARTESIAN_POINT('',(0.,0.,0.));
#25 = DIRECTION('',(0.,0.,1.));
#26 = DIRECTION('',(1.,0.,-0.));
#27 = AXIS2_PLACEMENT_3D('',#28,#29,#30);
#28 = CARTESIAN_POINT('',(0.,0.,0.));
#29 = DIRECTION('',(0.,0.,1.));
#30 = DIRECTION('',(1.,0.,-0.));
#31 = AXIS2_PLACEMENT_3D('',#32,#33,#34);
#32 = CARTESIAN_POINT('',(0.,0.,0.));
#33 = DIRECTION('',(0.,0.,1.));
#34 = DIRECTION('',(1.,0.,-0.));
#35 = AXIS2_PLACEMENT_3D('',#36,#37,#38);
#36 = CARTESIAN_POINT('',(0.,0.,0.));
#37 = DIRECTION('',(0.,0.,1.));
#38 = DIRECTION('',(1.,0.,-0.));
#39 = AXIS2_PLACEMENT_3D('',#40,#41,#42);
#40 = CARTESIAN_POINT('',(0.,0.,0.));
#41 = DIRECTION('',(0.,0.,1.));
#42 = DIRECTION('',(1.,0.,-0.));
#43 = AXIS2_PLACEMENT_3D('',#44,#45,#46);
#44 = CARTESIAN_POINT('',(0.,0.,0.));
#45 = DIRECTION('',(0.,0.,1.));
#46 = DIRECTION('',(1.,0.,-0.));
#47 = AXIS2_PLACEMENT_3D('',#48,#49,#50);
#48 = CARTESIAN_POINT('',(0.,0.,0.));
#49 = DIRECTION('',(0.,0.,1.));
#50 = DIRECTION('',(1.,0.,-0.));
#51 = AXIS2_PLACEMENT_3D('',#52,#53,#54);
#52 = CARTESIAN_POINT('',(0.,0.,0.));
#53 = DIRECTION('',(0.,0.,1.));
#54 = DIRECTION('',(1.,0.,-0.));
#55 = AXIS2_PLACEMENT_3D('',#56,#57,#58);
#56 = CARTESIAN_POINT('',(0.,0.,0.));
#57 = DIRECTION('',(0.,0.,1.));
#58 = DIRECTION('',(1.,0.,-0.));
#59 = AXIS2_PLACEMENT_3D('',#60,#61,#62);
#60 = CARTESIAN_POINT('',(0.,0.,0.));
#61 = DIRECTION('',(0.,0.,1.));
#62 = DIRECTION('',(1.,0.,-0.));
#63 = AXIS2_PLACEMENT_3D('',#64,#65,#66);
#64 = CARTESIAN_POINT('',(0.,0.,0.));
#65 = DIRECTION('',(0.,0.,1.));
#66 = DIRECTION('',(1.,0.,-0.));
#67 = AXIS2_PLACEMENT_3D('',#68,#69,#70);
#68 = CARTESIAN_POINT('',(0.,0.,0.));
#69 = DIRECTION('',(0.,0.,1.));
#70 = DIRECTION('',(1.,0.,-0.));
#71 = AXIS2_PLACEMENT_3D('',#72,#73,#74);
#72 = CARTESIAN_POINT('',(0.,0.,0.));
#73 = DIRECTION('',(0.,0.,1.));
#74 = DIRECTION('',(1.,0.,-0.));
#75 = AXIS2_PLACEMENT_3D('',#76,#77,#78);
#76 = CARTESIAN_POINT('',(0.,0.,0.));
#77 = DIRECTION('',(0.,0.,1.));
#78 = DIRECTION('',(1.,0.,-0.));
#79 = AXIS2_PLACEMENT_3D('',#80,#81,#82);
#80 = CARTESIAN_POINT('',(0.,0.,0.));
#81 = DIRECTION('',(0.,0.,1.));
#82 = DIRECTION('',(1.,0.,-0.));
#83 = AXIS2_PLACEMENT_3D('',#84,#85,#86);
#84 = CARTESIAN_POINT('',(0.,0.,0.));
#85 = DIRECTION('',(0.,0.,1.));
#86 = DIRECTION('',(1.,0.,-0.));
#87 = AXIS2_PLACEMENT_3D('',#88,#89,#90);
#88 = CARTESIAN_POINT('',(0.,0.,0.));
#89 = DIRECTION('',(0.,0.,1.));
#90 = DIRECTION('',(1.,0.,-0.));
#91 = AXIS2_PLACEMENT_3D('',#92,#93,#94);
#92 = CARTESIAN_POINT('',(0.,0.,0.));
#93 = DIRECTION('',(0.,0.,1.));
#94 = DIRECTION('',(1.,0.,-0.));
#95 = AXIS2_PLACEMENT_3D('',#96,#97,#98);
#96 = CARTESIAN_POINT('',(0.,0.,0.));
#97 = DIRECTION('',(0.,0.,1.));
#98 = DIRECTION('',(1.,0.,-0.));
#99 = ( GEOMETRIC_REPRESENTATION_CONTEXT(3) 
GLOBAL_UNCERTAINTY_ASSIGNED_CONTEXT((#103)) GLOBAL_UNIT_ASSIGNED_CONTEXT
((#100,#101,#102)) REPRESENTATION_CONTEXT('Context #1',
  '3D Context with UNIT and UNCERTAINTY') );
#100 = ( LENGTH_UNIT() NAMED_UNIT(*) SI_UNIT(.MILLI.,.METRE.) );
#101 = ( NAMED_UNIT(*) PLANE_ANGLE_UNIT() SI_UNIT($,.RADIAN.) );
#102 = ( NAMED_UNIT(*) SI_UNIT($,.STERADIAN.) SOLID_ANGLE_UNIT() );
#103 = UNCERTAINTY_MEASURE_WITH_UNIT(LENGTH_MEASURE(1.E-07),#100,
  'distance_accuracy_value','confusion accuracy');
#104 = PRODUCT_RELATED_PRODUCT_CATEGORY('part',$,(#7));
#105 = SHAPE_DEFINITION_REPRESENTATION(#106,#112);
#106 = PRODUCT_DEFINITION_SHAPE('','',#107);
#107 = PRODUCT_DEFINITION('design','',#108,#111);
#108 = PRODUCT_DEFINITION_FORMATION('','',#109);
#109 = PRODUCT('insulator','insulator','',(#110));
#110 = PRODUCT_CONTEXT('',#2,'mechanical');
#111 = PRODUCT_DEFINITION_CONTEXT('part definition',#2,'design');
#112 = ADVANCED_BREP_SHAPE_REPRESENTATION('',(#11,#113),#6883);
#113 = MANIFOLD_SOLID_BREP('',#114);
#114 = CLOSED_SHELL('',(#115,#235,#311,#2640,#2689,#2716,#2723,#2799,
    #2848,#2897,#2924,#3000,#3049,#3098,#3125,#3201,#3250,#3299,#3326,
    #3402,#3451,#3500,#3527,#3603,#3652,#3701,#3728,#3804,#3853,#3902,
    #3929,#4005,#4054,#4103,#4130,#4206,#4255,#4304,#4331,#4407,#4456,
    #4505,#4532,#4608,#4657,#4706,#4733,#4809,#4858,#4907,#4934,#5010,
    #5059,#5108,#5135,#5211,#5260,#5309,#5336,#5412,#5461,#5510,#5537,
    #5613,#5662,#5711,#5738,#5814,#5863,#5912,#5939,#6015,#6064,#6113,
    #6140,#6216,#6265,#6314,#6341,#6417,#6466,#6515,#6542,#6618,#6667,
    #6716,#6743,#6750,#6757,#6764,#6771,#6778,#6785,#6792,#6799,#6806,
    #6813,#6820,#6827,#6834,#6841,#6848,#6855,#6862,#6869,#6876));
#115 = ADVANCED_FACE('',(#116),#130,.F.);
#116 = FACE_BOUND('',#117,.F.);
#117 = EDGE_LOOP('',(#118,#153,#181,#209));
#118 = ORIENTED_EDGE('',*,*,#119,.F.);
#119 = EDGE_CURVE('',#120,#122,#124,.T.);
#120 = VERTEX_POINT('',#121);
#121 = CARTESIAN_POINT('',(-1.205,-24.385,0.13));
#122 = VERTEX_POINT('',#123);
#123 = CARTESIAN_POINT('',(-1.205,-24.385,8.64));
#124 = SURFACE_CURVE('',#125,(#129,#141),.PCURVE_S1.);
#125 = LINE('',#126,#127);
#126 = CARTESIAN_POINT('',(-1.205,-24.385,0.13));
#127 = VECTOR('',#128,1.);
#128 = DIRECTION('',(0.,0.,1.));
#129 = PCURVE('',#130,#135);
#130 = PLANE('',#131);
#131 = AXIS2_PLACEMENT_3D('',#132,#133,#134);
#132 = CARTESIAN_POINT('',(-1.205,-24.385,0.13));
#133 = DIRECTION('',(1.,0.,0.));
#134 = DIRECTION('',(0.,0.,1.));
#135 = DEFINITIONAL_REPRESENTATION('',(#136),#140);
#136 = LINE('',#137,#138);
#137 = CARTESIAN_POINT('',(0.,0.));
#138 = VECTOR('',#139,1.);
#139 = DIRECTION('',(1.,0.));
#140 = ( GEOMETRIC_REPRESENTATION_CONTEXT(2) 
PARAMETRIC_REPRESENTATION_CONTEXT() REPRESENTATION_CONTEXT('2D SPACE',''
  ) );
#141 = PCURVE('',#142,#147);
#142 = PLANE('',#143);
#143 = AXIS2_PLACEMENT_3D('',#144,#145,#146);
#144 = CARTESIAN_POINT('',(-1.205,-24.385,0.13));
#145 = DIRECTION('',(0.,1.,0.));
#146 = DIRECTION('',(0.,0.,1.));
#147 = DEFINITIONAL_REPRESENTATION('',(#148),#152);
#148 = LINE('',#149,#150);
#149 = CARTESIAN_POINT('',(0.,0.));
#150 = VECTOR('',#151,1.);
#151 = DIRECTION('',(1.,0.));
#152 = ( GEOMETRIC_REPRESENTATION_CONTEXT(2) 
PARAMETRIC_REPRESENTATION_CONTEXT() REPRESENTATION_CONTEXT('2D SPACE',''
  ) );
#153 = ORIENTED_EDGE('',*,*,#154,.T.);
#154 = EDGE_CURVE('',#120,#155,#157,.T.);
#155 = VERTEX_POINT('',#156);
#156 = CARTESIAN_POINT('',(-1.205,1.525,0.13));
#157 = SURFACE_CURVE('',#158,(#162,#169),.PCURVE_S1.);
#158 = LINE('',#159,#160);
#159 = CARTESIAN_POINT('',(-1.205,-24.385,0.13));
#160 = VECTOR('',#161,1.);
#161 = DIRECTION('',(0.,1.,0.));
#162 = PCURVE('',#130,#163);
#163 = DEFINITIONAL_REPRESENTATION('',(#164),#168);
#164 = LINE('',#165,#166);
#165 = CARTESIAN_POINT('',(0.,0.));
#166 = VECTOR('',#167,1.);
#167 = DIRECTION('',(0.,-1.));
#168 = ( GEOMETRIC_REPRESENTATION_CONTEXT(2) 
PARAMETRIC_REPRESENTATION_CONTEXT() REPRESENTATION_CONTEXT('2D SPACE',''
  ) );
#169 = PCURVE('',#170,#175);
#170 = PLANE('',#171);
#171 = AXIS2_PLACEMENT_3D('',#172,#173,#174);
#172 = CARTESIAN_POINT('',(-1.205,-24.385,0.13));
#173 = DIRECTION('',(0.,0.,1.));
#174 = DIRECTION('',(1.,0.,0.));
#175 = DEFINITIONAL_REPRESENTATION('',(#176),#180);
#176 = LINE('',#177,#178);
#177 = CARTESIAN_POINT('',(0.,0.));
#178 = VECTOR('',#179,1.);
#179 = DIRECTION('',(0.,1.));
#180 = ( GEOMETRIC_REPRESENTATION_CONTEXT(2) 
PARAMETRIC_REPRESENTATION_CONTEXT() REPRESENTATION_CONTEXT('2D SPACE',''
  ) );
#181 = ORIENTED_EDGE('',*,*,#182,.T.);
#182 = EDGE_CURVE('',#155,#183,#185,.T.);
#183 = VERTEX_POINT('',#184);
#184 = CARTESIAN_POINT('',(-1.205,1.525,8.64));
#185 = SURFACE_CURVE('',#186,(#190,#197),.PCURVE_S1.);
#186 = LINE('',#187,#188);
#187 = CARTESIAN_POINT('',(-1.205,1.525,0.13));
#188 = VECTOR('',#189,1.);
#189 = DIRECTION('',(0.,0.,1.));
#190 = PCURVE('',#130,#191);
#191 = DEFINITIONAL_REPRESENTATION('',(#192),#196);
#192 = LINE('',#193,#194);
#193 = CARTESIAN_POINT('',(0.,-25.91));
#194 = VECTOR('',#195,1.);
#195 = DIRECTION('',(1.,0.));
#196 = ( GEOMETRIC_REPRESENTATION_CONTEXT(2) 
PARAMETRIC_REPRESENTATION_CONTEXT() REPRESENTATION_CONTEXT('2D SPACE',''
  ) );
#197 = PCURVE('',#198,#203);
#198 = PLANE('',#199);
#199 = AXIS2_PLACEMENT_3D('',#200,#201,#202);
#200 = CARTESIAN_POINT('',(-1.205,1.525,0.13));
#201 = DIRECTION('',(0.,1.,0.));
#202 = DIRECTION('',(0.,0.,1.));
#203 = DEFINITIONAL_REPRESENTATION('',(#204),#208);
#204 = LINE('',#205,#206);
#205 = CARTESIAN_POINT('',(0.,0.));
#206 = VECTOR('',#207,1.);
#207 = DIRECTION('',(1.,0.));
#208 = ( GEOMETRIC_REPRESENTATION_CONTEXT(2) 
PARAMETRIC_REPRESENTATION_CONTEXT() REPRESENTATION_CONTEXT('2D SPACE',''
  ) );
#209 = ORIENTED_EDGE('',*,*,#210,.F.);
#210 = EDGE_CURVE('',#122,#183,#211,.T.);
#211 = SURFACE_CURVE('',#212,(#216,#223),.PCURVE_S1.);
#212 = LINE('',#213,#214);
#213 = CARTESIAN_POINT('',(-1.205,-24.385,8.64));
#214 = VECTOR('',#215,1.);
#215 = DIRECTION('',(0.,1.,0.));
#216 = PCURVE('',#130,#217);
#217 = DEFINITIONAL_REPRESENTATION('',(#218),#222);
#218 = LINE('',#219,#220);
#219 = CARTESIAN_POINT('',(8.51,0.));
#220 = VECTOR('',#221,1.);
#221 = DIRECTION('',(0.,-1.));
#222 = ( GEOMETRIC_REPRESENTATION_CONTEXT(2) 
PARAMETRIC_REPRESENTATION_CONTEXT() REPRESENTATION_CONTEXT('2D SPACE',''
  ) );
#223 = PCURVE('',#224,#229);
#224 = PLANE('',#225);
#225 = AXIS2_PLACEMENT_3D('',#226,#227,#228);
#226 = CARTESIAN_POINT('',(-1.205,-24.385,8.64));
#227 = DIRECTION('',(0.,0.,1.));
#228 = DIRECTION('',(1.,0.,0.));
#229 = DEFINITIONAL_REPRESENTATION('',(#230),#234);
#230 = LINE('',#231,#232);
#231 = CARTESIAN_POINT('',(0.,0.));
#232 = VECTOR('',#233,1.);
#233 = DIRECTION('',(0.,1.));
#234 = ( GEOMETRIC_REPRESENTATION_CONTEXT(2) 
PARAMETRIC_REPRESENTATION_CONTEXT() REPRESENTATION_CONTEXT('2D SPACE',''
  ) );
#235 = ADVANCED_FACE('',(#236),#142,.F.);
#236 = FACE_BOUND('',#237,.F.);
#237 = EDGE_LOOP('',(#238,#261,#262,#285));
#238 = ORIENTED_EDGE('',*,*,#239,.F.);
#239 = EDGE_CURVE('',#120,#240,#242,.T.);
#240 = VERTEX_POINT('',#241);
#241 = CARTESIAN_POINT('',(3.745,-24.385,0.13));
#242 = SURFACE_CURVE('',#243,(#247,#254),.PCURVE_S1.);
#243 = LINE('',#244,#245);
#244 = CARTESIAN_POINT('',(-1.205,-24.385,0.13));
#245 = VECTOR('',#246,1.);
#246 = DIRECTION('',(1.,0.,0.));
#247 = PCURVE('',#142,#248);
#248 = DEFINITIONAL_REPRESENTATION('',(#249),#253);
#249 = LINE('',#250,#251);
#250 = CARTESIAN_POINT('',(0.,0.));
#251 = VECTOR('',#252,1.);
#252 = DIRECTION('',(0.,1.));
#253 = ( GEOMETRIC_REPRESENTATION_CONTEXT(2) 
PARAMETRIC_REPRESENTATION_CONTEXT() REPRESENTATION_CONTEXT('2D SPACE',''
  ) );
#254 = PCURVE('',#170,#255);
#255 = DEFINITIONAL_REPRESENTATION('',(#256),#260);
#256 = LINE('',#257,#258);
#257 = CARTESIAN_POINT('',(0.,0.));
#258 = VECTOR('',#259,1.);
#259 = DIRECTION('',(1.,0.));
#260 = ( GEOMETRIC_REPRESENTATION_CONTEXT(2) 
PARAMETRIC_REPRESENTATION_CONTEXT() REPRESENTATION_CONTEXT('2D SPACE',''
  ) );
#261 = ORIENTED_EDGE('',*,*,#119,.T.);
#262 = ORIENTED_EDGE('',*,*,#263,.T.);
#263 = EDGE_CURVE('',#122,#264,#266,.T.);
#264 = VERTEX_POINT('',#265);
#265 = CARTESIAN_POINT('',(3.745,-24.385,8.64));
#266 = SURFACE_CURVE('',#267,(#271,#278),.PCURVE_S1.);
#267 = LINE('',#268,#269);
#268 = CARTESIAN_POINT('',(-1.205,-24.385,8.64));
#269 = VECTOR('',#270,1.);
#270 = DIRECTION('',(1.,0.,0.));
#271 = PCURVE('',#142,#272);
#272 = DEFINITIONAL_REPRESENTATION('',(#273),#277);
#273 = LINE('',#274,#275);
#274 = CARTESIAN_POINT('',(8.51,0.));
#275 = VECTOR('',#276,1.);
#276 = DIRECTION('',(0.,1.));
#277 = ( GEOMETRIC_REPRESENTATION_CONTEXT(2) 
PARAMETRIC_REPRESENTATION_CONTEXT() REPRESENTATION_CONTEXT('2D SPACE',''
  ) );
#278 = PCURVE('',#224,#279);
#279 = DEFINITIONAL_REPRESENTATION('',(#280),#284);
#280 = LINE('',#281,#282);
#281 = CARTESIAN_POINT('',(0.,0.));
#282 = VECTOR('',#283,1.);
#283 = DIRECTION('',(1.,0.));
#284 = ( GEOMETRIC_REPRESENTATION_CONTEXT(2) 
PARAMETRIC_REPRESENTATION_CONTEXT() REPRESENTATION_CONTEXT('2D SPACE',''
  ) );
#285 = ORIENTED_EDGE('',*,*,#286,.F.);
#286 = EDGE_CURVE('',#240,#264,#287,.T.);
#287 = SURFACE_CURVE('',#288,(#292,#299),.PCURVE_S1.);
#288 = LINE('',#289,#290);
#289 = CARTESIAN_POINT('',(3.745,-24.385,0.13));
#290 = VECTOR('',#291,1.);
#291 = DIRECTION('',(0.,0.,1.));
#292 = PCURVE('',#142,#293);
#293 = DEFINITIONAL_REPRESENTATION('',(#294),#298);
#294 = LINE('',#295,#296);
#295 = CARTESIAN_POINT('',(0.,4.95));
#296 = VECTOR('',#297,1.);
#297 = DIRECTION('',(1.,0.));
#298 = ( GEOMETRIC_REPRESENTATION_CONTEXT(2) 
PARAMETRIC_REPRESENTATION_CONTEXT() REPRESENTATION_CONTEXT('2D SPACE',''
  ) );
#299 = PCURVE('',#300,#305);
#300 = PLANE('',#301);
#301 = AXIS2_PLACEMENT_3D('',#302,#303,#304);
#302 = CARTESIAN_POINT('',(3.745,-24.385,0.13));
#303 = DIRECTION('',(1.,0.,0.));
#304 = DIRECTION('',(0.,0.,1.));
#305 = DEFINITIONAL_REPRESENTATION('',(#306),#310);
#306 = LINE('',#307,#308);
#307 = CARTESIAN_POINT('',(0.,0.));
#308 = VECTOR('',#309,1.);
#309 = DIRECTION('',(1.,0.));
#310 = ( GEOMETRIC_REPRESENTATION_CONTEXT(2) 
PARAMETRIC_REPRESENTATION_CONTEXT() REPRESENTATION_CONTEXT('2D SPACE',''
  ) );
#311 = ADVANCED_FACE('',(#312,#360,#474,#588,#702,#816,#930,#1044,#1158,
    #1272,#1386,#1500,#1614,#1728,#1842,#1956,#2070,#2184,#2298,#2412,
    #2526),#224,.T.);
#312 = FACE_BOUND('',#313,.T.);
#313 = EDGE_LOOP('',(#314,#315,#316,#339));
#314 = ORIENTED_EDGE('',*,*,#210,.F.);
#315 = ORIENTED_EDGE('',*,*,#263,.T.);
#316 = ORIENTED_EDGE('',*,*,#317,.T.);
#317 = EDGE_CURVE('',#264,#318,#320,.T.);
#318 = VERTEX_POINT('',#319);
#319 = CARTESIAN_POINT('',(3.745,1.525,8.64));
#320 = SURFACE_CURVE('',#321,(#325,#332),.PCURVE_S1.);
#321 = LINE('',#322,#323);
#322 = CARTESIAN_POINT('',(3.745,-24.385,8.64));
#323 = VECTOR('',#324,1.);
#324 = DIRECTION('',(0.,1.,0.));
#325 = PCURVE('',#224,#326);
#326 = DEFINITIONAL_REPRESENTATION('',(#327),#331);
#327 = LINE('',#328,#329);
#328 = CARTESIAN_POINT('',(4.95,0.));
#329 = VECTOR('',#330,1.);
#330 = DIRECTION('',(0.,1.));
#331 = ( GEOMETRIC_REPRESENTATION_CONTEXT(2) 
PARAMETRIC_REPRESENTATION_CONTEXT() REPRESENTATION_CONTEXT('2D SPACE',''
  ) );
#332 = PCURVE('',#300,#333);
#333 = DEFINITIONAL_REPRESENTATION('',(#334),#338);
#334 = LINE('',#335,#336);
#335 = CARTESIAN_POINT('',(8.51,0.));
#336 = VECTOR('',#337,1.);
#337 = DIRECTION('',(0.,-1.));
#338 = ( GEOMETRIC_REPRESENTATION_CONTEXT(2) 
PARAMETRIC_REPRESENTATION_CONTEXT() REPRESENTATION_CONTEXT('2D SPACE',''
  ) );
#339 = ORIENTED_EDGE('',*,*,#340,.F.);
#340 = EDGE_CURVE('',#183,#318,#341,.T.);
#341 = SURFACE_CURVE('',#342,(#346,#353),.PCURVE_S1.);
#342 = LINE('',#343,#344);
#343 = CARTESIAN_POINT('',(-1.205,1.525,8.64));
#344 = VECTOR('',#345,1.);
#345 = DIRECTION('',(1.,0.,0.));
#346 = PCURVE('',#224,#347);
#347 = DEFINITIONAL_REPRESENTATION('',(#348),#352);
#348 = LINE('',#349,#350);
#349 = CARTESIAN_POINT('',(0.,25.91));
#350 = VECTOR('',#351,1.);
#351 = DIRECTION('',(1.,0.));
#352 = ( GEOMETRIC_REPRESENTATION_CONTEXT(2) 
PARAMETRIC_REPRESENTATION_CONTEXT() REPRESENTATION_CONTEXT('2D SPACE',''
  ) );
#353 = PCURVE('',#198,#354);
#354 = DEFINITIONAL_REPRESENTATION('',(#355),#359);
#355 = LINE('',#356,#357);
#356 = CARTESIAN_POINT('',(8.51,0.));
#357 = VECTOR('',#358,1.);
#358 = DIRECTION('',(0.,1.));
#359 = ( GEOMETRIC_REPRESENTATION_CONTEXT(2) 
PARAMETRIC_REPRESENTATION_CONTEXT() REPRESENTATION_CONTEXT('2D SPACE',''
  ) );
#360 = FACE_BOUND('',#361,.T.);
#361 = EDGE_LOOP('',(#362,#392,#420,#448));
#362 = ORIENTED_EDGE('',*,*,#363,.F.);
#363 = EDGE_CURVE('',#364,#366,#368,.T.);
#364 = VERTEX_POINT('',#365);
#365 = CARTESIAN_POINT('',(-0.45,-23.31,8.64));
#366 = VERTEX_POINT('',#367);
#367 = CARTESIAN_POINT('',(0.45,-23.31,8.64));
#368 = SURFACE_CURVE('',#369,(#373,#380),.PCURVE_S1.);
#369 = LINE('',#370,#371);
#370 = CARTESIAN_POINT('',(-0.45,-23.31,8.64));
#371 = VECTOR('',#372,1.);
#372 = DIRECTION('',(1.,0.,0.));
#373 = PCURVE('',#224,#374);
#374 = DEFINITIONAL_REPRESENTATION('',(#375),#379);
#375 = LINE('',#376,#377);
#376 = CARTESIAN_POINT('',(0.755,1.075));
#377 = VECTOR('',#378,1.);
#378 = DIRECTION('',(1.,0.));
#379 = ( GEOMETRIC_REPRESENTATION_CONTEXT(2) 
PARAMETRIC_REPRESENTATION_CONTEXT() REPRESENTATION_CONTEXT('2D SPACE',''
  ) );
#380 = PCURVE('',#381,#386);
#381 = PLANE('',#382);
#382 = AXIS2_PLACEMENT_3D('',#383,#384,#385);
#383 = CARTESIAN_POINT('',(-0.45,-23.31,2.29));
#384 = DIRECTION('',(0.,1.,0.));
#385 = DIRECTION('',(1.,0.,0.));
#386 = DEFINITIONAL_REPRESENTATION('',(#387),#391);
#387 = LINE('',#388,#389);
#388 = CARTESIAN_POINT('',(0.,-6.35));
#389 = VECTOR('',#390,1.);
#390 = DIRECTION('',(1.,0.));
#391 = ( GEOMETRIC_REPRESENTATION_CONTEXT(2) 
PARAMETRIC_REPRESENTATION_CONTEXT() REPRESENTATION_CONTEXT('2D SPACE',''
  ) );
#392 = ORIENTED_EDGE('',*,*,#393,.F.);
#393 = EDGE_CURVE('',#394,#364,#396,.T.);
#394 = VERTEX_POINT('',#395);
#395 = CARTESIAN_POINT('',(-0.45,-22.41,8.64));
#396 = SURFACE_CURVE('',#397,(#401,#408),.PCURVE_S1.);
#397 = LINE('',#398,#399);
#398 = CARTESIAN_POINT('',(-0.45,-22.41,8.64));
#399 = VECTOR('',#400,1.);
#400 = DIRECTION('',(0.,-1.,0.));
#401 = PCURVE('',#224,#402);
#402 = DEFINITIONAL_REPRESENTATION('',(#403),#407);
#403 = LINE('',#404,#405);
#404 = CARTESIAN_POINT('',(0.755,1.975));
#405 = VECTOR('',#406,1.);
#406 = DIRECTION('',(0.,-1.));
#407 = ( GEOMETRIC_REPRESENTATION_CONTEXT(2) 
PARAMETRIC_REPRESENTATION_CONTEXT() REPRESENTATION_CONTEXT('2D SPACE',''
  ) );
#408 = PCURVE('',#409,#414);
#409 = PLANE('',#410);
#410 = AXIS2_PLACEMENT_3D('',#411,#412,#413);
#411 = CARTESIAN_POINT('',(-0.45,-22.41,2.29));
#412 = DIRECTION('',(1.,0.,-0.));
#413 = DIRECTION('',(0.,-1.,0.));
#414 = DEFINITIONAL_REPRESENTATION('',(#415),#419);
#415 = LINE('',#416,#417);
#416 = CARTESIAN_POINT('',(0.,-6.35));
#417 = VECTOR('',#418,1.);
#418 = DIRECTION('',(1.,0.));
#419 = ( GEOMETRIC_REPRESENTATION_CONTEXT(2) 
PARAMETRIC_REPRESENTATION_CONTEXT() REPRESENTATION_CONTEXT('2D SPACE',''
  ) );
#420 = ORIENTED_EDGE('',*,*,#421,.F.);
#421 = EDGE_CURVE('',#422,#394,#424,.T.);
#422 = VERTEX_POINT('',#423);
#423 = CARTESIAN_POINT('',(0.45,-22.41,8.64));
#424 = SURFACE_CURVE('',#425,(#429,#436),.PCURVE_S1.);
#425 = LINE('',#426,#427);
#426 = CARTESIAN_POINT('',(0.45,-22.41,8.64));
#427 = VECTOR('',#428,1.);
#428 = DIRECTION('',(-1.,0.,0.));
#429 = PCURVE('',#224,#430);
#430 = DEFINITIONAL_REPRESENTATION('',(#431),#435);
#431 = LINE('',#432,#433);
#432 = CARTESIAN_POINT('',(1.655,1.975));
#433 = VECTOR('',#434,1.);
#434 = DIRECTION('',(-1.,0.));
#435 = ( GEOMETRIC_REPRESENTATION_CONTEXT(2) 
PARAMETRIC_REPRESENTATION_CONTEXT() REPRESENTATION_CONTEXT('2D SPACE',''
  ) );
#436 = PCURVE('',#437,#442);
#437 = PLANE('',#438);
#438 = AXIS2_PLACEMENT_3D('',#439,#440,#441);
#439 = CARTESIAN_POINT('',(0.45,-22.41,2.29));
#440 = DIRECTION('',(0.,-1.,0.));
#441 = DIRECTION('',(-1.,0.,0.));
#442 = DEFINITIONAL_REPRESENTATION('',(#443),#447);
#443 = LINE('',#444,#445);
#444 = CARTESIAN_POINT('',(0.,-6.35));
#445 = VECTOR('',#446,1.);
#446 = DIRECTION('',(1.,0.));
#447 = ( GEOMETRIC_REPRESENTATION_CONTEXT(2) 
PARAMETRIC_REPRESENTATION_CONTEXT() REPRESENTATION_CONTEXT('2D SPACE',''
  ) );
#448 = ORIENTED_EDGE('',*,*,#449,.F.);
#449 = EDGE_CURVE('',#366,#422,#450,.T.);
#450 = SURFACE_CURVE('',#451,(#455,#462),.PCURVE_S1.);
#451 = LINE('',#452,#453);
#452 = CARTESIAN_POINT('',(0.45,-23.31,8.64));
#453 = VECTOR('',#454,1.);
#454 = DIRECTION('',(0.,1.,0.));
#455 = PCURVE('',#224,#456);
#456 = DEFINITIONAL_REPRESENTATION('',(#457),#461);
#457 = LINE('',#458,#459);
#458 = CARTESIAN_POINT('',(1.655,1.075));
#459 = VECTOR('',#460,1.);
#460 = DIRECTION('',(0.,1.));
#461 = ( GEOMETRIC_REPRESENTATION_CONTEXT(2) 
PARAMETRIC_REPRESENTATION_CONTEXT() REPRESENTATION_CONTEXT('2D SPACE',''
  ) );
#462 = PCURVE('',#463,#468);
#463 = PLANE('',#464);
#464 = AXIS2_PLACEMENT_3D('',#465,#466,#467);
#465 = CARTESIAN_POINT('',(0.45,-23.31,2.29));
#466 = DIRECTION('',(-1.,0.,0.));
#467 = DIRECTION('',(0.,1.,0.));
#468 = DEFINITIONAL_REPRESENTATION('',(#469),#473);
#469 = LINE('',#470,#471);
#470 = CARTESIAN_POINT('',(0.,-6.35));
#471 = VECTOR('',#472,1.);
#472 = DIRECTION('',(1.,0.));
#473 = ( GEOMETRIC_REPRESENTATION_CONTEXT(2) 
PARAMETRIC_REPRESENTATION_CONTEXT() REPRESENTATION_CONTEXT('2D SPACE',''
  ) );
#474 = FACE_BOUND('',#475,.T.);
#475 = EDGE_LOOP('',(#476,#506,#534,#562));
#476 = ORIENTED_EDGE('',*,*,#477,.F.);
#477 = EDGE_CURVE('',#478,#480,#482,.T.);
#478 = VERTEX_POINT('',#479);
#479 = CARTESIAN_POINT('',(-0.45,-20.77,8.64));
#480 = VERTEX_POINT('',#481);
#481 = CARTESIAN_POINT('',(0.45,-20.77,8.64));
#482 = SURFACE_CURVE('',#483,(#487,#494),.PCURVE_S1.);
#483 = LINE('',#484,#485);
#484 = CARTESIAN_POINT('',(-0.45,-20.77,8.64));
#485 = VECTOR('',#486,1.);
#486 = DIRECTION('',(1.,0.,0.));
#487 = PCURVE('',#224,#488);
#488 = DEFINITIONAL_REPRESENTATION('',(#489),#493);
#489 = LINE('',#490,#491);
#490 = CARTESIAN_POINT('',(0.755,3.615));
#491 = VECTOR('',#492,1.);
#492 = DIRECTION('',(1.,0.));
#493 = ( GEOMETRIC_REPRESENTATION_CONTEXT(2) 
PARAMETRIC_REPRESENTATION_CONTEXT() REPRESENTATION_CONTEXT('2D SPACE',''
  ) );
#494 = PCURVE('',#495,#500);
#495 = PLANE('',#496);
#496 = AXIS2_PLACEMENT_3D('',#497,#498,#499);
#497 = CARTESIAN_POINT('',(-0.45,-20.77,2.29));
#498 = DIRECTION('',(0.,1.,0.));
#499 = DIRECTION('',(1.,0.,0.));
#500 = DEFINITIONAL_REPRESENTATION('',(#501),#505);
#501 = LINE('',#502,#503);
#502 = CARTESIAN_POINT('',(0.,-6.35));
#503 = VECTOR('',#504,1.);
#504 = DIRECTION('',(1.,0.));
#505 = ( GEOMETRIC_REPRESENTATION_CONTEXT(2) 
PARAMETRIC_REPRESENTATION_CONTEXT() REPRESENTATION_CONTEXT('2D SPACE',''
  ) );
#506 = ORIENTED_EDGE('',*,*,#507,.F.);
#507 = EDGE_CURVE('',#508,#478,#510,.T.);
#508 = VERTEX_POINT('',#509);
#509 = CARTESIAN_POINT('',(-0.45,-19.87,8.64));
#510 = SURFACE_CURVE('',#511,(#515,#522),.PCURVE_S1.);
#511 = LINE('',#512,#513);
#512 = CARTESIAN_POINT('',(-0.45,-19.87,8.64));
#513 = VECTOR('',#514,1.);
#514 = DIRECTION('',(0.,-1.,0.));
#515 = PCURVE('',#224,#516);
#516 = DEFINITIONAL_REPRESENTATION('',(#517),#521);
#517 = LINE('',#518,#519);
#518 = CARTESIAN_POINT('',(0.755,4.515));
#519 = VECTOR('',#520,1.);
#520 = DIRECTION('',(0.,-1.));
#521 = ( GEOMETRIC_REPRESENTATION_CONTEXT(2) 
PARAMETRIC_REPRESENTATION_CONTEXT() REPRESENTATION_CONTEXT('2D SPACE',''
  ) );
#522 = PCURVE('',#523,#528);
#523 = PLANE('',#524);
#524 = AXIS2_PLACEMENT_3D('',#525,#526,#527);
#525 = CARTESIAN_POINT('',(-0.45,-19.87,2.29));
#526 = DIRECTION('',(1.,0.,-0.));
#527 = DIRECTION('',(0.,-1.,0.));
#528 = DEFINITIONAL_REPRESENTATION('',(#529),#533);
#529 = LINE('',#530,#531);
#530 = CARTESIAN_POINT('',(0.,-6.35));
#531 = VECTOR('',#532,1.);
#532 = DIRECTION('',(1.,0.));
#533 = ( GEOMETRIC_REPRESENTATION_CONTEXT(2) 
PARAMETRIC_REPRESENTATION_CONTEXT() REPRESENTATION_CONTEXT('2D SPACE',''
  ) );
#534 = ORIENTED_EDGE('',*,*,#535,.F.);
#535 = EDGE_CURVE('',#536,#508,#538,.T.);
#536 = VERTEX_POINT('',#537);
#537 = CARTESIAN_POINT('',(0.45,-19.87,8.64));
#538 = SURFACE_CURVE('',#539,(#543,#550),.PCURVE_S1.);
#539 = LINE('',#540,#541);
#540 = CARTESIAN_POINT('',(0.45,-19.87,8.64));
#541 = VECTOR('',#542,1.);
#542 = DIRECTION('',(-1.,0.,0.));
#543 = PCURVE('',#224,#544);
#544 = DEFINITIONAL_REPRESENTATION('',(#545),#549);
#545 = LINE('',#546,#547);
#546 = CARTESIAN_POINT('',(1.655,4.515));
#547 = VECTOR('',#548,1.);
#548 = DIRECTION('',(-1.,0.));
#549 = ( GEOMETRIC_REPRESENTATION_CONTEXT(2) 
PARAMETRIC_REPRESENTATION_CONTEXT() REPRESENTATION_CONTEXT('2D SPACE',''
  ) );
#550 = PCURVE('',#551,#556);
#551 = PLANE('',#552);
#552 = AXIS2_PLACEMENT_3D('',#553,#554,#555);
#553 = CARTESIAN_POINT('',(0.45,-19.87,2.29));
#554 = DIRECTION('',(0.,-1.,0.));
#555 = DIRECTION('',(-1.,0.,0.));
#556 = DEFINITIONAL_REPRESENTATION('',(#557),#561);
#557 = LINE('',#558,#559);
#558 = CARTESIAN_POINT('',(0.,-6.35));
#559 = VECTOR('',#560,1.);
#560 = DIRECTION('',(1.,0.));
#561 = ( GEOMETRIC_REPRESENTATION_CONTEXT(2) 
PARAMETRIC_REPRESENTATION_CONTEXT() REPRESENTATION_CONTEXT('2D SPACE',''
  ) );
#562 = ORIENTED_EDGE('',*,*,#563,.F.);
#563 = EDGE_CURVE('',#480,#536,#564,.T.);
#564 = SURFACE_CURVE('',#565,(#569,#576),.PCURVE_S1.);
#565 = LINE('',#566,#567);
#566 = CARTESIAN_POINT('',(0.45,-20.77,8.64));
#567 = VECTOR('',#568,1.);
#568 = DIRECTION('',(0.,1.,0.));
#569 = PCURVE('',#224,#570);
#570 = DEFINITIONAL_REPRESENTATION('',(#571),#575);
#571 = LINE('',#572,#573);
#572 = CARTESIAN_POINT('',(1.655,3.615));
#573 = VECTOR('',#574,1.);
#574 = DIRECTION('',(0.,1.));
#575 = ( GEOMETRIC_REPRESENTATION_CONTEXT(2) 
PARAMETRIC_REPRESENTATION_CONTEXT() REPRESENTATION_CONTEXT('2D SPACE',''
  ) );
#576 = PCURVE('',#577,#582);
#577 = PLANE('',#578);
#578 = AXIS2_PLACEMENT_3D('',#579,#580,#581);
#579 = CARTESIAN_POINT('',(0.45,-20.77,2.29));
#580 = DIRECTION('',(-1.,0.,0.));
#581 = DIRECTION('',(0.,1.,0.));
#582 = DEFINITIONAL_REPRESENTATION('',(#583),#587);
#583 = LINE('',#584,#585);
#584 = CARTESIAN_POINT('',(0.,-6.35));
#585 = VECTOR('',#586,1.);
#586 = DIRECTION('',(1.,0.));
#587 = ( GEOMETRIC_REPRESENTATION_CONTEXT(2) 
PARAMETRIC_REPRESENTATION_CONTEXT() REPRESENTATION_CONTEXT('2D SPACE',''
  ) );
#588 = FACE_BOUND('',#589,.T.);
#589 = EDGE_LOOP('',(#590,#620,#648,#676));
#590 = ORIENTED_EDGE('',*,*,#591,.F.);
#591 = EDGE_CURVE('',#592,#594,#596,.T.);
#592 = VERTEX_POINT('',#593);
#593 = CARTESIAN_POINT('',(-0.45,-18.23,8.64));
#594 = VERTEX_POINT('',#595);
#595 = CARTESIAN_POINT('',(0.45,-18.23,8.64));
#596 = SURFACE_CURVE('',#597,(#601,#608),.PCURVE_S1.);
#597 = LINE('',#598,#599);
#598 = CARTESIAN_POINT('',(-0.45,-18.23,8.64));
#599 = VECTOR('',#600,1.);
#600 = DIRECTION('',(1.,0.,0.));
#601 = PCURVE('',#224,#602);
#602 = DEFINITIONAL_REPRESENTATION('',(#603),#607);
#603 = LINE('',#604,#605);
#604 = CARTESIAN_POINT('',(0.755,6.155));
#605 = VECTOR('',#606,1.);
#606 = DIRECTION('',(1.,0.));
#607 = ( GEOMETRIC_REPRESENTATION_CONTEXT(2) 
PARAMETRIC_REPRESENTATION_CONTEXT() REPRESENTATION_CONTEXT('2D SPACE',''
  ) );
#608 = PCURVE('',#609,#614);
#609 = PLANE('',#610);
#610 = AXIS2_PLACEMENT_3D('',#611,#612,#613);
#611 = CARTESIAN_POINT('',(-0.45,-18.23,2.29));
#612 = DIRECTION('',(0.,1.,0.));
#613 = DIRECTION('',(1.,0.,0.));
#614 = DEFINITIONAL_REPRESENTATION('',(#615),#619);
#615 = LINE('',#616,#617);
#616 = CARTESIAN_POINT('',(0.,-6.35));
#617 = VECTOR('',#618,1.);
#618 = DIRECTION('',(1.,0.));
#619 = ( GEOMETRIC_REPRESENTATION_CONTEXT(2) 
PARAMETRIC_REPRESENTATION_CONTEXT() REPRESENTATION_CONTEXT('2D SPACE',''
  ) );
#620 = ORIENTED_EDGE('',*,*,#621,.F.);
#621 = EDGE_CURVE('',#622,#592,#624,.T.);
#622 = VERTEX_POINT('',#623);
#623 = CARTESIAN_POINT('',(-0.45,-17.33,8.64));
#624 = SURFACE_CURVE('',#625,(#629,#636),.PCURVE_S1.);
#625 = LINE('',#626,#627);
#626 = CARTESIAN_POINT('',(-0.45,-17.33,8.64));
#627 = VECTOR('',#628,1.);
#628 = DIRECTION('',(0.,-1.,0.));
#629 = PCURVE('',#224,#630);
#630 = DEFINITIONAL_REPRESENTATION('',(#631),#635);
#631 = LINE('',#632,#633);
#632 = CARTESIAN_POINT('',(0.755,7.055));
#633 = VECTOR('',#634,1.);
#634 = DIRECTION('',(0.,-1.));
#635 = ( GEOMETRIC_REPRESENTATION_CONTEXT(2) 
PARAMETRIC_REPRESENTATION_CONTEXT() REPRESENTATION_CONTEXT('2D SPACE',''
  ) );
#636 = PCURVE('',#637,#642);
#637 = PLANE('',#638);
#638 = AXIS2_PLACEMENT_3D('',#639,#640,#641);
#639 = CARTESIAN_POINT('',(-0.45,-17.33,2.29));
#640 = DIRECTION('',(1.,0.,-0.));
#641 = DIRECTION('',(0.,-1.,0.));
#642 = DEFINITIONAL_REPRESENTATION('',(#643),#647);
#643 = LINE('',#644,#645);
#644 = CARTESIAN_POINT('',(0.,-6.35));
#645 = VECTOR('',#646,1.);
#646 = DIRECTION('',(1.,0.));
#647 = ( GEOMETRIC_REPRESENTATION_CONTEXT(2) 
PARAMETRIC_REPRESENTATION_CONTEXT() REPRESENTATION_CONTEXT('2D SPACE',''
  ) );
#648 = ORIENTED_EDGE('',*,*,#649,.F.);
#649 = EDGE_CURVE('',#650,#622,#652,.T.);
#650 = VERTEX_POINT('',#651);
#651 = CARTESIAN_POINT('',(0.45,-17.33,8.64));
#652 = SURFACE_CURVE('',#653,(#657,#664),.PCURVE_S1.);
#653 = LINE('',#654,#655);
#654 = CARTESIAN_POINT('',(0.45,-17.33,8.64));
#655 = VECTOR('',#656,1.);
#656 = DIRECTION('',(-1.,0.,0.));
#657 = PCURVE('',#224,#658);
#658 = DEFINITIONAL_REPRESENTATION('',(#659),#663);
#659 = LINE('',#660,#661);
#660 = CARTESIAN_POINT('',(1.655,7.055));
#661 = VECTOR('',#662,1.);
#662 = DIRECTION('',(-1.,0.));
#663 = ( GEOMETRIC_REPRESENTATION_CONTEXT(2) 
PARAMETRIC_REPRESENTATION_CONTEXT() REPRESENTATION_CONTEXT('2D SPACE',''
  ) );
#664 = PCURVE('',#665,#670);
#665 = PLANE('',#666);
#666 = AXIS2_PLACEMENT_3D('',#667,#668,#669);
#667 = CARTESIAN_POINT('',(0.45,-17.33,2.29));
#668 = DIRECTION('',(0.,-1.,0.));
#669 = DIRECTION('',(-1.,0.,0.));
#670 = DEFINITIONAL_REPRESENTATION('',(#671),#675);
#671 = LINE('',#672,#673);
#672 = CARTESIAN_POINT('',(0.,-6.35));
#673 = VECTOR('',#674,1.);
#674 = DIRECTION('',(1.,0.));
#675 = ( GEOMETRIC_REPRESENTATION_CONTEXT(2) 
PARAMETRIC_REPRESENTATION_CONTEXT() REPRESENTATION_CONTEXT('2D SPACE',''
  ) );
#676 = ORIENTED_EDGE('',*,*,#677,.F.);
#677 = EDGE_CURVE('',#594,#650,#678,.T.);
#678 = SURFACE_CURVE('',#679,(#683,#690),.PCURVE_S1.);
#679 = LINE('',#680,#681);
#680 = CARTESIAN_POINT('',(0.45,-18.23,8.64));
#681 = VECTOR('',#682,1.);
#682 = DIRECTION('',(0.,1.,0.));
#683 = PCURVE('',#224,#684);
#684 = DEFINITIONAL_REPRESENTATION('',(#685),#689);
#685 = LINE('',#686,#687);
#686 = CARTESIAN_POINT('',(1.655,6.155));
#687 = VECTOR('',#688,1.);
#688 = DIRECTION('',(0.,1.));
#689 = ( GEOMETRIC_REPRESENTATION_CONTEXT(2) 
PARAMETRIC_REPRESENTATION_CONTEXT() REPRESENTATION_CONTEXT('2D SPACE',''
  ) );
#690 = PCURVE('',#691,#696);
#691 = PLANE('',#692);
#692 = AXIS2_PLACEMENT_3D('',#693,#694,#695);
#693 = CARTESIAN_POINT('',(0.45,-18.23,2.29));
#694 = DIRECTION('',(-1.,0.,0.));
#695 = DIRECTION('',(0.,1.,0.));
#696 = DEFINITIONAL_REPRESENTATION('',(#697),#701);
#697 = LINE('',#698,#699);
#698 = CARTESIAN_POINT('',(0.,-6.35));
#699 = VECTOR('',#700,1.);
#700 = DIRECTION('',(1.,0.));
#701 = ( GEOMETRIC_REPRESENTATION_CONTEXT(2) 
PARAMETRIC_REPRESENTATION_CONTEXT() REPRESENTATION_CONTEXT('2D SPACE',''
  ) );
#702 = FACE_BOUND('',#703,.T.);
#703 = EDGE_LOOP('',(#704,#734,#762,#790));
#704 = ORIENTED_EDGE('',*,*,#705,.F.);
#705 = EDGE_CURVE('',#706,#708,#710,.T.);
#706 = VERTEX_POINT('',#707);
#707 = CARTESIAN_POINT('',(-0.45,-15.69,8.64));
#708 = VERTEX_POINT('',#709);
#709 = CARTESIAN_POINT('',(0.45,-15.69,8.64));
#710 = SURFACE_CURVE('',#711,(#715,#722),.PCURVE_S1.);
#711 = LINE('',#712,#713);
#712 = CARTESIAN_POINT('',(-0.45,-15.69,8.64));
#713 = VECTOR('',#714,1.);
#714 = DIRECTION('',(1.,0.,0.));
#715 = PCURVE('',#224,#716);
#716 = DEFINITIONAL_REPRESENTATION('',(#717),#721);
#717 = LINE('',#718,#719);
#718 = CARTESIAN_POINT('',(0.755,8.695));
#719 = VECTOR('',#720,1.);
#720 = DIRECTION('',(1.,0.));
#721 = ( GEOMETRIC_REPRESENTATION_CONTEXT(2) 
PARAMETRIC_REPRESENTATION_CONTEXT() REPRESENTATION_CONTEXT('2D SPACE',''
  ) );
#722 = PCURVE('',#723,#728);
#723 = PLANE('',#724);
#724 = AXIS2_PLACEMENT_3D('',#725,#726,#727);
#725 = CARTESIAN_POINT('',(-0.45,-15.69,2.29));
#726 = DIRECTION('',(0.,1.,0.));
#727 = DIRECTION('',(1.,0.,0.));
#728 = DEFINITIONAL_REPRESENTATION('',(#729),#733);
#729 = LINE('',#730,#731);
#730 = CARTESIAN_POINT('',(0.,-6.35));
#731 = VECTOR('',#732,1.);
#732 = DIRECTION('',(1.,0.));
#733 = ( GEOMETRIC_REPRESENTATION_CONTEXT(2) 
PARAMETRIC_REPRESENTATION_CONTEXT() REPRESENTATION_CONTEXT('2D SPACE',''
  ) );
#734 = ORIENTED_EDGE('',*,*,#735,.F.);
#735 = EDGE_CURVE('',#736,#706,#738,.T.);
#736 = VERTEX_POINT('',#737);
#737 = CARTESIAN_POINT('',(-0.45,-14.79,8.64));
#738 = SURFACE_CURVE('',#739,(#743,#750),.PCURVE_S1.);
#739 = LINE('',#740,#741);
#740 = CARTESIAN_POINT('',(-0.45,-14.79,8.64));
#741 = VECTOR('',#742,1.);
#742 = DIRECTION('',(0.,-1.,0.));
#743 = PCURVE('',#224,#744);
#744 = DEFINITIONAL_REPRESENTATION('',(#745),#749);
#745 = LINE('',#746,#747);
#746 = CARTESIAN_POINT('',(0.755,9.595));
#747 = VECTOR('',#748,1.);
#748 = DIRECTION('',(0.,-1.));
#749 = ( GEOMETRIC_REPRESENTATION_CONTEXT(2) 
PARAMETRIC_REPRESENTATION_CONTEXT() REPRESENTATION_CONTEXT('2D SPACE',''
  ) );
#750 = PCURVE('',#751,#756);
#751 = PLANE('',#752);
#752 = AXIS2_PLACEMENT_3D('',#753,#754,#755);
#753 = CARTESIAN_POINT('',(-0.45,-14.79,2.29));
#754 = DIRECTION('',(1.,0.,-0.));
#755 = DIRECTION('',(0.,-1.,0.));
#756 = DEFINITIONAL_REPRESENTATION('',(#757),#761);
#757 = LINE('',#758,#759);
#758 = CARTESIAN_POINT('',(0.,-6.35));
#759 = VECTOR('',#760,1.);
#760 = DIRECTION('',(1.,0.));
#761 = ( GEOMETRIC_REPRESENTATION_CONTEXT(2) 
PARAMETRIC_REPRESENTATION_CONTEXT() REPRESENTATION_CONTEXT('2D SPACE',''
  ) );
#762 = ORIENTED_EDGE('',*,*,#763,.F.);
#763 = EDGE_CURVE('',#764,#736,#766,.T.);
#764 = VERTEX_POINT('',#765);
#765 = CARTESIAN_POINT('',(0.45,-14.79,8.64));
#766 = SURFACE_CURVE('',#767,(#771,#778),.PCURVE_S1.);
#767 = LINE('',#768,#769);
#768 = CARTESIAN_POINT('',(0.45,-14.79,8.64));
#769 = VECTOR('',#770,1.);
#770 = DIRECTION('',(-1.,0.,0.));
#771 = PCURVE('',#224,#772);
#772 = DEFINITIONAL_REPRESENTATION('',(#773),#777);
#773 = LINE('',#774,#775);
#774 = CARTESIAN_POINT('',(1.655,9.595));
#775 = VECTOR('',#776,1.);
#776 = DIRECTION('',(-1.,0.));
#777 = ( GEOMETRIC_REPRESENTATION_CONTEXT(2) 
PARAMETRIC_REPRESENTATION_CONTEXT() REPRESENTATION_CONTEXT('2D SPACE',''
  ) );
#778 = PCURVE('',#779,#784);
#779 = PLANE('',#780);
#780 = AXIS2_PLACEMENT_3D('',#781,#782,#783);
#781 = CARTESIAN_POINT('',(0.45,-14.79,2.29));
#782 = DIRECTION('',(0.,-1.,0.));
#783 = DIRECTION('',(-1.,0.,0.));
#784 = DEFINITIONAL_REPRESENTATION('',(#785),#789);
#785 = LINE('',#786,#787);
#786 = CARTESIAN_POINT('',(0.,-6.35));
#787 = VECTOR('',#788,1.);
#788 = DIRECTION('',(1.,0.));
#789 = ( GEOMETRIC_REPRESENTATION_CONTEXT(2) 
PARAMETRIC_REPRESENTATION_CONTEXT() REPRESENTATION_CONTEXT('2D SPACE',''
  ) );
#790 = ORIENTED_EDGE('',*,*,#791,.F.);
#791 = EDGE_CURVE('',#708,#764,#792,.T.);
#792 = SURFACE_CURVE('',#793,(#797,#804),.PCURVE_S1.);
#793 = LINE('',#794,#795);
#794 = CARTESIAN_POINT('',(0.45,-15.69,8.64));
#795 = VECTOR('',#796,1.);
#796 = DIRECTION('',(0.,1.,0.));
#797 = PCURVE('',#224,#798);
#798 = DEFINITIONAL_REPRESENTATION('',(#799),#803);
#799 = LINE('',#800,#801);
#800 = CARTESIAN_POINT('',(1.655,8.695));
#801 = VECTOR('',#802,1.);
#802 = DIRECTION('',(0.,1.));
#803 = ( GEOMETRIC_REPRESENTATION_CONTEXT(2) 
PARAMETRIC_REPRESENTATION_CONTEXT() REPRESENTATION_CONTEXT('2D SPACE',''
  ) );
#804 = PCURVE('',#805,#810);
#805 = PLANE('',#806);
#806 = AXIS2_PLACEMENT_3D('',#807,#808,#809);
#807 = CARTESIAN_POINT('',(0.45,-15.69,2.29));
#808 = DIRECTION('',(-1.,0.,0.));
#809 = DIRECTION('',(0.,1.,0.));
#810 = DEFINITIONAL_REPRESENTATION('',(#811),#815);
#811 = LINE('',#812,#813);
#812 = CARTESIAN_POINT('',(0.,-6.35));
#813 = VECTOR('',#814,1.);
#814 = DIRECTION('',(1.,0.));
#815 = ( GEOMETRIC_REPRESENTATION_CONTEXT(2) 
PARAMETRIC_REPRESENTATION_CONTEXT() REPRESENTATION_CONTEXT('2D SPACE',''
  ) );
#816 = FACE_BOUND('',#817,.T.);
#817 = EDGE_LOOP('',(#818,#848,#876,#904));
#818 = ORIENTED_EDGE('',*,*,#819,.F.);
#819 = EDGE_CURVE('',#820,#822,#824,.T.);
#820 = VERTEX_POINT('',#821);
#821 = CARTESIAN_POINT('',(-0.45,-13.15,8.64));
#822 = VERTEX_POINT('',#823);
#823 = CARTESIAN_POINT('',(0.45,-13.15,8.64));
#824 = SURFACE_CURVE('',#825,(#829,#836),.PCURVE_S1.);
#825 = LINE('',#826,#827);
#826 = CARTESIAN_POINT('',(-0.45,-13.15,8.64));
#827 = VECTOR('',#828,1.);
#828 = DIRECTION('',(1.,0.,0.));
#829 = PCURVE('',#224,#830);
#830 = DEFINITIONAL_REPRESENTATION('',(#831),#835);
#831 = LINE('',#832,#833);
#832 = CARTESIAN_POINT('',(0.755,11.235));
#833 = VECTOR('',#834,1.);
#834 = DIRECTION('',(1.,0.));
#835 = ( GEOMETRIC_REPRESENTATION_CONTEXT(2) 
PARAMETRIC_REPRESENTATION_CONTEXT() REPRESENTATION_CONTEXT('2D SPACE',''
  ) );
#836 = PCURVE('',#837,#842);
#837 = PLANE('',#838);
#838 = AXIS2_PLACEMENT_3D('',#839,#840,#841);
#839 = CARTESIAN_POINT('',(-0.45,-13.15,2.29));
#840 = DIRECTION('',(0.,1.,0.));
#841 = DIRECTION('',(1.,0.,0.));
#842 = DEFINITIONAL_REPRESENTATION('',(#843),#847);
#843 = LINE('',#844,#845);
#844 = CARTESIAN_POINT('',(0.,-6.35));
#845 = VECTOR('',#846,1.);
#846 = DIRECTION('',(1.,0.));
#847 = ( GEOMETRIC_REPRESENTATION_CONTEXT(2) 
PARAMETRIC_REPRESENTATION_CONTEXT() REPRESENTATION_CONTEXT('2D SPACE',''
  ) );
#848 = ORIENTED_EDGE('',*,*,#849,.F.);
#849 = EDGE_CURVE('',#850,#820,#852,.T.);
#850 = VERTEX_POINT('',#851);
#851 = CARTESIAN_POINT('',(-0.45,-12.25,8.64));
#852 = SURFACE_CURVE('',#853,(#857,#864),.PCURVE_S1.);
#853 = LINE('',#854,#855);
#854 = CARTESIAN_POINT('',(-0.45,-12.25,8.64));
#855 = VECTOR('',#856,1.);
#856 = DIRECTION('',(0.,-1.,0.));
#857 = PCURVE('',#224,#858);
#858 = DEFINITIONAL_REPRESENTATION('',(#859),#863);
#859 = LINE('',#860,#861);
#860 = CARTESIAN_POINT('',(0.755,12.135));
#861 = VECTOR('',#862,1.);
#862 = DIRECTION('',(0.,-1.));
#863 = ( GEOMETRIC_REPRESENTATION_CONTEXT(2) 
PARAMETRIC_REPRESENTATION_CONTEXT() REPRESENTATION_CONTEXT('2D SPACE',''
  ) );
#864 = PCURVE('',#865,#870);
#865 = PLANE('',#866);
#866 = AXIS2_PLACEMENT_3D('',#867,#868,#869);
#867 = CARTESIAN_POINT('',(-0.45,-12.25,2.29));
#868 = DIRECTION('',(1.,0.,-0.));
#869 = DIRECTION('',(0.,-1.,0.));
#870 = DEFINITIONAL_REPRESENTATION('',(#871),#875);
#871 = LINE('',#872,#873);
#872 = CARTESIAN_POINT('',(0.,-6.35));
#873 = VECTOR('',#874,1.);
#874 = DIRECTION('',(1.,0.));
#875 = ( GEOMETRIC_REPRESENTATION_CONTEXT(2) 
PARAMETRIC_REPRESENTATION_CONTEXT() REPRESENTATION_CONTEXT('2D SPACE',''
  ) );
#876 = ORIENTED_EDGE('',*,*,#877,.F.);
#877 = EDGE_CURVE('',#878,#850,#880,.T.);
#878 = VERTEX_POINT('',#879);
#879 = CARTESIAN_POINT('',(0.45,-12.25,8.64));
#880 = SURFACE_CURVE('',#881,(#885,#892),.PCURVE_S1.);
#881 = LINE('',#882,#883);
#882 = CARTESIAN_POINT('',(0.45,-12.25,8.64));
#883 = VECTOR('',#884,1.);
#884 = DIRECTION('',(-1.,0.,0.));
#885 = PCURVE('',#224,#886);
#886 = DEFINITIONAL_REPRESENTATION('',(#887),#891);
#887 = LINE('',#888,#889);
#888 = CARTESIAN_POINT('',(1.655,12.135));
#889 = VECTOR('',#890,1.);
#890 = DIRECTION('',(-1.,0.));
#891 = ( GEOMETRIC_REPRESENTATION_CONTEXT(2) 
PARAMETRIC_REPRESENTATION_CONTEXT() REPRESENTATION_CONTEXT('2D SPACE',''
  ) );
#892 = PCURVE('',#893,#898);
#893 = PLANE('',#894);
#894 = AXIS2_PLACEMENT_3D('',#895,#896,#897);
#895 = CARTESIAN_POINT('',(0.45,-12.25,2.29));
#896 = DIRECTION('',(0.,-1.,0.));
#897 = DIRECTION('',(-1.,0.,0.));
#898 = DEFINITIONAL_REPRESENTATION('',(#899),#903);
#899 = LINE('',#900,#901);
#900 = CARTESIAN_POINT('',(0.,-6.35));
#901 = VECTOR('',#902,1.);
#902 = DIRECTION('',(1.,0.));
#903 = ( GEOMETRIC_REPRESENTATION_CONTEXT(2) 
PARAMETRIC_REPRESENTATION_CONTEXT() REPRESENTATION_CONTEXT('2D SPACE',''
  ) );
#904 = ORIENTED_EDGE('',*,*,#905,.F.);
#905 = EDGE_CURVE('',#822,#878,#906,.T.);
#906 = SURFACE_CURVE('',#907,(#911,#918),.PCURVE_S1.);
#907 = LINE('',#908,#909);
#908 = CARTESIAN_POINT('',(0.45,-13.15,8.64));
#909 = VECTOR('',#910,1.);
#910 = DIRECTION('',(0.,1.,0.));
#911 = PCURVE('',#224,#912);
#912 = DEFINITIONAL_REPRESENTATION('',(#913),#917);
#913 = LINE('',#914,#915);
#914 = CARTESIAN_POINT('',(1.655,11.235));
#915 = VECTOR('',#916,1.);
#916 = DIRECTION('',(0.,1.));
#917 = ( GEOMETRIC_REPRESENTATION_CONTEXT(2) 
PARAMETRIC_REPRESENTATION_CONTEXT() REPRESENTATION_CONTEXT('2D SPACE',''
  ) );
#918 = PCURVE('',#919,#924);
#919 = PLANE('',#920);
#920 = AXIS2_PLACEMENT_3D('',#921,#922,#923);
#921 = CARTESIAN_POINT('',(0.45,-13.15,2.29));
#922 = DIRECTION('',(-1.,0.,0.));
#923 = DIRECTION('',(0.,1.,0.));
#924 = DEFINITIONAL_REPRESENTATION('',(#925),#929);
#925 = LINE('',#926,#927);
#926 = CARTESIAN_POINT('',(0.,-6.35));
#927 = VECTOR('',#928,1.);
#928 = DIRECTION('',(1.,0.));
#929 = ( GEOMETRIC_REPRESENTATION_CONTEXT(2) 
PARAMETRIC_REPRESENTATION_CONTEXT() REPRESENTATION_CONTEXT('2D SPACE',''
  ) );
#930 = FACE_BOUND('',#931,.T.);
#931 = EDGE_LOOP('',(#932,#962,#990,#1018));
#932 = ORIENTED_EDGE('',*,*,#933,.F.);
#933 = EDGE_CURVE('',#934,#936,#938,.T.);
#934 = VERTEX_POINT('',#935);
#935 = CARTESIAN_POINT('',(2.09,-23.31,8.64));
#936 = VERTEX_POINT('',#937);
#937 = CARTESIAN_POINT('',(2.99,-23.31,8.64));
#938 = SURFACE_CURVE('',#939,(#943,#950),.PCURVE_S1.);
#939 = LINE('',#940,#941);
#940 = CARTESIAN_POINT('',(2.09,-23.31,8.64));
#941 = VECTOR('',#942,1.);
#942 = DIRECTION('',(1.,0.,0.));
#943 = PCURVE('',#224,#944);
#944 = DEFINITIONAL_REPRESENTATION('',(#945),#949);
#945 = LINE('',#946,#947);
#946 = CARTESIAN_POINT('',(3.295,1.075));
#947 = VECTOR('',#948,1.);
#948 = DIRECTION('',(1.,0.));
#949 = ( GEOMETRIC_REPRESENTATION_CONTEXT(2) 
PARAMETRIC_REPRESENTATION_CONTEXT() REPRESENTATION_CONTEXT('2D SPACE',''
  ) );
#950 = PCURVE('',#951,#956);
#951 = PLANE('',#952);
#952 = AXIS2_PLACEMENT_3D('',#953,#954,#955);
#953 = CARTESIAN_POINT('',(2.09,-23.31,2.29));
#954 = DIRECTION('',(0.,1.,0.));
#955 = DIRECTION('',(1.,0.,0.));
#956 = DEFINITIONAL_REPRESENTATION('',(#957),#961);
#957 = LINE('',#958,#959);
#958 = CARTESIAN_POINT('',(0.,-6.35));
#959 = VECTOR('',#960,1.);
#960 = DIRECTION('',(1.,0.));
#961 = ( GEOMETRIC_REPRESENTATION_CONTEXT(2) 
PARAMETRIC_REPRESENTATION_CONTEXT() REPRESENTATION_CONTEXT('2D SPACE',''
  ) );
#962 = ORIENTED_EDGE('',*,*,#963,.F.);
#963 = EDGE_CURVE('',#964,#934,#966,.T.);
#964 = VERTEX_POINT('',#965);
#965 = CARTESIAN_POINT('',(2.09,-22.41,8.64));
#966 = SURFACE_CURVE('',#967,(#971,#978),.PCURVE_S1.);
#967 = LINE('',#968,#969);
#968 = CARTESIAN_POINT('',(2.09,-22.41,8.64));
#969 = VECTOR('',#970,1.);
#970 = DIRECTION('',(0.,-1.,0.));
#971 = PCURVE('',#224,#972);
#972 = DEFINITIONAL_REPRESENTATION('',(#973),#977);
#973 = LINE('',#974,#975);
#974 = CARTESIAN_POINT('',(3.295,1.975));
#975 = VECTOR('',#976,1.);
#976 = DIRECTION('',(0.,-1.));
#977 = ( GEOMETRIC_REPRESENTATION_CONTEXT(2) 
PARAMETRIC_REPRESENTATION_CONTEXT() REPRESENTATION_CONTEXT('2D SPACE',''
  ) );
#978 = PCURVE('',#979,#984);
#979 = PLANE('',#980);
#980 = AXIS2_PLACEMENT_3D('',#981,#982,#983);
#981 = CARTESIAN_POINT('',(2.09,-22.41,2.29));
#982 = DIRECTION('',(1.,0.,-0.));
#983 = DIRECTION('',(0.,-1.,0.));
#984 = DEFINITIONAL_REPRESENTATION('',(#985),#989);
#985 = LINE('',#986,#987);
#986 = CARTESIAN_POINT('',(0.,-6.35));
#987 = VECTOR('',#988,1.);
#988 = DIRECTION('',(1.,0.));
#989 = ( GEOMETRIC_REPRESENTATION_CONTEXT(2) 
PARAMETRIC_REPRESENTATION_CONTEXT() REPRESENTATION_CONTEXT('2D SPACE',''
  ) );
#990 = ORIENTED_EDGE('',*,*,#991,.F.);
#991 = EDGE_CURVE('',#992,#964,#994,.T.);
#992 = VERTEX_POINT('',#993);
#993 = CARTESIAN_POINT('',(2.99,-22.41,8.64));
#994 = SURFACE_CURVE('',#995,(#999,#1006),.PCURVE_S1.);
#995 = LINE('',#996,#997);
#996 = CARTESIAN_POINT('',(2.99,-22.41,8.64));
#997 = VECTOR('',#998,1.);
#998 = DIRECTION('',(-1.,0.,0.));
#999 = PCURVE('',#224,#1000);
#1000 = DEFINITIONAL_REPRESENTATION('',(#1001),#1005);
#1001 = LINE('',#1002,#1003);
#1002 = CARTESIAN_POINT('',(4.195,1.975));
#1003 = VECTOR('',#1004,1.);
#1004 = DIRECTION('',(-1.,0.));
#1005 = ( GEOMETRIC_REPRESENTATION_CONTEXT(2) 
PARAMETRIC_REPRESENTATION_CONTEXT() REPRESENTATION_CONTEXT('2D SPACE',''
  ) );
#1006 = PCURVE('',#1007,#1012);
#1007 = PLANE('',#1008);
#1008 = AXIS2_PLACEMENT_3D('',#1009,#1010,#1011);
#1009 = CARTESIAN_POINT('',(2.99,-22.41,2.29));
#1010 = DIRECTION('',(0.,-1.,0.));
#1011 = DIRECTION('',(-1.,0.,0.));
#1012 = DEFINITIONAL_REPRESENTATION('',(#1013),#1017);
#1013 = LINE('',#1014,#1015);
#1014 = CARTESIAN_POINT('',(0.,-6.35));
#1015 = VECTOR('',#1016,1.);
#1016 = DIRECTION('',(1.,0.));
#1017 = ( GEOMETRIC_REPRESENTATION_CONTEXT(2) 
PARAMETRIC_REPRESENTATION_CONTEXT() REPRESENTATION_CONTEXT('2D SPACE',''
  ) );
#1018 = ORIENTED_EDGE('',*,*,#1019,.F.);
#1019 = EDGE_CURVE('',#936,#992,#1020,.T.);
#1020 = SURFACE_CURVE('',#1021,(#1025,#1032),.PCURVE_S1.);
#1021 = LINE('',#1022,#1023);
#1022 = CARTESIAN_POINT('',(2.99,-23.31,8.64));
#1023 = VECTOR('',#1024,1.);
#1024 = DIRECTION('',(0.,1.,0.));
#1025 = PCURVE('',#224,#1026);
#1026 = DEFINITIONAL_REPRESENTATION('',(#1027),#1031);
#1027 = LINE('',#1028,#1029);
#1028 = CARTESIAN_POINT('',(4.195,1.075));
#1029 = VECTOR('',#1030,1.);
#1030 = DIRECTION('',(0.,1.));
#1031 = ( GEOMETRIC_REPRESENTATION_CONTEXT(2) 
PARAMETRIC_REPRESENTATION_CONTEXT() REPRESENTATION_CONTEXT('2D SPACE',''
  ) );
#1032 = PCURVE('',#1033,#1038);
#1033 = PLANE('',#1034);
#1034 = AXIS2_PLACEMENT_3D('',#1035,#1036,#1037);
#1035 = CARTESIAN_POINT('',(2.99,-23.31,2.29));
#1036 = DIRECTION('',(-1.,0.,0.));
#1037 = DIRECTION('',(0.,1.,0.));
#1038 = DEFINITIONAL_REPRESENTATION('',(#1039),#1043);
#1039 = LINE('',#1040,#1041);
#1040 = CARTESIAN_POINT('',(0.,-6.35));
#1041 = VECTOR('',#1042,1.);
#1042 = DIRECTION('',(1.,0.));
#1043 = ( GEOMETRIC_REPRESENTATION_CONTEXT(2) 
PARAMETRIC_REPRESENTATION_CONTEXT() REPRESENTATION_CONTEXT('2D SPACE',''
  ) );
#1044 = FACE_BOUND('',#1045,.T.);
#1045 = EDGE_LOOP('',(#1046,#1076,#1104,#1132));
#1046 = ORIENTED_EDGE('',*,*,#1047,.F.);
#1047 = EDGE_CURVE('',#1048,#1050,#1052,.T.);
#1048 = VERTEX_POINT('',#1049);
#1049 = CARTESIAN_POINT('',(2.09,-20.77,8.64));
#1050 = VERTEX_POINT('',#1051);
#1051 = CARTESIAN_POINT('',(2.99,-20.77,8.64));
#1052 = SURFACE_CURVE('',#1053,(#1057,#1064),.PCURVE_S1.);
#1053 = LINE('',#1054,#1055);
#1054 = CARTESIAN_POINT('',(2.09,-20.77,8.64));
#1055 = VECTOR('',#1056,1.);
#1056 = DIRECTION('',(1.,0.,0.));
#1057 = PCURVE('',#224,#1058);
#1058 = DEFINITIONAL_REPRESENTATION('',(#1059),#1063);
#1059 = LINE('',#1060,#1061);
#1060 = CARTESIAN_POINT('',(3.295,3.615));
#1061 = VECTOR('',#1062,1.);
#1062 = DIRECTION('',(1.,0.));
#1063 = ( GEOMETRIC_REPRESENTATION_CONTEXT(2) 
PARAMETRIC_REPRESENTATION_CONTEXT() REPRESENTATION_CONTEXT('2D SPACE',''
  ) );
#1064 = PCURVE('',#1065,#1070);
#1065 = PLANE('',#1066);
#1066 = AXIS2_PLACEMENT_3D('',#1067,#1068,#1069);
#1067 = CARTESIAN_POINT('',(2.09,-20.77,2.29));
#1068 = DIRECTION('',(0.,1.,0.));
#1069 = DIRECTION('',(1.,0.,0.));
#1070 = DEFINITIONAL_REPRESENTATION('',(#1071),#1075);
#1071 = LINE('',#1072,#1073);
#1072 = CARTESIAN_POINT('',(0.,-6.35));
#1073 = VECTOR('',#1074,1.);
#1074 = DIRECTION('',(1.,0.));
#1075 = ( GEOMETRIC_REPRESENTATION_CONTEXT(2) 
PARAMETRIC_REPRESENTATION_CONTEXT() REPRESENTATION_CONTEXT('2D SPACE',''
  ) );
#1076 = ORIENTED_EDGE('',*,*,#1077,.F.);
#1077 = EDGE_CURVE('',#1078,#1048,#1080,.T.);
#1078 = VERTEX_POINT('',#1079);
#1079 = CARTESIAN_POINT('',(2.09,-19.87,8.64));
#1080 = SURFACE_CURVE('',#1081,(#1085,#1092),.PCURVE_S1.);
#1081 = LINE('',#1082,#1083);
#1082 = CARTESIAN_POINT('',(2.09,-19.87,8.64));
#1083 = VECTOR('',#1084,1.);
#1084 = DIRECTION('',(0.,-1.,0.));
#1085 = PCURVE('',#224,#1086);
#1086 = DEFINITIONAL_REPRESENTATION('',(#1087),#1091);
#1087 = LINE('',#1088,#1089);
#1088 = CARTESIAN_POINT('',(3.295,4.515));
#1089 = VECTOR('',#1090,1.);
#1090 = DIRECTION('',(0.,-1.));
#1091 = ( GEOMETRIC_REPRESENTATION_CONTEXT(2) 
PARAMETRIC_REPRESENTATION_CONTEXT() REPRESENTATION_CONTEXT('2D SPACE',''
  ) );
#1092 = PCURVE('',#1093,#1098);
#1093 = PLANE('',#1094);
#1094 = AXIS2_PLACEMENT_3D('',#1095,#1096,#1097);
#1095 = CARTESIAN_POINT('',(2.09,-19.87,2.29));
#1096 = DIRECTION('',(1.,0.,-0.));
#1097 = DIRECTION('',(0.,-1.,0.));
#1098 = DEFINITIONAL_REPRESENTATION('',(#1099),#1103);
#1099 = LINE('',#1100,#1101);
#1100 = CARTESIAN_POINT('',(0.,-6.35));
#1101 = VECTOR('',#1102,1.);
#1102 = DIRECTION('',(1.,0.));
#1103 = ( GEOMETRIC_REPRESENTATION_CONTEXT(2) 
PARAMETRIC_REPRESENTATION_CONTEXT() REPRESENTATION_CONTEXT('2D SPACE',''
  ) );
#1104 = ORIENTED_EDGE('',*,*,#1105,.F.);
#1105 = EDGE_CURVE('',#1106,#1078,#1108,.T.);
#1106 = VERTEX_POINT('',#1107);
#1107 = CARTESIAN_POINT('',(2.99,-19.87,8.64));
#1108 = SURFACE_CURVE('',#1109,(#1113,#1120),.PCURVE_S1.);
#1109 = LINE('',#1110,#1111);
#1110 = CARTESIAN_POINT('',(2.99,-19.87,8.64));
#1111 = VECTOR('',#1112,1.);
#1112 = DIRECTION('',(-1.,0.,0.));
#1113 = PCURVE('',#224,#1114);
#1114 = DEFINITIONAL_REPRESENTATION('',(#1115),#1119);
#1115 = LINE('',#1116,#1117);
#1116 = CARTESIAN_POINT('',(4.195,4.515));
#1117 = VECTOR('',#1118,1.);
#1118 = DIRECTION('',(-1.,0.));
#1119 = ( GEOMETRIC_REPRESENTATION_CONTEXT(2) 
PARAMETRIC_REPRESENTATION_CONTEXT() REPRESENTATION_CONTEXT('2D SPACE',''
  ) );
#1120 = PCURVE('',#1121,#1126);
#1121 = PLANE('',#1122);
#1122 = AXIS2_PLACEMENT_3D('',#1123,#1124,#1125);
#1123 = CARTESIAN_POINT('',(2.99,-19.87,2.29));
#1124 = DIRECTION('',(0.,-1.,0.));
#1125 = DIRECTION('',(-1.,0.,0.));
#1126 = DEFINITIONAL_REPRESENTATION('',(#1127),#1131);
#1127 = LINE('',#1128,#1129);
#1128 = CARTESIAN_POINT('',(0.,-6.35));
#1129 = VECTOR('',#1130,1.);
#1130 = DIRECTION('',(1.,0.));
#1131 = ( GEOMETRIC_REPRESENTATION_CONTEXT(2) 
PARAMETRIC_REPRESENTATION_CONTEXT() REPRESENTATION_CONTEXT('2D SPACE',''
  ) );
#1132 = ORIENTED_EDGE('',*,*,#1133,.F.);
#1133 = EDGE_CURVE('',#1050,#1106,#1134,.T.);
#1134 = SURFACE_CURVE('',#1135,(#1139,#1146),.PCURVE_S1.);
#1135 = LINE('',#1136,#1137);
#1136 = CARTESIAN_POINT('',(2.99,-20.77,8.64));
#1137 = VECTOR('',#1138,1.);
#1138 = DIRECTION('',(0.,1.,0.));
#1139 = PCURVE('',#224,#1140);
#1140 = DEFINITIONAL_REPRESENTATION('',(#1141),#1145);
#1141 = LINE('',#1142,#1143);
#1142 = CARTESIAN_POINT('',(4.195,3.615));
#1143 = VECTOR('',#1144,1.);
#1144 = DIRECTION('',(0.,1.));
#1145 = ( GEOMETRIC_REPRESENTATION_CONTEXT(2) 
PARAMETRIC_REPRESENTATION_CONTEXT() REPRESENTATION_CONTEXT('2D SPACE',''
  ) );
#1146 = PCURVE('',#1147,#1152);
#1147 = PLANE('',#1148);
#1148 = AXIS2_PLACEMENT_3D('',#1149,#1150,#1151);
#1149 = CARTESIAN_POINT('',(2.99,-20.77,2.29));
#1150 = DIRECTION('',(-1.,0.,0.));
#1151 = DIRECTION('',(0.,1.,0.));
#1152 = DEFINITIONAL_REPRESENTATION('',(#1153),#1157);
#1153 = LINE('',#1154,#1155);
#1154 = CARTESIAN_POINT('',(0.,-6.35));
#1155 = VECTOR('',#1156,1.);
#1156 = DIRECTION('',(1.,0.));
#1157 = ( GEOMETRIC_REPRESENTATION_CONTEXT(2) 
PARAMETRIC_REPRESENTATION_CONTEXT() REPRESENTATION_CONTEXT('2D SPACE',''
  ) );
#1158 = FACE_BOUND('',#1159,.T.);
#1159 = EDGE_LOOP('',(#1160,#1190,#1218,#1246));
#1160 = ORIENTED_EDGE('',*,*,#1161,.F.);
#1161 = EDGE_CURVE('',#1162,#1164,#1166,.T.);
#1162 = VERTEX_POINT('',#1163);
#1163 = CARTESIAN_POINT('',(2.09,-18.23,8.64));
#1164 = VERTEX_POINT('',#1165);
#1165 = CARTESIAN_POINT('',(2.99,-18.23,8.64));
#1166 = SURFACE_CURVE('',#1167,(#1171,#1178),.PCURVE_S1.);
#1167 = LINE('',#1168,#1169);
#1168 = CARTESIAN_POINT('',(2.09,-18.23,8.64));
#1169 = VECTOR('',#1170,1.);
#1170 = DIRECTION('',(1.,0.,0.));
#1171 = PCURVE('',#224,#1172);
#1172 = DEFINITIONAL_REPRESENTATION('',(#1173),#1177);
#1173 = LINE('',#1174,#1175);
#1174 = CARTESIAN_POINT('',(3.295,6.155));
#1175 = VECTOR('',#1176,1.);
#1176 = DIRECTION('',(1.,0.));
#1177 = ( GEOMETRIC_REPRESENTATION_CONTEXT(2) 
PARAMETRIC_REPRESENTATION_CONTEXT() REPRESENTATION_CONTEXT('2D SPACE',''
  ) );
#1178 = PCURVE('',#1179,#1184);
#1179 = PLANE('',#1180);
#1180 = AXIS2_PLACEMENT_3D('',#1181,#1182,#1183);
#1181 = CARTESIAN_POINT('',(2.09,-18.23,2.29));
#1182 = DIRECTION('',(0.,1.,0.));
#1183 = DIRECTION('',(1.,0.,0.));
#1184 = DEFINITIONAL_REPRESENTATION('',(#1185),#1189);
#1185 = LINE('',#1186,#1187);
#1186 = CARTESIAN_POINT('',(0.,-6.35));
#1187 = VECTOR('',#1188,1.);
#1188 = DIRECTION('',(1.,0.));
#1189 = ( GEOMETRIC_REPRESENTATION_CONTEXT(2) 
PARAMETRIC_REPRESENTATION_CONTEXT() REPRESENTATION_CONTEXT('2D SPACE',''
  ) );
#1190 = ORIENTED_EDGE('',*,*,#1191,.F.);
#1191 = EDGE_CURVE('',#1192,#1162,#1194,.T.);
#1192 = VERTEX_POINT('',#1193);
#1193 = CARTESIAN_POINT('',(2.09,-17.33,8.64));
#1194 = SURFACE_CURVE('',#1195,(#1199,#1206),.PCURVE_S1.);
#1195 = LINE('',#1196,#1197);
#1196 = CARTESIAN_POINT('',(2.09,-17.33,8.64));
#1197 = VECTOR('',#1198,1.);
#1198 = DIRECTION('',(0.,-1.,0.));
#1199 = PCURVE('',#224,#1200);
#1200 = DEFINITIONAL_REPRESENTATION('',(#1201),#1205);
#1201 = LINE('',#1202,#1203);
#1202 = CARTESIAN_POINT('',(3.295,7.055));
#1203 = VECTOR('',#1204,1.);
#1204 = DIRECTION('',(0.,-1.));
#1205 = ( GEOMETRIC_REPRESENTATION_CONTEXT(2) 
PARAMETRIC_REPRESENTATION_CONTEXT() REPRESENTATION_CONTEXT('2D SPACE',''
  ) );
#1206 = PCURVE('',#1207,#1212);
#1207 = PLANE('',#1208);
#1208 = AXIS2_PLACEMENT_3D('',#1209,#1210,#1211);
#1209 = CARTESIAN_POINT('',(2.09,-17.33,2.29));
#1210 = DIRECTION('',(1.,0.,-0.));
#1211 = DIRECTION('',(0.,-1.,0.));
#1212 = DEFINITIONAL_REPRESENTATION('',(#1213),#1217);
#1213 = LINE('',#1214,#1215);
#1214 = CARTESIAN_POINT('',(0.,-6.35));
#1215 = VECTOR('',#1216,1.);
#1216 = DIRECTION('',(1.,0.));
#1217 = ( GEOMETRIC_REPRESENTATION_CONTEXT(2) 
PARAMETRIC_REPRESENTATION_CONTEXT() REPRESENTATION_CONTEXT('2D SPACE',''
  ) );
#1218 = ORIENTED_EDGE('',*,*,#1219,.F.);
#1219 = EDGE_CURVE('',#1220,#1192,#1222,.T.);
#1220 = VERTEX_POINT('',#1221);
#1221 = CARTESIAN_POINT('',(2.99,-17.33,8.64));
#1222 = SURFACE_CURVE('',#1223,(#1227,#1234),.PCURVE_S1.);
#1223 = LINE('',#1224,#1225);
#1224 = CARTESIAN_POINT('',(2.99,-17.33,8.64));
#1225 = VECTOR('',#1226,1.);
#1226 = DIRECTION('',(-1.,0.,0.));
#1227 = PCURVE('',#224,#1228);
#1228 = DEFINITIONAL_REPRESENTATION('',(#1229),#1233);
#1229 = LINE('',#1230,#1231);
#1230 = CARTESIAN_POINT('',(4.195,7.055));
#1231 = VECTOR('',#1232,1.);
#1232 = DIRECTION('',(-1.,0.));
#1233 = ( GEOMETRIC_REPRESENTATION_CONTEXT(2) 
PARAMETRIC_REPRESENTATION_CONTEXT() REPRESENTATION_CONTEXT('2D SPACE',''
  ) );
#1234 = PCURVE('',#1235,#1240);
#1235 = PLANE('',#1236);
#1236 = AXIS2_PLACEMENT_3D('',#1237,#1238,#1239);
#1237 = CARTESIAN_POINT('',(2.99,-17.33,2.29));
#1238 = DIRECTION('',(0.,-1.,0.));
#1239 = DIRECTION('',(-1.,0.,0.));
#1240 = DEFINITIONAL_REPRESENTATION('',(#1241),#1245);
#1241 = LINE('',#1242,#1243);
#1242 = CARTESIAN_POINT('',(0.,-6.35));
#1243 = VECTOR('',#1244,1.);
#1244 = DIRECTION('',(1.,0.));
#1245 = ( GEOMETRIC_REPRESENTATION_CONTEXT(2) 
PARAMETRIC_REPRESENTATION_CONTEXT() REPRESENTATION_CONTEXT('2D SPACE',''
  ) );
#1246 = ORIENTED_EDGE('',*,*,#1247,.F.);
#1247 = EDGE_CURVE('',#1164,#1220,#1248,.T.);
#1248 = SURFACE_CURVE('',#1249,(#1253,#1260),.PCURVE_S1.);
#1249 = LINE('',#1250,#1251);
#1250 = CARTESIAN_POINT('',(2.99,-18.23,8.64));
#1251 = VECTOR('',#1252,1.);
#1252 = DIRECTION('',(0.,1.,0.));
#1253 = PCURVE('',#224,#1254);
#1254 = DEFINITIONAL_REPRESENTATION('',(#1255),#1259);
#1255 = LINE('',#1256,#1257);
#1256 = CARTESIAN_POINT('',(4.195,6.155));
#1257 = VECTOR('',#1258,1.);
#1258 = DIRECTION('',(0.,1.));
#1259 = ( GEOMETRIC_REPRESENTATION_CONTEXT(2) 
PARAMETRIC_REPRESENTATION_CONTEXT() REPRESENTATION_CONTEXT('2D SPACE',''
  ) );
#1260 = PCURVE('',#1261,#1266);
#1261 = PLANE('',#1262);
#1262 = AXIS2_PLACEMENT_3D('',#1263,#1264,#1265);
#1263 = CARTESIAN_POINT('',(2.99,-18.23,2.29));
#1264 = DIRECTION('',(-1.,0.,0.));
#1265 = DIRECTION('',(0.,1.,0.));
#1266 = DEFINITIONAL_REPRESENTATION('',(#1267),#1271);
#1267 = LINE('',#1268,#1269);
#1268 = CARTESIAN_POINT('',(0.,-6.35));
#1269 = VECTOR('',#1270,1.);
#1270 = DIRECTION('',(1.,0.));
#1271 = ( GEOMETRIC_REPRESENTATION_CONTEXT(2) 
PARAMETRIC_REPRESENTATION_CONTEXT() REPRESENTATION_CONTEXT('2D SPACE',''
  ) );
#1272 = FACE_BOUND('',#1273,.T.);
#1273 = EDGE_LOOP('',(#1274,#1304,#1332,#1360));
#1274 = ORIENTED_EDGE('',*,*,#1275,.F.);
#1275 = EDGE_CURVE('',#1276,#1278,#1280,.T.);
#1276 = VERTEX_POINT('',#1277);
#1277 = CARTESIAN_POINT('',(2.09,-15.69,8.64));
#1278 = VERTEX_POINT('',#1279);
#1279 = CARTESIAN_POINT('',(2.99,-15.69,8.64));
#1280 = SURFACE_CURVE('',#1281,(#1285,#1292),.PCURVE_S1.);
#1281 = LINE('',#1282,#1283);
#1282 = CARTESIAN_POINT('',(2.09,-15.69,8.64));
#1283 = VECTOR('',#1284,1.);
#1284 = DIRECTION('',(1.,0.,0.));
#1285 = PCURVE('',#224,#1286);
#1286 = DEFINITIONAL_REPRESENTATION('',(#1287),#1291);
#1287 = LINE('',#1288,#1289);
#1288 = CARTESIAN_POINT('',(3.295,8.695));
#1289 = VECTOR('',#1290,1.);
#1290 = DIRECTION('',(1.,0.));
#1291 = ( GEOMETRIC_REPRESENTATION_CONTEXT(2) 
PARAMETRIC_REPRESENTATION_CONTEXT() REPRESENTATION_CONTEXT('2D SPACE',''
  ) );
#1292 = PCURVE('',#1293,#1298);
#1293 = PLANE('',#1294);
#1294 = AXIS2_PLACEMENT_3D('',#1295,#1296,#1297);
#1295 = CARTESIAN_POINT('',(2.09,-15.69,2.29));
#1296 = DIRECTION('',(0.,1.,0.));
#1297 = DIRECTION('',(1.,0.,0.));
#1298 = DEFINITIONAL_REPRESENTATION('',(#1299),#1303);
#1299 = LINE('',#1300,#1301);
#1300 = CARTESIAN_POINT('',(0.,-6.35));
#1301 = VECTOR('',#1302,1.);
#1302 = DIRECTION('',(1.,0.));
#1303 = ( GEOMETRIC_REPRESENTATION_CONTEXT(2) 
PARAMETRIC_REPRESENTATION_CONTEXT() REPRESENTATION_CONTEXT('2D SPACE',''
  ) );
#1304 = ORIENTED_EDGE('',*,*,#1305,.F.);
#1305 = EDGE_CURVE('',#1306,#1276,#1308,.T.);
#1306 = VERTEX_POINT('',#1307);
#1307 = CARTESIAN_POINT('',(2.09,-14.79,8.64));
#1308 = SURFACE_CURVE('',#1309,(#1313,#1320),.PCURVE_S1.);
#1309 = LINE('',#1310,#1311);
#1310 = CARTESIAN_POINT('',(2.09,-14.79,8.64));
#1311 = VECTOR('',#1312,1.);
#1312 = DIRECTION('',(0.,-1.,0.));
#1313 = PCURVE('',#224,#1314);
#1314 = DEFINITIONAL_REPRESENTATION('',(#1315),#1319);
#1315 = LINE('',#1316,#1317);
#1316 = CARTESIAN_POINT('',(3.295,9.595));
#1317 = VECTOR('',#1318,1.);
#1318 = DIRECTION('',(0.,-1.));
#1319 = ( GEOMETRIC_REPRESENTATION_CONTEXT(2) 
PARAMETRIC_REPRESENTATION_CONTEXT() REPRESENTATION_CONTEXT('2D SPACE',''
  ) );
#1320 = PCURVE('',#1321,#1326);
#1321 = PLANE('',#1322);
#1322 = AXIS2_PLACEMENT_3D('',#1323,#1324,#1325);
#1323 = CARTESIAN_POINT('',(2.09,-14.79,2.29));
#1324 = DIRECTION('',(1.,0.,-0.));
#1325 = DIRECTION('',(0.,-1.,0.));
#1326 = DEFINITIONAL_REPRESENTATION('',(#1327),#1331);
#1327 = LINE('',#1328,#1329);
#1328 = CARTESIAN_POINT('',(0.,-6.35));
#1329 = VECTOR('',#1330,1.);
#1330 = DIRECTION('',(1.,0.));
#1331 = ( GEOMETRIC_REPRESENTATION_CONTEXT(2) 
PARAMETRIC_REPRESENTATION_CONTEXT() REPRESENTATION_CONTEXT('2D SPACE',''
  ) );
#1332 = ORIENTED_EDGE('',*,*,#1333,.F.);
#1333 = EDGE_CURVE('',#1334,#1306,#1336,.T.);
#1334 = VERTEX_POINT('',#1335);
#1335 = CARTESIAN_POINT('',(2.99,-14.79,8.64));
#1336 = SURFACE_CURVE('',#1337,(#1341,#1348),.PCURVE_S1.);
#1337 = LINE('',#1338,#1339);
#1338 = CARTESIAN_POINT('',(2.99,-14.79,8.64));
#1339 = VECTOR('',#1340,1.);
#1340 = DIRECTION('',(-1.,0.,0.));
#1341 = PCURVE('',#224,#1342);
#1342 = DEFINITIONAL_REPRESENTATION('',(#1343),#1347);
#1343 = LINE('',#1344,#1345);
#1344 = CARTESIAN_POINT('',(4.195,9.595));
#1345 = VECTOR('',#1346,1.);
#1346 = DIRECTION('',(-1.,0.));
#1347 = ( GEOMETRIC_REPRESENTATION_CONTEXT(2) 
PARAMETRIC_REPRESENTATION_CONTEXT() REPRESENTATION_CONTEXT('2D SPACE',''
  ) );
#1348 = PCURVE('',#1349,#1354);
#1349 = PLANE('',#1350);
#1350 = AXIS2_PLACEMENT_3D('',#1351,#1352,#1353);
#1351 = CARTESIAN_POINT('',(2.99,-14.79,2.29));
#1352 = DIRECTION('',(0.,-1.,0.));
#1353 = DIRECTION('',(-1.,0.,0.));
#1354 = DEFINITIONAL_REPRESENTATION('',(#1355),#1359);
#1355 = LINE('',#1356,#1357);
#1356 = CARTESIAN_POINT('',(0.,-6.35));
#1357 = VECTOR('',#1358,1.);
#1358 = DIRECTION('',(1.,0.));
#1359 = ( GEOMETRIC_REPRESENTATION_CONTEXT(2) 
PARAMETRIC_REPRESENTATION_CONTEXT() REPRESENTATION_CONTEXT('2D SPACE',''
  ) );
#1360 = ORIENTED_EDGE('',*,*,#1361,.F.);
#1361 = EDGE_CURVE('',#1278,#1334,#1362,.T.);
#1362 = SURFACE_CURVE('',#1363,(#1367,#1374),.PCURVE_S1.);
#1363 = LINE('',#1364,#1365);
#1364 = CARTESIAN_POINT('',(2.99,-15.69,8.64));
#1365 = VECTOR('',#1366,1.);
#1366 = DIRECTION('',(0.,1.,0.));
#1367 = PCURVE('',#224,#1368);
#1368 = DEFINITIONAL_REPRESENTATION('',(#1369),#1373);
#1369 = LINE('',#1370,#1371);
#1370 = CARTESIAN_POINT('',(4.195,8.695));
#1371 = VECTOR('',#1372,1.);
#1372 = DIRECTION('',(0.,1.));
#1373 = ( GEOMETRIC_REPRESENTATION_CONTEXT(2) 
PARAMETRIC_REPRESENTATION_CONTEXT() REPRESENTATION_CONTEXT('2D SPACE',''
  ) );
#1374 = PCURVE('',#1375,#1380);
#1375 = PLANE('',#1376);
#1376 = AXIS2_PLACEMENT_3D('',#1377,#1378,#1379);
#1377 = CARTESIAN_POINT('',(2.99,-15.69,2.29));
#1378 = DIRECTION('',(-1.,0.,0.));
#1379 = DIRECTION('',(0.,1.,0.));
#1380 = DEFINITIONAL_REPRESENTATION('',(#1381),#1385);
#1381 = LINE('',#1382,#1383);
#1382 = CARTESIAN_POINT('',(0.,-6.35));
#1383 = VECTOR('',#1384,1.);
#1384 = DIRECTION('',(1.,0.));
#1385 = ( GEOMETRIC_REPRESENTATION_CONTEXT(2) 
PARAMETRIC_REPRESENTATION_CONTEXT() REPRESENTATION_CONTEXT('2D SPACE',''
  ) );
#1386 = FACE_BOUND('',#1387,.T.);
#1387 = EDGE_LOOP('',(#1388,#1418,#1446,#1474));
#1388 = ORIENTED_EDGE('',*,*,#1389,.F.);
#1389 = EDGE_CURVE('',#1390,#1392,#1394,.T.);
#1390 = VERTEX_POINT('',#1391);
#1391 = CARTESIAN_POINT('',(2.09,-13.15,8.64));
#1392 = VERTEX_POINT('',#1393);
#1393 = CARTESIAN_POINT('',(2.99,-13.15,8.64));
#1394 = SURFACE_CURVE('',#1395,(#1399,#1406),.PCURVE_S1.);
#1395 = LINE('',#1396,#1397);
#1396 = CARTESIAN_POINT('',(2.09,-13.15,8.64));
#1397 = VECTOR('',#1398,1.);
#1398 = DIRECTION('',(1.,0.,0.));
#1399 = PCURVE('',#224,#1400);
#1400 = DEFINITIONAL_REPRESENTATION('',(#1401),#1405);
#1401 = LINE('',#1402,#1403);
#1402 = CARTESIAN_POINT('',(3.295,11.235));
#1403 = VECTOR('',#1404,1.);
#1404 = DIRECTION('',(1.,0.));
#1405 = ( GEOMETRIC_REPRESENTATION_CONTEXT(2) 
PARAMETRIC_REPRESENTATION_CONTEXT() REPRESENTATION_CONTEXT('2D SPACE',''
  ) );
#1406 = PCURVE('',#1407,#1412);
#1407 = PLANE('',#1408);
#1408 = AXIS2_PLACEMENT_3D('',#1409,#1410,#1411);
#1409 = CARTESIAN_POINT('',(2.09,-13.15,2.29));
#1410 = DIRECTION('',(0.,1.,0.));
#1411 = DIRECTION('',(1.,0.,0.));
#1412 = DEFINITIONAL_REPRESENTATION('',(#1413),#1417);
#1413 = LINE('',#1414,#1415);
#1414 = CARTESIAN_POINT('',(0.,-6.35));
#1415 = VECTOR('',#1416,1.);
#1416 = DIRECTION('',(1.,0.));
#1417 = ( GEOMETRIC_REPRESENTATION_CONTEXT(2) 
PARAMETRIC_REPRESENTATION_CONTEXT() REPRESENTATION_CONTEXT('2D SPACE',''
  ) );
#1418 = ORIENTED_EDGE('',*,*,#1419,.F.);
#1419 = EDGE_CURVE('',#1420,#1390,#1422,.T.);
#1420 = VERTEX_POINT('',#1421);
#1421 = CARTESIAN_POINT('',(2.09,-12.25,8.64));
#1422 = SURFACE_CURVE('',#1423,(#1427,#1434),.PCURVE_S1.);
#1423 = LINE('',#1424,#1425);
#1424 = CARTESIAN_POINT('',(2.09,-12.25,8.64));
#1425 = VECTOR('',#1426,1.);
#1426 = DIRECTION('',(0.,-1.,0.));
#1427 = PCURVE('',#224,#1428);
#1428 = DEFINITIONAL_REPRESENTATION('',(#1429),#1433);
#1429 = LINE('',#1430,#1431);
#1430 = CARTESIAN_POINT('',(3.295,12.135));
#1431 = VECTOR('',#1432,1.);
#1432 = DIRECTION('',(0.,-1.));
#1433 = ( GEOMETRIC_REPRESENTATION_CONTEXT(2) 
PARAMETRIC_REPRESENTATION_CONTEXT() REPRESENTATION_CONTEXT('2D SPACE',''
  ) );
#1434 = PCURVE('',#1435,#1440);
#1435 = PLANE('',#1436);
#1436 = AXIS2_PLACEMENT_3D('',#1437,#1438,#1439);
#1437 = CARTESIAN_POINT('',(2.09,-12.25,2.29));
#1438 = DIRECTION('',(1.,0.,-0.));
#1439 = DIRECTION('',(0.,-1.,0.));
#1440 = DEFINITIONAL_REPRESENTATION('',(#1441),#1445);
#1441 = LINE('',#1442,#1443);
#1442 = CARTESIAN_POINT('',(0.,-6.35));
#1443 = VECTOR('',#1444,1.);
#1444 = DIRECTION('',(1.,0.));
#1445 = ( GEOMETRIC_REPRESENTATION_CONTEXT(2) 
PARAMETRIC_REPRESENTATION_CONTEXT() REPRESENTATION_CONTEXT('2D SPACE',''
  ) );
#1446 = ORIENTED_EDGE('',*,*,#1447,.F.);
#1447 = EDGE_CURVE('',#1448,#1420,#1450,.T.);
#1448 = VERTEX_POINT('',#1449);
#1449 = CARTESIAN_POINT('',(2.99,-12.25,8.64));
#1450 = SURFACE_CURVE('',#1451,(#1455,#1462),.PCURVE_S1.);
#1451 = LINE('',#1452,#1453);
#1452 = CARTESIAN_POINT('',(2.99,-12.25,8.64));
#1453 = VECTOR('',#1454,1.);
#1454 = DIRECTION('',(-1.,0.,0.));
#1455 = PCURVE('',#224,#1456);
#1456 = DEFINITIONAL_REPRESENTATION('',(#1457),#1461);
#1457 = LINE('',#1458,#1459);
#1458 = CARTESIAN_POINT('',(4.195,12.135));
#1459 = VECTOR('',#1460,1.);
#1460 = DIRECTION('',(-1.,0.));
#1461 = ( GEOMETRIC_REPRESENTATION_CONTEXT(2) 
PARAMETRIC_REPRESENTATION_CONTEXT() REPRESENTATION_CONTEXT('2D SPACE',''
  ) );
#1462 = PCURVE('',#1463,#1468);
#1463 = PLANE('',#1464);
#1464 = AXIS2_PLACEMENT_3D('',#1465,#1466,#1467);
#1465 = CARTESIAN_POINT('',(2.99,-12.25,2.29));
#1466 = DIRECTION('',(0.,-1.,0.));
#1467 = DIRECTION('',(-1.,0.,0.));
#1468 = DEFINITIONAL_REPRESENTATION('',(#1469),#1473);
#1469 = LINE('',#1470,#1471);
#1470 = CARTESIAN_POINT('',(0.,-6.35));
#1471 = VECTOR('',#1472,1.);
#1472 = DIRECTION('',(1.,0.));
#1473 = ( GEOMETRIC_REPRESENTATION_CONTEXT(2) 
PARAMETRIC_REPRESENTATION_CONTEXT() REPRESENTATION_CONTEXT('2D SPACE',''
  ) );
#1474 = ORIENTED_EDGE('',*,*,#1475,.F.);
#1475 = EDGE_CURVE('',#1392,#1448,#1476,.T.);
#1476 = SURFACE_CURVE('',#1477,(#1481,#1488),.PCURVE_S1.);
#1477 = LINE('',#1478,#1479);
#1478 = CARTESIAN_POINT('',(2.99,-13.15,8.64));
#1479 = VECTOR('',#1480,1.);
#1480 = DIRECTION('',(0.,1.,0.));
#1481 = PCURVE('',#224,#1482);
#1482 = DEFINITIONAL_REPRESENTATION('',(#1483),#1487);
#1483 = LINE('',#1484,#1485);
#1484 = CARTESIAN_POINT('',(4.195,11.235));
#1485 = VECTOR('',#1486,1.);
#1486 = DIRECTION('',(0.,1.));
#1487 = ( GEOMETRIC_REPRESENTATION_CONTEXT(2) 
PARAMETRIC_REPRESENTATION_CONTEXT() REPRESENTATION_CONTEXT('2D SPACE',''
  ) );
#1488 = PCURVE('',#1489,#1494);
#1489 = PLANE('',#1490);
#1490 = AXIS2_PLACEMENT_3D('',#1491,#1492,#1493);
#1491 = CARTESIAN_POINT('',(2.99,-13.15,2.29));
#1492 = DIRECTION('',(-1.,0.,0.));
#1493 = DIRECTION('',(0.,1.,0.));
#1494 = DEFINITIONAL_REPRESENTATION('',(#1495),#1499);
#1495 = LINE('',#1496,#1497);
#1496 = CARTESIAN_POINT('',(0.,-6.35));
#1497 = VECTOR('',#1498,1.);
#1498 = DIRECTION('',(1.,0.));
#1499 = ( GEOMETRIC_REPRESENTATION_CONTEXT(2) 
PARAMETRIC_REPRESENTATION_CONTEXT() REPRESENTATION_CONTEXT('2D SPACE',''
  ) );
#1500 = FACE_BOUND('',#1501,.T.);
#1501 = EDGE_LOOP('',(#1502,#1532,#1560,#1588));
#1502 = ORIENTED_EDGE('',*,*,#1503,.F.);
#1503 = EDGE_CURVE('',#1504,#1506,#1508,.T.);
#1504 = VERTEX_POINT('',#1505);
#1505 = CARTESIAN_POINT('',(-0.45,-10.61,8.64));
#1506 = VERTEX_POINT('',#1507);
#1507 = CARTESIAN_POINT('',(0.45,-10.61,8.64));
#1508 = SURFACE_CURVE('',#1509,(#1513,#1520),.PCURVE_S1.);
#1509 = LINE('',#1510,#1511);
#1510 = CARTESIAN_POINT('',(-0.45,-10.61,8.64));
#1511 = VECTOR('',#1512,1.);
#1512 = DIRECTION('',(1.,0.,0.));
#1513 = PCURVE('',#224,#1514);
#1514 = DEFINITIONAL_REPRESENTATION('',(#1515),#1519);
#1515 = LINE('',#1516,#1517);
#1516 = CARTESIAN_POINT('',(0.755,13.775));
#1517 = VECTOR('',#1518,1.);
#1518 = DIRECTION('',(1.,0.));
#1519 = ( GEOMETRIC_REPRESENTATION_CONTEXT(2) 
PARAMETRIC_REPRESENTATION_CONTEXT() REPRESENTATION_CONTEXT('2D SPACE',''
  ) );
#1520 = PCURVE('',#1521,#1526);
#1521 = PLANE('',#1522);
#1522 = AXIS2_PLACEMENT_3D('',#1523,#1524,#1525);
#1523 = CARTESIAN_POINT('',(-0.45,-10.61,2.29));
#1524 = DIRECTION('',(0.,1.,0.));
#1525 = DIRECTION('',(1.,0.,0.));
#1526 = DEFINITIONAL_REPRESENTATION('',(#1527),#1531);
#1527 = LINE('',#1528,#1529);
#1528 = CARTESIAN_POINT('',(0.,-6.35));
#1529 = VECTOR('',#1530,1.);
#1530 = DIRECTION('',(1.,0.));
#1531 = ( GEOMETRIC_REPRESENTATION_CONTEXT(2) 
PARAMETRIC_REPRESENTATION_CONTEXT() REPRESENTATION_CONTEXT('2D SPACE',''
  ) );
#1532 = ORIENTED_EDGE('',*,*,#1533,.F.);
#1533 = EDGE_CURVE('',#1534,#1504,#1536,.T.);
#1534 = VERTEX_POINT('',#1535);
#1535 = CARTESIAN_POINT('',(-0.45,-9.71,8.64));
#1536 = SURFACE_CURVE('',#1537,(#1541,#1548),.PCURVE_S1.);
#1537 = LINE('',#1538,#1539);
#1538 = CARTESIAN_POINT('',(-0.45,-9.71,8.64));
#1539 = VECTOR('',#1540,1.);
#1540 = DIRECTION('',(0.,-1.,0.));
#1541 = PCURVE('',#224,#1542);
#1542 = DEFINITIONAL_REPRESENTATION('',(#1543),#1547);
#1543 = LINE('',#1544,#1545);
#1544 = CARTESIAN_POINT('',(0.755,14.675));
#1545 = VECTOR('',#1546,1.);
#1546 = DIRECTION('',(0.,-1.));
#1547 = ( GEOMETRIC_REPRESENTATION_CONTEXT(2) 
PARAMETRIC_REPRESENTATION_CONTEXT() REPRESENTATION_CONTEXT('2D SPACE',''
  ) );
#1548 = PCURVE('',#1549,#1554);
#1549 = PLANE('',#1550);
#1550 = AXIS2_PLACEMENT_3D('',#1551,#1552,#1553);
#1551 = CARTESIAN_POINT('',(-0.45,-9.71,2.29));
#1552 = DIRECTION('',(1.,0.,-0.));
#1553 = DIRECTION('',(0.,-1.,0.));
#1554 = DEFINITIONAL_REPRESENTATION('',(#1555),#1559);
#1555 = LINE('',#1556,#1557);
#1556 = CARTESIAN_POINT('',(0.,-6.35));
#1557 = VECTOR('',#1558,1.);
#1558 = DIRECTION('',(1.,0.));
#1559 = ( GEOMETRIC_REPRESENTATION_CONTEXT(2) 
PARAMETRIC_REPRESENTATION_CONTEXT() REPRESENTATION_CONTEXT('2D SPACE',''
  ) );
#1560 = ORIENTED_EDGE('',*,*,#1561,.F.);
#1561 = EDGE_CURVE('',#1562,#1534,#1564,.T.);
#1562 = VERTEX_POINT('',#1563);
#1563 = CARTESIAN_POINT('',(0.45,-9.71,8.64));
#1564 = SURFACE_CURVE('',#1565,(#1569,#1576),.PCURVE_S1.);
#1565 = LINE('',#1566,#1567);
#1566 = CARTESIAN_POINT('',(0.45,-9.71,8.64));
#1567 = VECTOR('',#1568,1.);
#1568 = DIRECTION('',(-1.,0.,0.));
#1569 = PCURVE('',#224,#1570);
#1570 = DEFINITIONAL_REPRESENTATION('',(#1571),#1575);
#1571 = LINE('',#1572,#1573);
#1572 = CARTESIAN_POINT('',(1.655,14.675));
#1573 = VECTOR('',#1574,1.);
#1574 = DIRECTION('',(-1.,0.));
#1575 = ( GEOMETRIC_REPRESENTATION_CONTEXT(2) 
PARAMETRIC_REPRESENTATION_CONTEXT() REPRESENTATION_CONTEXT('2D SPACE',''
  ) );
#1576 = PCURVE('',#1577,#1582);
#1577 = PLANE('',#1578);
#1578 = AXIS2_PLACEMENT_3D('',#1579,#1580,#1581);
#1579 = CARTESIAN_POINT('',(0.45,-9.71,2.29));
#1580 = DIRECTION('',(0.,-1.,0.));
#1581 = DIRECTION('',(-1.,0.,0.));
#1582 = DEFINITIONAL_REPRESENTATION('',(#1583),#1587);
#1583 = LINE('',#1584,#1585);
#1584 = CARTESIAN_POINT('',(0.,-6.35));
#1585 = VECTOR('',#1586,1.);
#1586 = DIRECTION('',(1.,0.));
#1587 = ( GEOMETRIC_REPRESENTATION_CONTEXT(2) 
PARAMETRIC_REPRESENTATION_CONTEXT() REPRESENTATION_CONTEXT('2D SPACE',''
  ) );
#1588 = ORIENTED_EDGE('',*,*,#1589,.F.);
#1589 = EDGE_CURVE('',#1506,#1562,#1590,.T.);
#1590 = SURFACE_CURVE('',#1591,(#1595,#1602),.PCURVE_S1.);
#1591 = LINE('',#1592,#1593);
#1592 = CARTESIAN_POINT('',(0.45,-10.61,8.64));
#1593 = VECTOR('',#1594,1.);
#1594 = DIRECTION('',(0.,1.,0.));
#1595 = PCURVE('',#224,#1596);
#1596 = DEFINITIONAL_REPRESENTATION('',(#1597),#1601);
#1597 = LINE('',#1598,#1599);
#1598 = CARTESIAN_POINT('',(1.655,13.775));
#1599 = VECTOR('',#1600,1.);
#1600 = DIRECTION('',(0.,1.));
#1601 = ( GEOMETRIC_REPRESENTATION_CONTEXT(2) 
PARAMETRIC_REPRESENTATION_CONTEXT() REPRESENTATION_CONTEXT('2D SPACE',''
  ) );
#1602 = PCURVE('',#1603,#1608);
#1603 = PLANE('',#1604);
#1604 = AXIS2_PLACEMENT_3D('',#1605,#1606,#1607);
#1605 = CARTESIAN_POINT('',(0.45,-10.61,2.29));
#1606 = DIRECTION('',(-1.,0.,0.));
#1607 = DIRECTION('',(0.,1.,0.));
#1608 = DEFINITIONAL_REPRESENTATION('',(#1609),#1613);
#1609 = LINE('',#1610,#1611);
#1610 = CARTESIAN_POINT('',(0.,-6.35));
#1611 = VECTOR('',#1612,1.);
#1612 = DIRECTION('',(1.,0.));
#1613 = ( GEOMETRIC_REPRESENTATION_CONTEXT(2) 
PARAMETRIC_REPRESENTATION_CONTEXT() REPRESENTATION_CONTEXT('2D SPACE',''
  ) );
#1614 = FACE_BOUND('',#1615,.T.);
#1615 = EDGE_LOOP('',(#1616,#1646,#1674,#1702));
#1616 = ORIENTED_EDGE('',*,*,#1617,.F.);
#1617 = EDGE_CURVE('',#1618,#1620,#1622,.T.);
#1618 = VERTEX_POINT('',#1619);
#1619 = CARTESIAN_POINT('',(-0.45,-8.07,8.64));
#1620 = VERTEX_POINT('',#1621);
#1621 = CARTESIAN_POINT('',(0.45,-8.07,8.64));
#1622 = SURFACE_CURVE('',#1623,(#1627,#1634),.PCURVE_S1.);
#1623 = LINE('',#1624,#1625);
#1624 = CARTESIAN_POINT('',(-0.45,-8.07,8.64));
#1625 = VECTOR('',#1626,1.);
#1626 = DIRECTION('',(1.,0.,0.));
#1627 = PCURVE('',#224,#1628);
#1628 = DEFINITIONAL_REPRESENTATION('',(#1629),#1633);
#1629 = LINE('',#1630,#1631);
#1630 = CARTESIAN_POINT('',(0.755,16.315));
#1631 = VECTOR('',#1632,1.);
#1632 = DIRECTION('',(1.,0.));
#1633 = ( GEOMETRIC_REPRESENTATION_CONTEXT(2) 
PARAMETRIC_REPRESENTATION_CONTEXT() REPRESENTATION_CONTEXT('2D SPACE',''
  ) );
#1634 = PCURVE('',#1635,#1640);
#1635 = PLANE('',#1636);
#1636 = AXIS2_PLACEMENT_3D('',#1637,#1638,#1639);
#1637 = CARTESIAN_POINT('',(-0.45,-8.07,2.29));
#1638 = DIRECTION('',(0.,1.,0.));
#1639 = DIRECTION('',(1.,0.,0.));
#1640 = DEFINITIONAL_REPRESENTATION('',(#1641),#1645);
#1641 = LINE('',#1642,#1643);
#1642 = CARTESIAN_POINT('',(0.,-6.35));
#1643 = VECTOR('',#1644,1.);
#1644 = DIRECTION('',(1.,0.));
#1645 = ( GEOMETRIC_REPRESENTATION_CONTEXT(2) 
PARAMETRIC_REPRESENTATION_CONTEXT() REPRESENTATION_CONTEXT('2D SPACE',''
  ) );
#1646 = ORIENTED_EDGE('',*,*,#1647,.F.);
#1647 = EDGE_CURVE('',#1648,#1618,#1650,.T.);
#1648 = VERTEX_POINT('',#1649);
#1649 = CARTESIAN_POINT('',(-0.45,-7.17,8.64));
#1650 = SURFACE_CURVE('',#1651,(#1655,#1662),.PCURVE_S1.);
#1651 = LINE('',#1652,#1653);
#1652 = CARTESIAN_POINT('',(-0.45,-7.17,8.64));
#1653 = VECTOR('',#1654,1.);
#1654 = DIRECTION('',(0.,-1.,0.));
#1655 = PCURVE('',#224,#1656);
#1656 = DEFINITIONAL_REPRESENTATION('',(#1657),#1661);
#1657 = LINE('',#1658,#1659);
#1658 = CARTESIAN_POINT('',(0.755,17.215));
#1659 = VECTOR('',#1660,1.);
#1660 = DIRECTION('',(0.,-1.));
#1661 = ( GEOMETRIC_REPRESENTATION_CONTEXT(2) 
PARAMETRIC_REPRESENTATION_CONTEXT() REPRESENTATION_CONTEXT('2D SPACE',''
  ) );
#1662 = PCURVE('',#1663,#1668);
#1663 = PLANE('',#1664);
#1664 = AXIS2_PLACEMENT_3D('',#1665,#1666,#1667);
#1665 = CARTESIAN_POINT('',(-0.45,-7.17,2.29));
#1666 = DIRECTION('',(1.,0.,-0.));
#1667 = DIRECTION('',(0.,-1.,0.));
#1668 = DEFINITIONAL_REPRESENTATION('',(#1669),#1673);
#1669 = LINE('',#1670,#1671);
#1670 = CARTESIAN_POINT('',(0.,-6.35));
#1671 = VECTOR('',#1672,1.);
#1672 = DIRECTION('',(1.,0.));
#1673 = ( GEOMETRIC_REPRESENTATION_CONTEXT(2) 
PARAMETRIC_REPRESENTATION_CONTEXT() REPRESENTATION_CONTEXT('2D SPACE',''
  ) );
#1674 = ORIENTED_EDGE('',*,*,#1675,.F.);
#1675 = EDGE_CURVE('',#1676,#1648,#1678,.T.);
#1676 = VERTEX_POINT('',#1677);
#1677 = CARTESIAN_POINT('',(0.45,-7.17,8.64));
#1678 = SURFACE_CURVE('',#1679,(#1683,#1690),.PCURVE_S1.);
#1679 = LINE('',#1680,#1681);
#1680 = CARTESIAN_POINT('',(0.45,-7.17,8.64));
#1681 = VECTOR('',#1682,1.);
#1682 = DIRECTION('',(-1.,0.,0.));
#1683 = PCURVE('',#224,#1684);
#1684 = DEFINITIONAL_REPRESENTATION('',(#1685),#1689);
#1685 = LINE('',#1686,#1687);
#1686 = CARTESIAN_POINT('',(1.655,17.215));
#1687 = VECTOR('',#1688,1.);
#1688 = DIRECTION('',(-1.,0.));
#1689 = ( GEOMETRIC_REPRESENTATION_CONTEXT(2) 
PARAMETRIC_REPRESENTATION_CONTEXT() REPRESENTATION_CONTEXT('2D SPACE',''
  ) );
#1690 = PCURVE('',#1691,#1696);
#1691 = PLANE('',#1692);
#1692 = AXIS2_PLACEMENT_3D('',#1693,#1694,#1695);
#1693 = CARTESIAN_POINT('',(0.45,-7.17,2.29));
#1694 = DIRECTION('',(0.,-1.,0.));
#1695 = DIRECTION('',(-1.,0.,0.));
#1696 = DEFINITIONAL_REPRESENTATION('',(#1697),#1701);
#1697 = LINE('',#1698,#1699);
#1698 = CARTESIAN_POINT('',(0.,-6.35));
#1699 = VECTOR('',#1700,1.);
#1700 = DIRECTION('',(1.,0.));
#1701 = ( GEOMETRIC_REPRESENTATION_CONTEXT(2) 
PARAMETRIC_REPRESENTATION_CONTEXT() REPRESENTATION_CONTEXT('2D SPACE',''
  ) );
#1702 = ORIENTED_EDGE('',*,*,#1703,.F.);
#1703 = EDGE_CURVE('',#1620,#1676,#1704,.T.);
#1704 = SURFACE_CURVE('',#1705,(#1709,#1716),.PCURVE_S1.);
#1705 = LINE('',#1706,#1707);
#1706 = CARTESIAN_POINT('',(0.45,-8.07,8.64));
#1707 = VECTOR('',#1708,1.);
#1708 = DIRECTION('',(0.,1.,0.));
#1709 = PCURVE('',#224,#1710);
#1710 = DEFINITIONAL_REPRESENTATION('',(#1711),#1715);
#1711 = LINE('',#1712,#1713);
#1712 = CARTESIAN_POINT('',(1.655,16.315));
#1713 = VECTOR('',#1714,1.);
#1714 = DIRECTION('',(0.,1.));
#1715 = ( GEOMETRIC_REPRESENTATION_CONTEXT(2) 
PARAMETRIC_REPRESENTATION_CONTEXT() REPRESENTATION_CONTEXT('2D SPACE',''
  ) );
#1716 = PCURVE('',#1717,#1722);
#1717 = PLANE('',#1718);
#1718 = AXIS2_PLACEMENT_3D('',#1719,#1720,#1721);
#1719 = CARTESIAN_POINT('',(0.45,-8.07,2.29));
#1720 = DIRECTION('',(-1.,0.,0.));
#1721 = DIRECTION('',(0.,1.,0.));
#1722 = DEFINITIONAL_REPRESENTATION('',(#1723),#1727);
#1723 = LINE('',#1724,#1725);
#1724 = CARTESIAN_POINT('',(0.,-6.35));
#1725 = VECTOR('',#1726,1.);
#1726 = DIRECTION('',(1.,0.));
#1727 = ( GEOMETRIC_REPRESENTATION_CONTEXT(2) 
PARAMETRIC_REPRESENTATION_CONTEXT() REPRESENTATION_CONTEXT('2D SPACE',''
  ) );
#1728 = FACE_BOUND('',#1729,.T.);
#1729 = EDGE_LOOP('',(#1730,#1760,#1788,#1816));
#1730 = ORIENTED_EDGE('',*,*,#1731,.F.);
#1731 = EDGE_CURVE('',#1732,#1734,#1736,.T.);
#1732 = VERTEX_POINT('',#1733);
#1733 = CARTESIAN_POINT('',(-0.45,-5.53,8.64));
#1734 = VERTEX_POINT('',#1735);
#1735 = CARTESIAN_POINT('',(0.45,-5.53,8.64));
#1736 = SURFACE_CURVE('',#1737,(#1741,#1748),.PCURVE_S1.);
#1737 = LINE('',#1738,#1739);
#1738 = CARTESIAN_POINT('',(-0.45,-5.53,8.64));
#1739 = VECTOR('',#1740,1.);
#1740 = DIRECTION('',(1.,0.,0.));
#1741 = PCURVE('',#224,#1742);
#1742 = DEFINITIONAL_REPRESENTATION('',(#1743),#1747);
#1743 = LINE('',#1744,#1745);
#1744 = CARTESIAN_POINT('',(0.755,18.855));
#1745 = VECTOR('',#1746,1.);
#1746 = DIRECTION('',(1.,0.));
#1747 = ( GEOMETRIC_REPRESENTATION_CONTEXT(2) 
PARAMETRIC_REPRESENTATION_CONTEXT() REPRESENTATION_CONTEXT('2D SPACE',''
  ) );
#1748 = PCURVE('',#1749,#1754);
#1749 = PLANE('',#1750);
#1750 = AXIS2_PLACEMENT_3D('',#1751,#1752,#1753);
#1751 = CARTESIAN_POINT('',(-0.45,-5.53,2.29));
#1752 = DIRECTION('',(0.,1.,0.));
#1753 = DIRECTION('',(1.,0.,0.));
#1754 = DEFINITIONAL_REPRESENTATION('',(#1755),#1759);
#1755 = LINE('',#1756,#1757);
#1756 = CARTESIAN_POINT('',(0.,-6.35));
#1757 = VECTOR('',#1758,1.);
#1758 = DIRECTION('',(1.,0.));
#1759 = ( GEOMETRIC_REPRESENTATION_CONTEXT(2) 
PARAMETRIC_REPRESENTATION_CONTEXT() REPRESENTATION_CONTEXT('2D SPACE',''
  ) );
#1760 = ORIENTED_EDGE('',*,*,#1761,.F.);
#1761 = EDGE_CURVE('',#1762,#1732,#1764,.T.);
#1762 = VERTEX_POINT('',#1763);
#1763 = CARTESIAN_POINT('',(-0.45,-4.63,8.64));
#1764 = SURFACE_CURVE('',#1765,(#1769,#1776),.PCURVE_S1.);
#1765 = LINE('',#1766,#1767);
#1766 = CARTESIAN_POINT('',(-0.45,-4.63,8.64));
#1767 = VECTOR('',#1768,1.);
#1768 = DIRECTION('',(0.,-1.,0.));
#1769 = PCURVE('',#224,#1770);
#1770 = DEFINITIONAL_REPRESENTATION('',(#1771),#1775);
#1771 = LINE('',#1772,#1773);
#1772 = CARTESIAN_POINT('',(0.755,19.755));
#1773 = VECTOR('',#1774,1.);
#1774 = DIRECTION('',(0.,-1.));
#1775 = ( GEOMETRIC_REPRESENTATION_CONTEXT(2) 
PARAMETRIC_REPRESENTATION_CONTEXT() REPRESENTATION_CONTEXT('2D SPACE',''
  ) );
#1776 = PCURVE('',#1777,#1782);
#1777 = PLANE('',#1778);
#1778 = AXIS2_PLACEMENT_3D('',#1779,#1780,#1781);
#1779 = CARTESIAN_POINT('',(-0.45,-4.63,2.29));
#1780 = DIRECTION('',(1.,0.,-0.));
#1781 = DIRECTION('',(0.,-1.,0.));
#1782 = DEFINITIONAL_REPRESENTATION('',(#1783),#1787);
#1783 = LINE('',#1784,#1785);
#1784 = CARTESIAN_POINT('',(0.,-6.35));
#1785 = VECTOR('',#1786,1.);
#1786 = DIRECTION('',(1.,0.));
#1787 = ( GEOMETRIC_REPRESENTATION_CONTEXT(2) 
PARAMETRIC_REPRESENTATION_CONTEXT() REPRESENTATION_CONTEXT('2D SPACE',''
  ) );
#1788 = ORIENTED_EDGE('',*,*,#1789,.F.);
#1789 = EDGE_CURVE('',#1790,#1762,#1792,.T.);
#1790 = VERTEX_POINT('',#1791);
#1791 = CARTESIAN_POINT('',(0.45,-4.63,8.64));
#1792 = SURFACE_CURVE('',#1793,(#1797,#1804),.PCURVE_S1.);
#1793 = LINE('',#1794,#1795);
#1794 = CARTESIAN_POINT('',(0.45,-4.63,8.64));
#1795 = VECTOR('',#1796,1.);
#1796 = DIRECTION('',(-1.,0.,0.));
#1797 = PCURVE('',#224,#1798);
#1798 = DEFINITIONAL_REPRESENTATION('',(#1799),#1803);
#1799 = LINE('',#1800,#1801);
#1800 = CARTESIAN_POINT('',(1.655,19.755));
#1801 = VECTOR('',#1802,1.);
#1802 = DIRECTION('',(-1.,0.));
#1803 = ( GEOMETRIC_REPRESENTATION_CONTEXT(2) 
PARAMETRIC_REPRESENTATION_CONTEXT() REPRESENTATION_CONTEXT('2D SPACE',''
  ) );
#1804 = PCURVE('',#1805,#1810);
#1805 = PLANE('',#1806);
#1806 = AXIS2_PLACEMENT_3D('',#1807,#1808,#1809);
#1807 = CARTESIAN_POINT('',(0.45,-4.63,2.29));
#1808 = DIRECTION('',(0.,-1.,0.));
#1809 = DIRECTION('',(-1.,0.,0.));
#1810 = DEFINITIONAL_REPRESENTATION('',(#1811),#1815);
#1811 = LINE('',#1812,#1813);
#1812 = CARTESIAN_POINT('',(0.,-6.35));
#1813 = VECTOR('',#1814,1.);
#1814 = DIRECTION('',(1.,0.));
#1815 = ( GEOMETRIC_REPRESENTATION_CONTEXT(2) 
PARAMETRIC_REPRESENTATION_CONTEXT() REPRESENTATION_CONTEXT('2D SPACE',''
  ) );
#1816 = ORIENTED_EDGE('',*,*,#1817,.F.);
#1817 = EDGE_CURVE('',#1734,#1790,#1818,.T.);
#1818 = SURFACE_CURVE('',#1819,(#1823,#1830),.PCURVE_S1.);
#1819 = LINE('',#1820,#1821);
#1820 = CARTESIAN_POINT('',(0.45,-5.53,8.64));
#1821 = VECTOR('',#1822,1.);
#1822 = DIRECTION('',(0.,1.,0.));
#1823 = PCURVE('',#224,#1824);
#1824 = DEFINITIONAL_REPRESENTATION('',(#1825),#1829);
#1825 = LINE('',#1826,#1827);
#1826 = CARTESIAN_POINT('',(1.655,18.855));
#1827 = VECTOR('',#1828,1.);
#1828 = DIRECTION('',(0.,1.));
#1829 = ( GEOMETRIC_REPRESENTATION_CONTEXT(2) 
PARAMETRIC_REPRESENTATION_CONTEXT() REPRESENTATION_CONTEXT('2D SPACE',''
  ) );
#1830 = PCURVE('',#1831,#1836);
#1831 = PLANE('',#1832);
#1832 = AXIS2_PLACEMENT_3D('',#1833,#1834,#1835);
#1833 = CARTESIAN_POINT('',(0.45,-5.53,2.29));
#1834 = DIRECTION('',(-1.,0.,0.));
#1835 = DIRECTION('',(0.,1.,0.));
#1836 = DEFINITIONAL_REPRESENTATION('',(#1837),#1841);
#1837 = LINE('',#1838,#1839);
#1838 = CARTESIAN_POINT('',(0.,-6.35));
#1839 = VECTOR('',#1840,1.);
#1840 = DIRECTION('',(1.,0.));
#1841 = ( GEOMETRIC_REPRESENTATION_CONTEXT(2) 
PARAMETRIC_REPRESENTATION_CONTEXT() REPRESENTATION_CONTEXT('2D SPACE',''
  ) );
#1842 = FACE_BOUND('',#1843,.T.);
#1843 = EDGE_LOOP('',(#1844,#1874,#1902,#1930));
#1844 = ORIENTED_EDGE('',*,*,#1845,.F.);
#1845 = EDGE_CURVE('',#1846,#1848,#1850,.T.);
#1846 = VERTEX_POINT('',#1847);
#1847 = CARTESIAN_POINT('',(-0.45,-2.99,8.64));
#1848 = VERTEX_POINT('',#1849);
#1849 = CARTESIAN_POINT('',(0.45,-2.99,8.64));
#1850 = SURFACE_CURVE('',#1851,(#1855,#1862),.PCURVE_S1.);
#1851 = LINE('',#1852,#1853);
#1852 = CARTESIAN_POINT('',(-0.45,-2.99,8.64));
#1853 = VECTOR('',#1854,1.);
#1854 = DIRECTION('',(1.,0.,0.));
#1855 = PCURVE('',#224,#1856);
#1856 = DEFINITIONAL_REPRESENTATION('',(#1857),#1861);
#1857 = LINE('',#1858,#1859);
#1858 = CARTESIAN_POINT('',(0.755,21.395));
#1859 = VECTOR('',#1860,1.);
#1860 = DIRECTION('',(1.,0.));
#1861 = ( GEOMETRIC_REPRESENTATION_CONTEXT(2) 
PARAMETRIC_REPRESENTATION_CONTEXT() REPRESENTATION_CONTEXT('2D SPACE',''
  ) );
#1862 = PCURVE('',#1863,#1868);
#1863 = PLANE('',#1864);
#1864 = AXIS2_PLACEMENT_3D('',#1865,#1866,#1867);
#1865 = CARTESIAN_POINT('',(-0.45,-2.99,2.29));
#1866 = DIRECTION('',(0.,1.,0.));
#1867 = DIRECTION('',(1.,0.,0.));
#1868 = DEFINITIONAL_REPRESENTATION('',(#1869),#1873);
#1869 = LINE('',#1870,#1871);
#1870 = CARTESIAN_POINT('',(0.,-6.35));
#1871 = VECTOR('',#1872,1.);
#1872 = DIRECTION('',(1.,0.));
#1873 = ( GEOMETRIC_REPRESENTATION_CONTEXT(2) 
PARAMETRIC_REPRESENTATION_CONTEXT() REPRESENTATION_CONTEXT('2D SPACE',''
  ) );
#1874 = ORIENTED_EDGE('',*,*,#1875,.F.);
#1875 = EDGE_CURVE('',#1876,#1846,#1878,.T.);
#1876 = VERTEX_POINT('',#1877);
#1877 = CARTESIAN_POINT('',(-0.45,-2.09,8.64));
#1878 = SURFACE_CURVE('',#1879,(#1883,#1890),.PCURVE_S1.);
#1879 = LINE('',#1880,#1881);
#1880 = CARTESIAN_POINT('',(-0.45,-2.09,8.64));
#1881 = VECTOR('',#1882,1.);
#1882 = DIRECTION('',(0.,-1.,0.));
#1883 = PCURVE('',#224,#1884);
#1884 = DEFINITIONAL_REPRESENTATION('',(#1885),#1889);
#1885 = LINE('',#1886,#1887);
#1886 = CARTESIAN_POINT('',(0.755,22.295));
#1887 = VECTOR('',#1888,1.);
#1888 = DIRECTION('',(0.,-1.));
#1889 = ( GEOMETRIC_REPRESENTATION_CONTEXT(2) 
PARAMETRIC_REPRESENTATION_CONTEXT() REPRESENTATION_CONTEXT('2D SPACE',''
  ) );
#1890 = PCURVE('',#1891,#1896);
#1891 = PLANE('',#1892);
#1892 = AXIS2_PLACEMENT_3D('',#1893,#1894,#1895);
#1893 = CARTESIAN_POINT('',(-0.45,-2.09,2.29));
#1894 = DIRECTION('',(1.,0.,-0.));
#1895 = DIRECTION('',(0.,-1.,0.));
#1896 = DEFINITIONAL_REPRESENTATION('',(#1897),#1901);
#1897 = LINE('',#1898,#1899);
#1898 = CARTESIAN_POINT('',(0.,-6.35));
#1899 = VECTOR('',#1900,1.);
#1900 = DIRECTION('',(1.,0.));
#1901 = ( GEOMETRIC_REPRESENTATION_CONTEXT(2) 
PARAMETRIC_REPRESENTATION_CONTEXT() REPRESENTATION_CONTEXT('2D SPACE',''
  ) );
#1902 = ORIENTED_EDGE('',*,*,#1903,.F.);
#1903 = EDGE_CURVE('',#1904,#1876,#1906,.T.);
#1904 = VERTEX_POINT('',#1905);
#1905 = CARTESIAN_POINT('',(0.45,-2.09,8.64));
#1906 = SURFACE_CURVE('',#1907,(#1911,#1918),.PCURVE_S1.);
#1907 = LINE('',#1908,#1909);
#1908 = CARTESIAN_POINT('',(0.45,-2.09,8.64));
#1909 = VECTOR('',#1910,1.);
#1910 = DIRECTION('',(-1.,0.,0.));
#1911 = PCURVE('',#224,#1912);
#1912 = DEFINITIONAL_REPRESENTATION('',(#1913),#1917);
#1913 = LINE('',#1914,#1915);
#1914 = CARTESIAN_POINT('',(1.655,22.295));
#1915 = VECTOR('',#1916,1.);
#1916 = DIRECTION('',(-1.,0.));
#1917 = ( GEOMETRIC_REPRESENTATION_CONTEXT(2) 
PARAMETRIC_REPRESENTATION_CONTEXT() REPRESENTATION_CONTEXT('2D SPACE',''
  ) );
#1918 = PCURVE('',#1919,#1924);
#1919 = PLANE('',#1920);
#1920 = AXIS2_PLACEMENT_3D('',#1921,#1922,#1923);
#1921 = CARTESIAN_POINT('',(0.45,-2.09,2.29));
#1922 = DIRECTION('',(0.,-1.,0.));
#1923 = DIRECTION('',(-1.,0.,0.));
#1924 = DEFINITIONAL_REPRESENTATION('',(#1925),#1929);
#1925 = LINE('',#1926,#1927);
#1926 = CARTESIAN_POINT('',(0.,-6.35));
#1927 = VECTOR('',#1928,1.);
#1928 = DIRECTION('',(1.,0.));
#1929 = ( GEOMETRIC_REPRESENTATION_CONTEXT(2) 
PARAMETRIC_REPRESENTATION_CONTEXT() REPRESENTATION_CONTEXT('2D SPACE',''
  ) );
#1930 = ORIENTED_EDGE('',*,*,#1931,.F.);
#1931 = EDGE_CURVE('',#1848,#1904,#1932,.T.);
#1932 = SURFACE_CURVE('',#1933,(#1937,#1944),.PCURVE_S1.);
#1933 = LINE('',#1934,#1935);
#1934 = CARTESIAN_POINT('',(0.45,-2.99,8.64));
#1935 = VECTOR('',#1936,1.);
#1936 = DIRECTION('',(0.,1.,0.));
#1937 = PCURVE('',#224,#1938);
#1938 = DEFINITIONAL_REPRESENTATION('',(#1939),#1943);
#1939 = LINE('',#1940,#1941);
#1940 = CARTESIAN_POINT('',(1.655,21.395));
#1941 = VECTOR('',#1942,1.);
#1942 = DIRECTION('',(0.,1.));
#1943 = ( GEOMETRIC_REPRESENTATION_CONTEXT(2) 
PARAMETRIC_REPRESENTATION_CONTEXT() REPRESENTATION_CONTEXT('2D SPACE',''
  ) );
#1944 = PCURVE('',#1945,#1950);
#1945 = PLANE('',#1946);
#1946 = AXIS2_PLACEMENT_3D('',#1947,#1948,#1949);
#1947 = CARTESIAN_POINT('',(0.45,-2.99,2.29));
#1948 = DIRECTION('',(-1.,0.,0.));
#1949 = DIRECTION('',(0.,1.,0.));
#1950 = DEFINITIONAL_REPRESENTATION('',(#1951),#1955);
#1951 = LINE('',#1952,#1953);
#1952 = CARTESIAN_POINT('',(0.,-6.35));
#1953 = VECTOR('',#1954,1.);
#1954 = DIRECTION('',(1.,0.));
#1955 = ( GEOMETRIC_REPRESENTATION_CONTEXT(2) 
PARAMETRIC_REPRESENTATION_CONTEXT() REPRESENTATION_CONTEXT('2D SPACE',''
  ) );
#1956 = FACE_BOUND('',#1957,.T.);
#1957 = EDGE_LOOP('',(#1958,#1988,#2016,#2044));
#1958 = ORIENTED_EDGE('',*,*,#1959,.F.);
#1959 = EDGE_CURVE('',#1960,#1962,#1964,.T.);
#1960 = VERTEX_POINT('',#1961);
#1961 = CARTESIAN_POINT('',(-0.45,-0.45,8.64));
#1962 = VERTEX_POINT('',#1963);
#1963 = CARTESIAN_POINT('',(0.45,-0.45,8.64));
#1964 = SURFACE_CURVE('',#1965,(#1969,#1976),.PCURVE_S1.);
#1965 = LINE('',#1966,#1967);
#1966 = CARTESIAN_POINT('',(-0.45,-0.45,8.64));
#1967 = VECTOR('',#1968,1.);
#1968 = DIRECTION('',(1.,0.,0.));
#1969 = PCURVE('',#224,#1970);
#1970 = DEFINITIONAL_REPRESENTATION('',(#1971),#1975);
#1971 = LINE('',#1972,#1973);
#1972 = CARTESIAN_POINT('',(0.755,23.935));
#1973 = VECTOR('',#1974,1.);
#1974 = DIRECTION('',(1.,0.));
#1975 = ( GEOMETRIC_REPRESENTATION_CONTEXT(2) 
PARAMETRIC_REPRESENTATION_CONTEXT() REPRESENTATION_CONTEXT('2D SPACE',''
  ) );
#1976 = PCURVE('',#1977,#1982);
#1977 = PLANE('',#1978);
#1978 = AXIS2_PLACEMENT_3D('',#1979,#1980,#1981);
#1979 = CARTESIAN_POINT('',(-0.45,-0.45,2.29));
#1980 = DIRECTION('',(0.,1.,0.));
#1981 = DIRECTION('',(1.,0.,0.));
#1982 = DEFINITIONAL_REPRESENTATION('',(#1983),#1987);
#1983 = LINE('',#1984,#1985);
#1984 = CARTESIAN_POINT('',(0.,-6.35));
#1985 = VECTOR('',#1986,1.);
#1986 = DIRECTION('',(1.,0.));
#1987 = ( GEOMETRIC_REPRESENTATION_CONTEXT(2) 
PARAMETRIC_REPRESENTATION_CONTEXT() REPRESENTATION_CONTEXT('2D SPACE',''
  ) );
#1988 = ORIENTED_EDGE('',*,*,#1989,.F.);
#1989 = EDGE_CURVE('',#1990,#1960,#1992,.T.);
#1990 = VERTEX_POINT('',#1991);
#1991 = CARTESIAN_POINT('',(-0.45,0.45,8.64));
#1992 = SURFACE_CURVE('',#1993,(#1997,#2004),.PCURVE_S1.);
#1993 = LINE('',#1994,#1995);
#1994 = CARTESIAN_POINT('',(-0.45,0.45,8.64));
#1995 = VECTOR('',#1996,1.);
#1996 = DIRECTION('',(0.,-1.,0.));
#1997 = PCURVE('',#224,#1998);
#1998 = DEFINITIONAL_REPRESENTATION('',(#1999),#2003);
#1999 = LINE('',#2000,#2001);
#2000 = CARTESIAN_POINT('',(0.755,24.835));
#2001 = VECTOR('',#2002,1.);
#2002 = DIRECTION('',(0.,-1.));
#2003 = ( GEOMETRIC_REPRESENTATION_CONTEXT(2) 
PARAMETRIC_REPRESENTATION_CONTEXT() REPRESENTATION_CONTEXT('2D SPACE',''
  ) );
#2004 = PCURVE('',#2005,#2010);
#2005 = PLANE('',#2006);
#2006 = AXIS2_PLACEMENT_3D('',#2007,#2008,#2009);
#2007 = CARTESIAN_POINT('',(-0.45,0.45,2.29));
#2008 = DIRECTION('',(1.,0.,-0.));
#2009 = DIRECTION('',(0.,-1.,0.));
#2010 = DEFINITIONAL_REPRESENTATION('',(#2011),#2015);
#2011 = LINE('',#2012,#2013);
#2012 = CARTESIAN_POINT('',(0.,-6.35));
#2013 = VECTOR('',#2014,1.);
#2014 = DIRECTION('',(1.,0.));
#2015 = ( GEOMETRIC_REPRESENTATION_CONTEXT(2) 
PARAMETRIC_REPRESENTATION_CONTEXT() REPRESENTATION_CONTEXT('2D SPACE',''
  ) );
#2016 = ORIENTED_EDGE('',*,*,#2017,.F.);
#2017 = EDGE_CURVE('',#2018,#1990,#2020,.T.);
#2018 = VERTEX_POINT('',#2019);
#2019 = CARTESIAN_POINT('',(0.45,0.45,8.64));
#2020 = SURFACE_CURVE('',#2021,(#2025,#2032),.PCURVE_S1.);
#2021 = LINE('',#2022,#2023);
#2022 = CARTESIAN_POINT('',(0.45,0.45,8.64));
#2023 = VECTOR('',#2024,1.);
#2024 = DIRECTION('',(-1.,0.,0.));
#2025 = PCURVE('',#224,#2026);
#2026 = DEFINITIONAL_REPRESENTATION('',(#2027),#2031);
#2027 = LINE('',#2028,#2029);
#2028 = CARTESIAN_POINT('',(1.655,24.835));
#2029 = VECTOR('',#2030,1.);
#2030 = DIRECTION('',(-1.,0.));
#2031 = ( GEOMETRIC_REPRESENTATION_CONTEXT(2) 
PARAMETRIC_REPRESENTATION_CONTEXT() REPRESENTATION_CONTEXT('2D SPACE',''
  ) );
#2032 = PCURVE('',#2033,#2038);
#2033 = PLANE('',#2034);
#2034 = AXIS2_PLACEMENT_3D('',#2035,#2036,#2037);
#2035 = CARTESIAN_POINT('',(0.45,0.45,2.29));
#2036 = DIRECTION('',(0.,-1.,0.));
#2037 = DIRECTION('',(-1.,0.,0.));
#2038 = DEFINITIONAL_REPRESENTATION('',(#2039),#2043);
#2039 = LINE('',#2040,#2041);
#2040 = CARTESIAN_POINT('',(0.,-6.35));
#2041 = VECTOR('',#2042,1.);
#2042 = DIRECTION('',(1.,0.));
#2043 = ( GEOMETRIC_REPRESENTATION_CONTEXT(2) 
PARAMETRIC_REPRESENTATION_CONTEXT() REPRESENTATION_CONTEXT('2D SPACE',''
  ) );
#2044 = ORIENTED_EDGE('',*,*,#2045,.F.);
#2045 = EDGE_CURVE('',#1962,#2018,#2046,.T.);
#2046 = SURFACE_CURVE('',#2047,(#2051,#2058),.PCURVE_S1.);
#2047 = LINE('',#2048,#2049);
#2048 = CARTESIAN_POINT('',(0.45,-0.45,8.64));
#2049 = VECTOR('',#2050,1.);
#2050 = DIRECTION('',(0.,1.,0.));
#2051 = PCURVE('',#224,#2052);
#2052 = DEFINITIONAL_REPRESENTATION('',(#2053),#2057);
#2053 = LINE('',#2054,#2055);
#2054 = CARTESIAN_POINT('',(1.655,23.935));
#2055 = VECTOR('',#2056,1.);
#2056 = DIRECTION('',(0.,1.));
#2057 = ( GEOMETRIC_REPRESENTATION_CONTEXT(2) 
PARAMETRIC_REPRESENTATION_CONTEXT() REPRESENTATION_CONTEXT('2D SPACE',''
  ) );
#2058 = PCURVE('',#2059,#2064);
#2059 = PLANE('',#2060);
#2060 = AXIS2_PLACEMENT_3D('',#2061,#2062,#2063);
#2061 = CARTESIAN_POINT('',(0.45,-0.45,2.29));
#2062 = DIRECTION('',(-1.,0.,0.));
#2063 = DIRECTION('',(0.,1.,0.));
#2064 = DEFINITIONAL_REPRESENTATION('',(#2065),#2069);
#2065 = LINE('',#2066,#2067);
#2066 = CARTESIAN_POINT('',(0.,-6.35));
#2067 = VECTOR('',#2068,1.);
#2068 = DIRECTION('',(1.,0.));
#2069 = ( GEOMETRIC_REPRESENTATION_CONTEXT(2) 
PARAMETRIC_REPRESENTATION_CONTEXT() REPRESENTATION_CONTEXT('2D SPACE',''
  ) );
#2070 = FACE_BOUND('',#2071,.T.);
#2071 = EDGE_LOOP('',(#2072,#2102,#2130,#2158));
#2072 = ORIENTED_EDGE('',*,*,#2073,.F.);
#2073 = EDGE_CURVE('',#2074,#2076,#2078,.T.);
#2074 = VERTEX_POINT('',#2075);
#2075 = CARTESIAN_POINT('',(2.09,-10.61,8.64));
#2076 = VERTEX_POINT('',#2077);
#2077 = CARTESIAN_POINT('',(2.99,-10.61,8.64));
#2078 = SURFACE_CURVE('',#2079,(#2083,#2090),.PCURVE_S1.);
#2079 = LINE('',#2080,#2081);
#2080 = CARTESIAN_POINT('',(2.09,-10.61,8.64));
#2081 = VECTOR('',#2082,1.);
#2082 = DIRECTION('',(1.,0.,0.));
#2083 = PCURVE('',#224,#2084);
#2084 = DEFINITIONAL_REPRESENTATION('',(#2085),#2089);
#2085 = LINE('',#2086,#2087);
#2086 = CARTESIAN_POINT('',(3.295,13.775));
#2087 = VECTOR('',#2088,1.);
#2088 = DIRECTION('',(1.,0.));
#2089 = ( GEOMETRIC_REPRESENTATION_CONTEXT(2) 
PARAMETRIC_REPRESENTATION_CONTEXT() REPRESENTATION_CONTEXT('2D SPACE',''
  ) );
#2090 = PCURVE('',#2091,#2096);
#2091 = PLANE('',#2092);
#2092 = AXIS2_PLACEMENT_3D('',#2093,#2094,#2095);
#2093 = CARTESIAN_POINT('',(2.09,-10.61,2.29));
#2094 = DIRECTION('',(0.,1.,0.));
#2095 = DIRECTION('',(1.,0.,0.));
#2096 = DEFINITIONAL_REPRESENTATION('',(#2097),#2101);
#2097 = LINE('',#2098,#2099);
#2098 = CARTESIAN_POINT('',(0.,-6.35));
#2099 = VECTOR('',#2100,1.);
#2100 = DIRECTION('',(1.,0.));
#2101 = ( GEOMETRIC_REPRESENTATION_CONTEXT(2) 
PARAMETRIC_REPRESENTATION_CONTEXT() REPRESENTATION_CONTEXT('2D SPACE',''
  ) );
#2102 = ORIENTED_EDGE('',*,*,#2103,.F.);
#2103 = EDGE_CURVE('',#2104,#2074,#2106,.T.);
#2104 = VERTEX_POINT('',#2105);
#2105 = CARTESIAN_POINT('',(2.09,-9.71,8.64));
#2106 = SURFACE_CURVE('',#2107,(#2111,#2118),.PCURVE_S1.);
#2107 = LINE('',#2108,#2109);
#2108 = CARTESIAN_POINT('',(2.09,-9.71,8.64));
#2109 = VECTOR('',#2110,1.);
#2110 = DIRECTION('',(0.,-1.,0.));
#2111 = PCURVE('',#224,#2112);
#2112 = DEFINITIONAL_REPRESENTATION('',(#2113),#2117);
#2113 = LINE('',#2114,#2115);
#2114 = CARTESIAN_POINT('',(3.295,14.675));
#2115 = VECTOR('',#2116,1.);
#2116 = DIRECTION('',(0.,-1.));
#2117 = ( GEOMETRIC_REPRESENTATION_CONTEXT(2) 
PARAMETRIC_REPRESENTATION_CONTEXT() REPRESENTATION_CONTEXT('2D SPACE',''
  ) );
#2118 = PCURVE('',#2119,#2124);
#2119 = PLANE('',#2120);
#2120 = AXIS2_PLACEMENT_3D('',#2121,#2122,#2123);
#2121 = CARTESIAN_POINT('',(2.09,-9.71,2.29));
#2122 = DIRECTION('',(1.,0.,-0.));
#2123 = DIRECTION('',(0.,-1.,0.));
#2124 = DEFINITIONAL_REPRESENTATION('',(#2125),#2129);
#2125 = LINE('',#2126,#2127);
#2126 = CARTESIAN_POINT('',(0.,-6.35));
#2127 = VECTOR('',#2128,1.);
#2128 = DIRECTION('',(1.,0.));
#2129 = ( GEOMETRIC_REPRESENTATION_CONTEXT(2) 
PARAMETRIC_REPRESENTATION_CONTEXT() REPRESENTATION_CONTEXT('2D SPACE',''
  ) );
#2130 = ORIENTED_EDGE('',*,*,#2131,.F.);
#2131 = EDGE_CURVE('',#2132,#2104,#2134,.T.);
#2132 = VERTEX_POINT('',#2133);
#2133 = CARTESIAN_POINT('',(2.99,-9.71,8.64));
#2134 = SURFACE_CURVE('',#2135,(#2139,#2146),.PCURVE_S1.);
#2135 = LINE('',#2136,#2137);
#2136 = CARTESIAN_POINT('',(2.99,-9.71,8.64));
#2137 = VECTOR('',#2138,1.);
#2138 = DIRECTION('',(-1.,0.,0.));
#2139 = PCURVE('',#224,#2140);
#2140 = DEFINITIONAL_REPRESENTATION('',(#2141),#2145);
#2141 = LINE('',#2142,#2143);
#2142 = CARTESIAN_POINT('',(4.195,14.675));
#2143 = VECTOR('',#2144,1.);
#2144 = DIRECTION('',(-1.,0.));
#2145 = ( GEOMETRIC_REPRESENTATION_CONTEXT(2) 
PARAMETRIC_REPRESENTATION_CONTEXT() REPRESENTATION_CONTEXT('2D SPACE',''
  ) );
#2146 = PCURVE('',#2147,#2152);
#2147 = PLANE('',#2148);
#2148 = AXIS2_PLACEMENT_3D('',#2149,#2150,#2151);
#2149 = CARTESIAN_POINT('',(2.99,-9.71,2.29));
#2150 = DIRECTION('',(0.,-1.,0.));
#2151 = DIRECTION('',(-1.,0.,0.));
#2152 = DEFINITIONAL_REPRESENTATION('',(#2153),#2157);
#2153 = LINE('',#2154,#2155);
#2154 = CARTESIAN_POINT('',(0.,-6.35));
#2155 = VECTOR('',#2156,1.);
#2156 = DIRECTION('',(1.,0.));
#2157 = ( GEOMETRIC_REPRESENTATION_CONTEXT(2) 
PARAMETRIC_REPRESENTATION_CONTEXT() REPRESENTATION_CONTEXT('2D SPACE',''
  ) );
#2158 = ORIENTED_EDGE('',*,*,#2159,.F.);
#2159 = EDGE_CURVE('',#2076,#2132,#2160,.T.);
#2160 = SURFACE_CURVE('',#2161,(#2165,#2172),.PCURVE_S1.);
#2161 = LINE('',#2162,#2163);
#2162 = CARTESIAN_POINT('',(2.99,-10.61,8.64));
#2163 = VECTOR('',#2164,1.);
#2164 = DIRECTION('',(0.,1.,0.));
#2165 = PCURVE('',#224,#2166);
#2166 = DEFINITIONAL_REPRESENTATION('',(#2167),#2171);
#2167 = LINE('',#2168,#2169);
#2168 = CARTESIAN_POINT('',(4.195,13.775));
#2169 = VECTOR('',#2170,1.);
#2170 = DIRECTION('',(0.,1.));
#2171 = ( GEOMETRIC_REPRESENTATION_CONTEXT(2) 
PARAMETRIC_REPRESENTATION_CONTEXT() REPRESENTATION_CONTEXT('2D SPACE',''
  ) );
#2172 = PCURVE('',#2173,#2178);
#2173 = PLANE('',#2174);
#2174 = AXIS2_PLACEMENT_3D('',#2175,#2176,#2177);
#2175 = CARTESIAN_POINT('',(2.99,-10.61,2.29));
#2176 = DIRECTION('',(-1.,0.,0.));
#2177 = DIRECTION('',(0.,1.,0.));
#2178 = DEFINITIONAL_REPRESENTATION('',(#2179),#2183);
#2179 = LINE('',#2180,#2181);
#2180 = CARTESIAN_POINT('',(0.,-6.35));
#2181 = VECTOR('',#2182,1.);
#2182 = DIRECTION('',(1.,0.));
#2183 = ( GEOMETRIC_REPRESENTATION_CONTEXT(2) 
PARAMETRIC_REPRESENTATION_CONTEXT() REPRESENTATION_CONTEXT('2D SPACE',''
  ) );
#2184 = FACE_BOUND('',#2185,.T.);
#2185 = EDGE_LOOP('',(#2186,#2216,#2244,#2272));
#2186 = ORIENTED_EDGE('',*,*,#2187,.F.);
#2187 = EDGE_CURVE('',#2188,#2190,#2192,.T.);
#2188 = VERTEX_POINT('',#2189);
#2189 = CARTESIAN_POINT('',(2.09,-8.07,8.64));
#2190 = VERTEX_POINT('',#2191);
#2191 = CARTESIAN_POINT('',(2.99,-8.07,8.64));
#2192 = SURFACE_CURVE('',#2193,(#2197,#2204),.PCURVE_S1.);
#2193 = LINE('',#2194,#2195);
#2194 = CARTESIAN_POINT('',(2.09,-8.07,8.64));
#2195 = VECTOR('',#2196,1.);
#2196 = DIRECTION('',(1.,0.,0.));
#2197 = PCURVE('',#224,#2198);
#2198 = DEFINITIONAL_REPRESENTATION('',(#2199),#2203);
#2199 = LINE('',#2200,#2201);
#2200 = CARTESIAN_POINT('',(3.295,16.315));
#2201 = VECTOR('',#2202,1.);
#2202 = DIRECTION('',(1.,0.));
#2203 = ( GEOMETRIC_REPRESENTATION_CONTEXT(2) 
PARAMETRIC_REPRESENTATION_CONTEXT() REPRESENTATION_CONTEXT('2D SPACE',''
  ) );
#2204 = PCURVE('',#2205,#2210);
#2205 = PLANE('',#2206);
#2206 = AXIS2_PLACEMENT_3D('',#2207,#2208,#2209);
#2207 = CARTESIAN_POINT('',(2.09,-8.07,2.29));
#2208 = DIRECTION('',(0.,1.,0.));
#2209 = DIRECTION('',(1.,0.,0.));
#2210 = DEFINITIONAL_REPRESENTATION('',(#2211),#2215);
#2211 = LINE('',#2212,#2213);
#2212 = CARTESIAN_POINT('',(0.,-6.35));
#2213 = VECTOR('',#2214,1.);
#2214 = DIRECTION('',(1.,0.));
#2215 = ( GEOMETRIC_REPRESENTATION_CONTEXT(2) 
PARAMETRIC_REPRESENTATION_CONTEXT() REPRESENTATION_CONTEXT('2D SPACE',''
  ) );
#2216 = ORIENTED_EDGE('',*,*,#2217,.F.);
#2217 = EDGE_CURVE('',#2218,#2188,#2220,.T.);
#2218 = VERTEX_POINT('',#2219);
#2219 = CARTESIAN_POINT('',(2.09,-7.17,8.64));
#2220 = SURFACE_CURVE('',#2221,(#2225,#2232),.PCURVE_S1.);
#2221 = LINE('',#2222,#2223);
#2222 = CARTESIAN_POINT('',(2.09,-7.17,8.64));
#2223 = VECTOR('',#2224,1.);
#2224 = DIRECTION('',(0.,-1.,0.));
#2225 = PCURVE('',#224,#2226);
#2226 = DEFINITIONAL_REPRESENTATION('',(#2227),#2231);
#2227 = LINE('',#2228,#2229);
#2228 = CARTESIAN_POINT('',(3.295,17.215));
#2229 = VECTOR('',#2230,1.);
#2230 = DIRECTION('',(0.,-1.));
#2231 = ( GEOMETRIC_REPRESENTATION_CONTEXT(2) 
PARAMETRIC_REPRESENTATION_CONTEXT() REPRESENTATION_CONTEXT('2D SPACE',''
  ) );
#2232 = PCURVE('',#2233,#2238);
#2233 = PLANE('',#2234);
#2234 = AXIS2_PLACEMENT_3D('',#2235,#2236,#2237);
#2235 = CARTESIAN_POINT('',(2.09,-7.17,2.29));
#2236 = DIRECTION('',(1.,0.,-0.));
#2237 = DIRECTION('',(0.,-1.,0.));
#2238 = DEFINITIONAL_REPRESENTATION('',(#2239),#2243);
#2239 = LINE('',#2240,#2241);
#2240 = CARTESIAN_POINT('',(0.,-6.35));
#2241 = VECTOR('',#2242,1.);
#2242 = DIRECTION('',(1.,0.));
#2243 = ( GEOMETRIC_REPRESENTATION_CONTEXT(2) 
PARAMETRIC_REPRESENTATION_CONTEXT() REPRESENTATION_CONTEXT('2D SPACE',''
  ) );
#2244 = ORIENTED_EDGE('',*,*,#2245,.F.);
#2245 = EDGE_CURVE('',#2246,#2218,#2248,.T.);
#2246 = VERTEX_POINT('',#2247);
#2247 = CARTESIAN_POINT('',(2.99,-7.17,8.64));
#2248 = SURFACE_CURVE('',#2249,(#2253,#2260),.PCURVE_S1.);
#2249 = LINE('',#2250,#2251);
#2250 = CARTESIAN_POINT('',(2.99,-7.17,8.64));
#2251 = VECTOR('',#2252,1.);
#2252 = DIRECTION('',(-1.,0.,0.));
#2253 = PCURVE('',#224,#2254);
#2254 = DEFINITIONAL_REPRESENTATION('',(#2255),#2259);
#2255 = LINE('',#2256,#2257);
#2256 = CARTESIAN_POINT('',(4.195,17.215));
#2257 = VECTOR('',#2258,1.);
#2258 = DIRECTION('',(-1.,0.));
#2259 = ( GEOMETRIC_REPRESENTATION_CONTEXT(2) 
PARAMETRIC_REPRESENTATION_CONTEXT() REPRESENTATION_CONTEXT('2D SPACE',''
  ) );
#2260 = PCURVE('',#2261,#2266);
#2261 = PLANE('',#2262);
#2262 = AXIS2_PLACEMENT_3D('',#2263,#2264,#2265);
#2263 = CARTESIAN_POINT('',(2.99,-7.17,2.29));
#2264 = DIRECTION('',(0.,-1.,0.));
#2265 = DIRECTION('',(-1.,0.,0.));
#2266 = DEFINITIONAL_REPRESENTATION('',(#2267),#2271);
#2267 = LINE('',#2268,#2269);
#2268 = CARTESIAN_POINT('',(0.,-6.35));
#2269 = VECTOR('',#2270,1.);
#2270 = DIRECTION('',(1.,0.));
#2271 = ( GEOMETRIC_REPRESENTATION_CONTEXT(2) 
PARAMETRIC_REPRESENTATION_CONTEXT() REPRESENTATION_CONTEXT('2D SPACE',''
  ) );
#2272 = ORIENTED_EDGE('',*,*,#2273,.F.);
#2273 = EDGE_CURVE('',#2190,#2246,#2274,.T.);
#2274 = SURFACE_CURVE('',#2275,(#2279,#2286),.PCURVE_S1.);
#2275 = LINE('',#2276,#2277);
#2276 = CARTESIAN_POINT('',(2.99,-8.07,8.64));
#2277 = VECTOR('',#2278,1.);
#2278 = DIRECTION('',(0.,1.,0.));
#2279 = PCURVE('',#224,#2280);
#2280 = DEFINITIONAL_REPRESENTATION('',(#2281),#2285);
#2281 = LINE('',#2282,#2283);
#2282 = CARTESIAN_POINT('',(4.195,16.315));
#2283 = VECTOR('',#2284,1.);
#2284 = DIRECTION('',(0.,1.));
#2285 = ( GEOMETRIC_REPRESENTATION_CONTEXT(2) 
PARAMETRIC_REPRESENTATION_CONTEXT() REPRESENTATION_CONTEXT('2D SPACE',''
  ) );
#2286 = PCURVE('',#2287,#2292);
#2287 = PLANE('',#2288);
#2288 = AXIS2_PLACEMENT_3D('',#2289,#2290,#2291);
#2289 = CARTESIAN_POINT('',(2.99,-8.07,2.29));
#2290 = DIRECTION('',(-1.,0.,0.));
#2291 = DIRECTION('',(0.,1.,0.));
#2292 = DEFINITIONAL_REPRESENTATION('',(#2293),#2297);
#2293 = LINE('',#2294,#2295);
#2294 = CARTESIAN_POINT('',(0.,-6.35));
#2295 = VECTOR('',#2296,1.);
#2296 = DIRECTION('',(1.,0.));
#2297 = ( GEOMETRIC_REPRESENTATION_CONTEXT(2) 
PARAMETRIC_REPRESENTATION_CONTEXT() REPRESENTATION_CONTEXT('2D SPACE',''
  ) );
#2298 = FACE_BOUND('',#2299,.T.);
#2299 = EDGE_LOOP('',(#2300,#2330,#2358,#2386));
#2300 = ORIENTED_EDGE('',*,*,#2301,.F.);
#2301 = EDGE_CURVE('',#2302,#2304,#2306,.T.);
#2302 = VERTEX_POINT('',#2303);
#2303 = CARTESIAN_POINT('',(2.09,-5.53,8.64));
#2304 = VERTEX_POINT('',#2305);
#2305 = CARTESIAN_POINT('',(2.99,-5.53,8.64));
#2306 = SURFACE_CURVE('',#2307,(#2311,#2318),.PCURVE_S1.);
#2307 = LINE('',#2308,#2309);
#2308 = CARTESIAN_POINT('',(2.09,-5.53,8.64));
#2309 = VECTOR('',#2310,1.);
#2310 = DIRECTION('',(1.,0.,0.));
#2311 = PCURVE('',#224,#2312);
#2312 = DEFINITIONAL_REPRESENTATION('',(#2313),#2317);
#2313 = LINE('',#2314,#2315);
#2314 = CARTESIAN_POINT('',(3.295,18.855));
#2315 = VECTOR('',#2316,1.);
#2316 = DIRECTION('',(1.,0.));
#2317 = ( GEOMETRIC_REPRESENTATION_CONTEXT(2) 
PARAMETRIC_REPRESENTATION_CONTEXT() REPRESENTATION_CONTEXT('2D SPACE',''
  ) );
#2318 = PCURVE('',#2319,#2324);
#2319 = PLANE('',#2320);
#2320 = AXIS2_PLACEMENT_3D('',#2321,#2322,#2323);
#2321 = CARTESIAN_POINT('',(2.09,-5.53,2.29));
#2322 = DIRECTION('',(0.,1.,0.));
#2323 = DIRECTION('',(1.,0.,0.));
#2324 = DEFINITIONAL_REPRESENTATION('',(#2325),#2329);
#2325 = LINE('',#2326,#2327);
#2326 = CARTESIAN_POINT('',(0.,-6.35));
#2327 = VECTOR('',#2328,1.);
#2328 = DIRECTION('',(1.,0.));
#2329 = ( GEOMETRIC_REPRESENTATION_CONTEXT(2) 
PARAMETRIC_REPRESENTATION_CONTEXT() REPRESENTATION_CONTEXT('2D SPACE',''
  ) );
#2330 = ORIENTED_EDGE('',*,*,#2331,.F.);
#2331 = EDGE_CURVE('',#2332,#2302,#2334,.T.);
#2332 = VERTEX_POINT('',#2333);
#2333 = CARTESIAN_POINT('',(2.09,-4.63,8.64));
#2334 = SURFACE_CURVE('',#2335,(#2339,#2346),.PCURVE_S1.);
#2335 = LINE('',#2336,#2337);
#2336 = CARTESIAN_POINT('',(2.09,-4.63,8.64));
#2337 = VECTOR('',#2338,1.);
#2338 = DIRECTION('',(0.,-1.,0.));
#2339 = PCURVE('',#224,#2340);
#2340 = DEFINITIONAL_REPRESENTATION('',(#2341),#2345);
#2341 = LINE('',#2342,#2343);
#2342 = CARTESIAN_POINT('',(3.295,19.755));
#2343 = VECTOR('',#2344,1.);
#2344 = DIRECTION('',(0.,-1.));
#2345 = ( GEOMETRIC_REPRESENTATION_CONTEXT(2) 
PARAMETRIC_REPRESENTATION_CONTEXT() REPRESENTATION_CONTEXT('2D SPACE',''
  ) );
#2346 = PCURVE('',#2347,#2352);
#2347 = PLANE('',#2348);
#2348 = AXIS2_PLACEMENT_3D('',#2349,#2350,#2351);
#2349 = CARTESIAN_POINT('',(2.09,-4.63,2.29));
#2350 = DIRECTION('',(1.,0.,-0.));
#2351 = DIRECTION('',(0.,-1.,0.));
#2352 = DEFINITIONAL_REPRESENTATION('',(#2353),#2357);
#2353 = LINE('',#2354,#2355);
#2354 = CARTESIAN_POINT('',(0.,-6.35));
#2355 = VECTOR('',#2356,1.);
#2356 = DIRECTION('',(1.,0.));
#2357 = ( GEOMETRIC_REPRESENTATION_CONTEXT(2) 
PARAMETRIC_REPRESENTATION_CONTEXT() REPRESENTATION_CONTEXT('2D SPACE',''
  ) );
#2358 = ORIENTED_EDGE('',*,*,#2359,.F.);
#2359 = EDGE_CURVE('',#2360,#2332,#2362,.T.);
#2360 = VERTEX_POINT('',#2361);
#2361 = CARTESIAN_POINT('',(2.99,-4.63,8.64));
#2362 = SURFACE_CURVE('',#2363,(#2367,#2374),.PCURVE_S1.);
#2363 = LINE('',#2364,#2365);
#2364 = CARTESIAN_POINT('',(2.99,-4.63,8.64));
#2365 = VECTOR('',#2366,1.);
#2366 = DIRECTION('',(-1.,0.,0.));
#2367 = PCURVE('',#224,#2368);
#2368 = DEFINITIONAL_REPRESENTATION('',(#2369),#2373);
#2369 = LINE('',#2370,#2371);
#2370 = CARTESIAN_POINT('',(4.195,19.755));
#2371 = VECTOR('',#2372,1.);
#2372 = DIRECTION('',(-1.,0.));
#2373 = ( GEOMETRIC_REPRESENTATION_CONTEXT(2) 
PARAMETRIC_REPRESENTATION_CONTEXT() REPRESENTATION_CONTEXT('2D SPACE',''
  ) );
#2374 = PCURVE('',#2375,#2380);
#2375 = PLANE('',#2376);
#2376 = AXIS2_PLACEMENT_3D('',#2377,#2378,#2379);
#2377 = CARTESIAN_POINT('',(2.99,-4.63,2.29));
#2378 = DIRECTION('',(0.,-1.,0.));
#2379 = DIRECTION('',(-1.,0.,0.));
#2380 = DEFINITIONAL_REPRESENTATION('',(#2381),#2385);
#2381 = LINE('',#2382,#2383);
#2382 = CARTESIAN_POINT('',(0.,-6.35));
#2383 = VECTOR('',#2384,1.);
#2384 = DIRECTION('',(1.,0.));
#2385 = ( GEOMETRIC_REPRESENTATION_CONTEXT(2) 
PARAMETRIC_REPRESENTATION_CONTEXT() REPRESENTATION_CONTEXT('2D SPACE',''
  ) );
#2386 = ORIENTED_EDGE('',*,*,#2387,.F.);
#2387 = EDGE_CURVE('',#2304,#2360,#2388,.T.);
#2388 = SURFACE_CURVE('',#2389,(#2393,#2400),.PCURVE_S1.);
#2389 = LINE('',#2390,#2391);
#2390 = CARTESIAN_POINT('',(2.99,-5.53,8.64));
#2391 = VECTOR('',#2392,1.);
#2392 = DIRECTION('',(0.,1.,0.));
#2393 = PCURVE('',#224,#2394);
#2394 = DEFINITIONAL_REPRESENTATION('',(#2395),#2399);
#2395 = LINE('',#2396,#2397);
#2396 = CARTESIAN_POINT('',(4.195,18.855));
#2397 = VECTOR('',#2398,1.);
#2398 = DIRECTION('',(0.,1.));
#2399 = ( GEOMETRIC_REPRESENTATION_CONTEXT(2) 
PARAMETRIC_REPRESENTATION_CONTEXT() REPRESENTATION_CONTEXT('2D SPACE',''
  ) );
#2400 = PCURVE('',#2401,#2406);
#2401 = PLANE('',#2402);
#2402 = AXIS2_PLACEMENT_3D('',#2403,#2404,#2405);
#2403 = CARTESIAN_POINT('',(2.99,-5.53,2.29));
#2404 = DIRECTION('',(-1.,0.,0.));
#2405 = DIRECTION('',(0.,1.,0.));
#2406 = DEFINITIONAL_REPRESENTATION('',(#2407),#2411);
#2407 = LINE('',#2408,#2409);
#2408 = CARTESIAN_POINT('',(0.,-6.35));
#2409 = VECTOR('',#2410,1.);
#2410 = DIRECTION('',(1.,0.));
#2411 = ( GEOMETRIC_REPRESENTATION_CONTEXT(2) 
PARAMETRIC_REPRESENTATION_CONTEXT() REPRESENTATION_CONTEXT('2D SPACE',''
  ) );
#2412 = FACE_BOUND('',#2413,.T.);
#2413 = EDGE_LOOP('',(#2414,#2444,#2472,#2500));
#2414 = ORIENTED_EDGE('',*,*,#2415,.F.);
#2415 = EDGE_CURVE('',#2416,#2418,#2420,.T.);
#2416 = VERTEX_POINT('',#2417);
#2417 = CARTESIAN_POINT('',(2.09,-2.99,8.64));
#2418 = VERTEX_POINT('',#2419);
#2419 = CARTESIAN_POINT('',(2.99,-2.99,8.64));
#2420 = SURFACE_CURVE('',#2421,(#2425,#2432),.PCURVE_S1.);
#2421 = LINE('',#2422,#2423);
#2422 = CARTESIAN_POINT('',(2.09,-2.99,8.64));
#2423 = VECTOR('',#2424,1.);
#2424 = DIRECTION('',(1.,0.,0.));
#2425 = PCURVE('',#224,#2426);
#2426 = DEFINITIONAL_REPRESENTATION('',(#2427),#2431);
#2427 = LINE('',#2428,#2429);
#2428 = CARTESIAN_POINT('',(3.295,21.395));
#2429 = VECTOR('',#2430,1.);
#2430 = DIRECTION('',(1.,0.));
#2431 = ( GEOMETRIC_REPRESENTATION_CONTEXT(2) 
PARAMETRIC_REPRESENTATION_CONTEXT() REPRESENTATION_CONTEXT('2D SPACE',''
  ) );
#2432 = PCURVE('',#2433,#2438);
#2433 = PLANE('',#2434);
#2434 = AXIS2_PLACEMENT_3D('',#2435,#2436,#2437);
#2435 = CARTESIAN_POINT('',(2.09,-2.99,2.29));
#2436 = DIRECTION('',(0.,1.,0.));
#2437 = DIRECTION('',(1.,0.,0.));
#2438 = DEFINITIONAL_REPRESENTATION('',(#2439),#2443);
#2439 = LINE('',#2440,#2441);
#2440 = CARTESIAN_POINT('',(0.,-6.35));
#2441 = VECTOR('',#2442,1.);
#2442 = DIRECTION('',(1.,0.));
#2443 = ( GEOMETRIC_REPRESENTATION_CONTEXT(2) 
PARAMETRIC_REPRESENTATION_CONTEXT() REPRESENTATION_CONTEXT('2D SPACE',''
  ) );
#2444 = ORIENTED_EDGE('',*,*,#2445,.F.);
#2445 = EDGE_CURVE('',#2446,#2416,#2448,.T.);
#2446 = VERTEX_POINT('',#2447);
#2447 = CARTESIAN_POINT('',(2.09,-2.09,8.64));
#2448 = SURFACE_CURVE('',#2449,(#2453,#2460),.PCURVE_S1.);
#2449 = LINE('',#2450,#2451);
#2450 = CARTESIAN_POINT('',(2.09,-2.09,8.64));
#2451 = VECTOR('',#2452,1.);
#2452 = DIRECTION('',(0.,-1.,0.));
#2453 = PCURVE('',#224,#2454);
#2454 = DEFINITIONAL_REPRESENTATION('',(#2455),#2459);
#2455 = LINE('',#2456,#2457);
#2456 = CARTESIAN_POINT('',(3.295,22.295));
#2457 = VECTOR('',#2458,1.);
#2458 = DIRECTION('',(0.,-1.));
#2459 = ( GEOMETRIC_REPRESENTATION_CONTEXT(2) 
PARAMETRIC_REPRESENTATION_CONTEXT() REPRESENTATION_CONTEXT('2D SPACE',''
  ) );
#2460 = PCURVE('',#2461,#2466);
#2461 = PLANE('',#2462);
#2462 = AXIS2_PLACEMENT_3D('',#2463,#2464,#2465);
#2463 = CARTESIAN_POINT('',(2.09,-2.09,2.29));
#2464 = DIRECTION('',(1.,0.,-0.));
#2465 = DIRECTION('',(0.,-1.,0.));
#2466 = DEFINITIONAL_REPRESENTATION('',(#2467),#2471);
#2467 = LINE('',#2468,#2469);
#2468 = CARTESIAN_POINT('',(0.,-6.35));
#2469 = VECTOR('',#2470,1.);
#2470 = DIRECTION('',(1.,0.));
#2471 = ( GEOMETRIC_REPRESENTATION_CONTEXT(2) 
PARAMETRIC_REPRESENTATION_CONTEXT() REPRESENTATION_CONTEXT('2D SPACE',''
  ) );
#2472 = ORIENTED_EDGE('',*,*,#2473,.F.);
#2473 = EDGE_CURVE('',#2474,#2446,#2476,.T.);
#2474 = VERTEX_POINT('',#2475);
#2475 = CARTESIAN_POINT('',(2.99,-2.09,8.64));
#2476 = SURFACE_CURVE('',#2477,(#2481,#2488),.PCURVE_S1.);
#2477 = LINE('',#2478,#2479);
#2478 = CARTESIAN_POINT('',(2.99,-2.09,8.64));
#2479 = VECTOR('',#2480,1.);
#2480 = DIRECTION('',(-1.,0.,0.));
#2481 = PCURVE('',#224,#2482);
#2482 = DEFINITIONAL_REPRESENTATION('',(#2483),#2487);
#2483 = LINE('',#2484,#2485);
#2484 = CARTESIAN_POINT('',(4.195,22.295));
#2485 = VECTOR('',#2486,1.);
#2486 = DIRECTION('',(-1.,0.));
#2487 = ( GEOMETRIC_REPRESENTATION_CONTEXT(2) 
PARAMETRIC_REPRESENTATION_CONTEXT() REPRESENTATION_CONTEXT('2D SPACE',''
  ) );
#2488 = PCURVE('',#2489,#2494);
#2489 = PLANE('',#2490);
#2490 = AXIS2_PLACEMENT_3D('',#2491,#2492,#2493);
#2491 = CARTESIAN_POINT('',(2.99,-2.09,2.29));
#2492 = DIRECTION('',(0.,-1.,0.));
#2493 = DIRECTION('',(-1.,0.,0.));
#2494 = DEFINITIONAL_REPRESENTATION('',(#2495),#2499);
#2495 = LINE('',#2496,#2497);
#2496 = CARTESIAN_POINT('',(0.,-6.35));
#2497 = VECTOR('',#2498,1.);
#2498 = DIRECTION('',(1.,0.));
#2499 = ( GEOMETRIC_REPRESENTATION_CONTEXT(2) 
PARAMETRIC_REPRESENTATION_CONTEXT() REPRESENTATION_CONTEXT('2D SPACE',''
  ) );
#2500 = ORIENTED_EDGE('',*,*,#2501,.F.);
#2501 = EDGE_CURVE('',#2418,#2474,#2502,.T.);
#2502 = SURFACE_CURVE('',#2503,(#2507,#2514),.PCURVE_S1.);
#2503 = LINE('',#2504,#2505);
#2504 = CARTESIAN_POINT('',(2.99,-2.99,8.64));
#2505 = VECTOR('',#2506,1.);
#2506 = DIRECTION('',(0.,1.,0.));
#2507 = PCURVE('',#224,#2508);
#2508 = DEFINITIONAL_REPRESENTATION('',(#2509),#2513);
#2509 = LINE('',#2510,#2511);
#2510 = CARTESIAN_POINT('',(4.195,21.395));
#2511 = VECTOR('',#2512,1.);
#2512 = DIRECTION('',(0.,1.));
#2513 = ( GEOMETRIC_REPRESENTATION_CONTEXT(2) 
PARAMETRIC_REPRESENTATION_CONTEXT() REPRESENTATION_CONTEXT('2D SPACE',''
  ) );
#2514 = PCURVE('',#2515,#2520);
#2515 = PLANE('',#2516);
#2516 = AXIS2_PLACEMENT_3D('',#2517,#2518,#2519);
#2517 = CARTESIAN_POINT('',(2.99,-2.99,2.29));
#2518 = DIRECTION('',(-1.,0.,0.));
#2519 = DIRECTION('',(0.,1.,0.));
#2520 = DEFINITIONAL_REPRESENTATION('',(#2521),#2525);
#2521 = LINE('',#2522,#2523);
#2522 = CARTESIAN_POINT('',(0.,-6.35));
#2523 = VECTOR('',#2524,1.);
#2524 = DIRECTION('',(1.,0.));
#2525 = ( GEOMETRIC_REPRESENTATION_CONTEXT(2) 
PARAMETRIC_REPRESENTATION_CONTEXT() REPRESENTATION_CONTEXT('2D SPACE',''
  ) );
#2526 = FACE_BOUND('',#2527,.T.);
#2527 = EDGE_LOOP('',(#2528,#2558,#2586,#2614));
#2528 = ORIENTED_EDGE('',*,*,#2529,.F.);
#2529 = EDGE_CURVE('',#2530,#2532,#2534,.T.);
#2530 = VERTEX_POINT('',#2531);
#2531 = CARTESIAN_POINT('',(2.09,-0.45,8.64));
#2532 = VERTEX_POINT('',#2533);
#2533 = CARTESIAN_POINT('',(2.99,-0.45,8.64));
#2534 = SURFACE_CURVE('',#2535,(#2539,#2546),.PCURVE_S1.);
#2535 = LINE('',#2536,#2537);
#2536 = CARTESIAN_POINT('',(2.09,-0.45,8.64));
#2537 = VECTOR('',#2538,1.);
#2538 = DIRECTION('',(1.,0.,0.));
#2539 = PCURVE('',#224,#2540);
#2540 = DEFINITIONAL_REPRESENTATION('',(#2541),#2545);
#2541 = LINE('',#2542,#2543);
#2542 = CARTESIAN_POINT('',(3.295,23.935));
#2543 = VECTOR('',#2544,1.);
#2544 = DIRECTION('',(1.,0.));
#2545 = ( GEOMETRIC_REPRESENTATION_CONTEXT(2) 
PARAMETRIC_REPRESENTATION_CONTEXT() REPRESENTATION_CONTEXT('2D SPACE',''
  ) );
#2546 = PCURVE('',#2547,#2552);
#2547 = PLANE('',#2548);
#2548 = AXIS2_PLACEMENT_3D('',#2549,#2550,#2551);
#2549 = CARTESIAN_POINT('',(2.09,-0.45,2.29));
#2550 = DIRECTION('',(0.,1.,0.));
#2551 = DIRECTION('',(1.,0.,0.));
#2552 = DEFINITIONAL_REPRESENTATION('',(#2553),#2557);
#2553 = LINE('',#2554,#2555);
#2554 = CARTESIAN_POINT('',(0.,-6.35));
#2555 = VECTOR('',#2556,1.);
#2556 = DIRECTION('',(1.,0.));
#2557 = ( GEOMETRIC_REPRESENTATION_CONTEXT(2) 
PARAMETRIC_REPRESENTATION_CONTEXT() REPRESENTATION_CONTEXT('2D SPACE',''
  ) );
#2558 = ORIENTED_EDGE('',*,*,#2559,.F.);
#2559 = EDGE_CURVE('',#2560,#2530,#2562,.T.);
#2560 = VERTEX_POINT('',#2561);
#2561 = CARTESIAN_POINT('',(2.09,0.45,8.64));
#2562 = SURFACE_CURVE('',#2563,(#2567,#2574),.PCURVE_S1.);
#2563 = LINE('',#2564,#2565);
#2564 = CARTESIAN_POINT('',(2.09,0.45,8.64));
#2565 = VECTOR('',#2566,1.);
#2566 = DIRECTION('',(0.,-1.,0.));
#2567 = PCURVE('',#224,#2568);
#2568 = DEFINITIONAL_REPRESENTATION('',(#2569),#2573);
#2569 = LINE('',#2570,#2571);
#2570 = CARTESIAN_POINT('',(3.295,24.835));
#2571 = VECTOR('',#2572,1.);
#2572 = DIRECTION('',(0.,-1.));
#2573 = ( GEOMETRIC_REPRESENTATION_CONTEXT(2) 
PARAMETRIC_REPRESENTATION_CONTEXT() REPRESENTATION_CONTEXT('2D SPACE',''
  ) );
#2574 = PCURVE('',#2575,#2580);
#2575 = PLANE('',#2576);
#2576 = AXIS2_PLACEMENT_3D('',#2577,#2578,#2579);
#2577 = CARTESIAN_POINT('',(2.09,0.45,2.29));
#2578 = DIRECTION('',(1.,0.,-0.));
#2579 = DIRECTION('',(0.,-1.,0.));
#2580 = DEFINITIONAL_REPRESENTATION('',(#2581),#2585);
#2581 = LINE('',#2582,#2583);
#2582 = CARTESIAN_POINT('',(0.,-6.35));
#2583 = VECTOR('',#2584,1.);
#2584 = DIRECTION('',(1.,0.));
#2585 = ( GEOMETRIC_REPRESENTATION_CONTEXT(2) 
PARAMETRIC_REPRESENTATION_CONTEXT() REPRESENTATION_CONTEXT('2D SPACE',''
  ) );
#2586 = ORIENTED_EDGE('',*,*,#2587,.F.);
#2587 = EDGE_CURVE('',#2588,#2560,#2590,.T.);
#2588 = VERTEX_POINT('',#2589);
#2589 = CARTESIAN_POINT('',(2.99,0.45,8.64));
#2590 = SURFACE_CURVE('',#2591,(#2595,#2602),.PCURVE_S1.);
#2591 = LINE('',#2592,#2593);
#2592 = CARTESIAN_POINT('',(2.99,0.45,8.64));
#2593 = VECTOR('',#2594,1.);
#2594 = DIRECTION('',(-1.,0.,0.));
#2595 = PCURVE('',#224,#2596);
#2596 = DEFINITIONAL_REPRESENTATION('',(#2597),#2601);
#2597 = LINE('',#2598,#2599);
#2598 = CARTESIAN_POINT('',(4.195,24.835));
#2599 = VECTOR('',#2600,1.);
#2600 = DIRECTION('',(-1.,0.));
#2601 = ( GEOMETRIC_REPRESENTATION_CONTEXT(2) 
PARAMETRIC_REPRESENTATION_CONTEXT() REPRESENTATION_CONTEXT('2D SPACE',''
  ) );
#2602 = PCURVE('',#2603,#2608);
#2603 = PLANE('',#2604);
#2604 = AXIS2_PLACEMENT_3D('',#2605,#2606,#2607);
#2605 = CARTESIAN_POINT('',(2.99,0.45,2.29));
#2606 = DIRECTION('',(0.,-1.,0.));
#2607 = DIRECTION('',(-1.,0.,0.));
#2608 = DEFINITIONAL_REPRESENTATION('',(#2609),#2613);
#2609 = LINE('',#2610,#2611);
#2610 = CARTESIAN_POINT('',(0.,-6.35));
#2611 = VECTOR('',#2612,1.);
#2612 = DIRECTION('',(1.,0.));
#2613 = ( GEOMETRIC_REPRESENTATION_CONTEXT(2) 
PARAMETRIC_REPRESENTATION_CONTEXT() REPRESENTATION_CONTEXT('2D SPACE',''
  ) );
#2614 = ORIENTED_EDGE('',*,*,#2615,.F.);
#2615 = EDGE_CURVE('',#2532,#2588,#2616,.T.);
#2616 = SURFACE_CURVE('',#2617,(#2621,#2628),.PCURVE_S1.);
#2617 = LINE('',#2618,#2619);
#2618 = CARTESIAN_POINT('',(2.99,-0.45,8.64));
#2619 = VECTOR('',#2620,1.);
#2620 = DIRECTION('',(0.,1.,0.));
#2621 = PCURVE('',#224,#2622);
#2622 = DEFINITIONAL_REPRESENTATION('',(#2623),#2627);
#2623 = LINE('',#2624,#2625);
#2624 = CARTESIAN_POINT('',(4.195,23.935));
#2625 = VECTOR('',#2626,1.);
#2626 = DIRECTION('',(0.,1.));
#2627 = ( GEOMETRIC_REPRESENTATION_CONTEXT(2) 
PARAMETRIC_REPRESENTATION_CONTEXT() REPRESENTATION_CONTEXT('2D SPACE',''
  ) );
#2628 = PCURVE('',#2629,#2634);
#2629 = PLANE('',#2630);
#2630 = AXIS2_PLACEMENT_3D('',#2631,#2632,#2633);
#2631 = CARTESIAN_POINT('',(2.99,-0.45,2.29));
#2632 = DIRECTION('',(-1.,0.,0.));
#2633 = DIRECTION('',(0.,1.,0.));
#2634 = DEFINITIONAL_REPRESENTATION('',(#2635),#2639);
#2635 = LINE('',#2636,#2637);
#2636 = CARTESIAN_POINT('',(0.,-6.35));
#2637 = VECTOR('',#2638,1.);
#2638 = DIRECTION('',(1.,0.));
#2639 = ( GEOMETRIC_REPRESENTATION_CONTEXT(2) 
PARAMETRIC_REPRESENTATION_CONTEXT() REPRESENTATION_CONTEXT('2D SPACE',''
  ) );
#2640 = ADVANCED_FACE('',(#2641),#198,.T.);
#2641 = FACE_BOUND('',#2642,.T.);
#2642 = EDGE_LOOP('',(#2643,#2666,#2667,#2668));
#2643 = ORIENTED_EDGE('',*,*,#2644,.F.);
#2644 = EDGE_CURVE('',#155,#2645,#2647,.T.);
#2645 = VERTEX_POINT('',#2646);
#2646 = CARTESIAN_POINT('',(3.745,1.525,0.13));
#2647 = SURFACE_CURVE('',#2648,(#2652,#2659),.PCURVE_S1.);
#2648 = LINE('',#2649,#2650);
#2649 = CARTESIAN_POINT('',(-1.205,1.525,0.13));
#2650 = VECTOR('',#2651,1.);
#2651 = DIRECTION('',(1.,0.,0.));
#2652 = PCURVE('',#198,#2653);
#2653 = DEFINITIONAL_REPRESENTATION('',(#2654),#2658);
#2654 = LINE('',#2655,#2656);
#2655 = CARTESIAN_POINT('',(0.,0.));
#2656 = VECTOR('',#2657,1.);
#2657 = DIRECTION('',(0.,1.));
#2658 = ( GEOMETRIC_REPRESENTATION_CONTEXT(2) 
PARAMETRIC_REPRESENTATION_CONTEXT() REPRESENTATION_CONTEXT('2D SPACE',''
  ) );
#2659 = PCURVE('',#170,#2660);
#2660 = DEFINITIONAL_REPRESENTATION('',(#2661),#2665);
#2661 = LINE('',#2662,#2663);
#2662 = CARTESIAN_POINT('',(0.,25.91));
#2663 = VECTOR('',#2664,1.);
#2664 = DIRECTION('',(1.,0.));
#2665 = ( GEOMETRIC_REPRESENTATION_CONTEXT(2) 
PARAMETRIC_REPRESENTATION_CONTEXT() REPRESENTATION_CONTEXT('2D SPACE',''
  ) );
#2666 = ORIENTED_EDGE('',*,*,#182,.T.);
#2667 = ORIENTED_EDGE('',*,*,#340,.T.);
#2668 = ORIENTED_EDGE('',*,*,#2669,.F.);
#2669 = EDGE_CURVE('',#2645,#318,#2670,.T.);
#2670 = SURFACE_CURVE('',#2671,(#2675,#2682),.PCURVE_S1.);
#2671 = LINE('',#2672,#2673);
#2672 = CARTESIAN_POINT('',(3.745,1.525,0.13));
#2673 = VECTOR('',#2674,1.);
#2674 = DIRECTION('',(0.,0.,1.));
#2675 = PCURVE('',#198,#2676);
#2676 = DEFINITIONAL_REPRESENTATION('',(#2677),#2681);
#2677 = LINE('',#2678,#2679);
#2678 = CARTESIAN_POINT('',(0.,4.95));
#2679 = VECTOR('',#2680,1.);
#2680 = DIRECTION('',(1.,0.));
#2681 = ( GEOMETRIC_REPRESENTATION_CONTEXT(2) 
PARAMETRIC_REPRESENTATION_CONTEXT() REPRESENTATION_CONTEXT('2D SPACE',''
  ) );
#2682 = PCURVE('',#300,#2683);
#2683 = DEFINITIONAL_REPRESENTATION('',(#2684),#2688);
#2684 = LINE('',#2685,#2686);
#2685 = CARTESIAN_POINT('',(0.,-25.91));
#2686 = VECTOR('',#2687,1.);
#2687 = DIRECTION('',(1.,0.));
#2688 = ( GEOMETRIC_REPRESENTATION_CONTEXT(2) 
PARAMETRIC_REPRESENTATION_CONTEXT() REPRESENTATION_CONTEXT('2D SPACE',''
  ) );
#2689 = ADVANCED_FACE('',(#2690),#170,.F.);
#2690 = FACE_BOUND('',#2691,.F.);
#2691 = EDGE_LOOP('',(#2692,#2693,#2694,#2715));
#2692 = ORIENTED_EDGE('',*,*,#154,.F.);
#2693 = ORIENTED_EDGE('',*,*,#239,.T.);
#2694 = ORIENTED_EDGE('',*,*,#2695,.T.);
#2695 = EDGE_CURVE('',#240,#2645,#2696,.T.);
#2696 = SURFACE_CURVE('',#2697,(#2701,#2708),.PCURVE_S1.);
#2697 = LINE('',#2698,#2699);
#2698 = CARTESIAN_POINT('',(3.745,-24.385,0.13));
#2699 = VECTOR('',#2700,1.);
#2700 = DIRECTION('',(0.,1.,0.));
#2701 = PCURVE('',#170,#2702);
#2702 = DEFINITIONAL_REPRESENTATION('',(#2703),#2707);
#2703 = LINE('',#2704,#2705);
#2704 = CARTESIAN_POINT('',(4.95,0.));
#2705 = VECTOR('',#2706,1.);
#2706 = DIRECTION('',(0.,1.));
#2707 = ( GEOMETRIC_REPRESENTATION_CONTEXT(2) 
PARAMETRIC_REPRESENTATION_CONTEXT() REPRESENTATION_CONTEXT('2D SPACE',''
  ) );
#2708 = PCURVE('',#300,#2709);
#2709 = DEFINITIONAL_REPRESENTATION('',(#2710),#2714);
#2710 = LINE('',#2711,#2712);
#2711 = CARTESIAN_POINT('',(0.,0.));
#2712 = VECTOR('',#2713,1.);
#2713 = DIRECTION('',(0.,-1.));
#2714 = ( GEOMETRIC_REPRESENTATION_CONTEXT(2) 
PARAMETRIC_REPRESENTATION_CONTEXT() REPRESENTATION_CONTEXT('2D SPACE',''
  ) );
#2715 = ORIENTED_EDGE('',*,*,#2644,.F.);
#2716 = ADVANCED_FACE('',(#2717),#300,.T.);
#2717 = FACE_BOUND('',#2718,.T.);
#2718 = EDGE_LOOP('',(#2719,#2720,#2721,#2722));
#2719 = ORIENTED_EDGE('',*,*,#286,.F.);
#2720 = ORIENTED_EDGE('',*,*,#2695,.T.);
#2721 = ORIENTED_EDGE('',*,*,#2669,.T.);
#2722 = ORIENTED_EDGE('',*,*,#317,.F.);
#2723 = ADVANCED_FACE('',(#2724),#381,.T.);
#2724 = FACE_BOUND('',#2725,.T.);
#2725 = EDGE_LOOP('',(#2726,#2749,#2750,#2773));
#2726 = ORIENTED_EDGE('',*,*,#2727,.T.);
#2727 = EDGE_CURVE('',#2728,#364,#2730,.T.);
#2728 = VERTEX_POINT('',#2729);
#2729 = CARTESIAN_POINT('',(-0.45,-23.31,2.29));
#2730 = SURFACE_CURVE('',#2731,(#2735,#2742),.PCURVE_S1.);
#2731 = LINE('',#2732,#2733);
#2732 = CARTESIAN_POINT('',(-0.45,-23.31,2.29));
#2733 = VECTOR('',#2734,1.);
#2734 = DIRECTION('',(0.,0.,1.));
#2735 = PCURVE('',#381,#2736);
#2736 = DEFINITIONAL_REPRESENTATION('',(#2737),#2741);
#2737 = LINE('',#2738,#2739);
#2738 = CARTESIAN_POINT('',(0.,0.));
#2739 = VECTOR('',#2740,1.);
#2740 = DIRECTION('',(0.,-1.));
#2741 = ( GEOMETRIC_REPRESENTATION_CONTEXT(2) 
PARAMETRIC_REPRESENTATION_CONTEXT() REPRESENTATION_CONTEXT('2D SPACE',''
  ) );
#2742 = PCURVE('',#409,#2743);
#2743 = DEFINITIONAL_REPRESENTATION('',(#2744),#2748);
#2744 = LINE('',#2745,#2746);
#2745 = CARTESIAN_POINT('',(0.9,0.));
#2746 = VECTOR('',#2747,1.);
#2747 = DIRECTION('',(0.,-1.));
#2748 = ( GEOMETRIC_REPRESENTATION_CONTEXT(2) 
PARAMETRIC_REPRESENTATION_CONTEXT() REPRESENTATION_CONTEXT('2D SPACE',''
  ) );
#2749 = ORIENTED_EDGE('',*,*,#363,.T.);
#2750 = ORIENTED_EDGE('',*,*,#2751,.F.);
#2751 = EDGE_CURVE('',#2752,#366,#2754,.T.);
#2752 = VERTEX_POINT('',#2753);
#2753 = CARTESIAN_POINT('',(0.45,-23.31,2.29));
#2754 = SURFACE_CURVE('',#2755,(#2759,#2766),.PCURVE_S1.);
#2755 = LINE('',#2756,#2757);
#2756 = CARTESIAN_POINT('',(0.45,-23.31,2.29));
#2757 = VECTOR('',#2758,1.);
#2758 = DIRECTION('',(0.,0.,1.));
#2759 = PCURVE('',#381,#2760);
#2760 = DEFINITIONAL_REPRESENTATION('',(#2761),#2765);
#2761 = LINE('',#2762,#2763);
#2762 = CARTESIAN_POINT('',(0.9,0.));
#2763 = VECTOR('',#2764,1.);
#2764 = DIRECTION('',(0.,-1.));
#2765 = ( GEOMETRIC_REPRESENTATION_CONTEXT(2) 
PARAMETRIC_REPRESENTATION_CONTEXT() REPRESENTATION_CONTEXT('2D SPACE',''
  ) );
#2766 = PCURVE('',#463,#2767);
#2767 = DEFINITIONAL_REPRESENTATION('',(#2768),#2772);
#2768 = LINE('',#2769,#2770);
#2769 = CARTESIAN_POINT('',(0.,0.));
#2770 = VECTOR('',#2771,1.);
#2771 = DIRECTION('',(0.,-1.));
#2772 = ( GEOMETRIC_REPRESENTATION_CONTEXT(2) 
PARAMETRIC_REPRESENTATION_CONTEXT() REPRESENTATION_CONTEXT('2D SPACE',''
  ) );
#2773 = ORIENTED_EDGE('',*,*,#2774,.F.);
#2774 = EDGE_CURVE('',#2728,#2752,#2775,.T.);
#2775 = SURFACE_CURVE('',#2776,(#2780,#2787),.PCURVE_S1.);
#2776 = LINE('',#2777,#2778);
#2777 = CARTESIAN_POINT('',(-0.45,-23.31,2.29));
#2778 = VECTOR('',#2779,1.);
#2779 = DIRECTION('',(1.,0.,0.));
#2780 = PCURVE('',#381,#2781);
#2781 = DEFINITIONAL_REPRESENTATION('',(#2782),#2786);
#2782 = LINE('',#2783,#2784);
#2783 = CARTESIAN_POINT('',(0.,0.));
#2784 = VECTOR('',#2785,1.);
#2785 = DIRECTION('',(1.,0.));
#2786 = ( GEOMETRIC_REPRESENTATION_CONTEXT(2) 
PARAMETRIC_REPRESENTATION_CONTEXT() REPRESENTATION_CONTEXT('2D SPACE',''
  ) );
#2787 = PCURVE('',#2788,#2793);
#2788 = PLANE('',#2789);
#2789 = AXIS2_PLACEMENT_3D('',#2790,#2791,#2792);
#2790 = CARTESIAN_POINT('',(0.,0.,2.29));
#2791 = DIRECTION('',(0.,0.,1.));
#2792 = DIRECTION('',(1.,0.,-0.));
#2793 = DEFINITIONAL_REPRESENTATION('',(#2794),#2798);
#2794 = LINE('',#2795,#2796);
#2795 = CARTESIAN_POINT('',(-0.45,-23.31));
#2796 = VECTOR('',#2797,1.);
#2797 = DIRECTION('',(1.,0.));
#2798 = ( GEOMETRIC_REPRESENTATION_CONTEXT(2) 
PARAMETRIC_REPRESENTATION_CONTEXT() REPRESENTATION_CONTEXT('2D SPACE',''
  ) );
#2799 = ADVANCED_FACE('',(#2800),#463,.T.);
#2800 = FACE_BOUND('',#2801,.T.);
#2801 = EDGE_LOOP('',(#2802,#2803,#2804,#2827));
#2802 = ORIENTED_EDGE('',*,*,#2751,.T.);
#2803 = ORIENTED_EDGE('',*,*,#449,.T.);
#2804 = ORIENTED_EDGE('',*,*,#2805,.F.);
#2805 = EDGE_CURVE('',#2806,#422,#2808,.T.);
#2806 = VERTEX_POINT('',#2807);
#2807 = CARTESIAN_POINT('',(0.45,-22.41,2.29));
#2808 = SURFACE_CURVE('',#2809,(#2813,#2820),.PCURVE_S1.);
#2809 = LINE('',#2810,#2811);
#2810 = CARTESIAN_POINT('',(0.45,-22.41,2.29));
#2811 = VECTOR('',#2812,1.);
#2812 = DIRECTION('',(0.,0.,1.));
#2813 = PCURVE('',#463,#2814);
#2814 = DEFINITIONAL_REPRESENTATION('',(#2815),#2819);
#2815 = LINE('',#2816,#2817);
#2816 = CARTESIAN_POINT('',(0.9,0.));
#2817 = VECTOR('',#2818,1.);
#2818 = DIRECTION('',(0.,-1.));
#2819 = ( GEOMETRIC_REPRESENTATION_CONTEXT(2) 
PARAMETRIC_REPRESENTATION_CONTEXT() REPRESENTATION_CONTEXT('2D SPACE',''
  ) );
#2820 = PCURVE('',#437,#2821);
#2821 = DEFINITIONAL_REPRESENTATION('',(#2822),#2826);
#2822 = LINE('',#2823,#2824);
#2823 = CARTESIAN_POINT('',(0.,-0.));
#2824 = VECTOR('',#2825,1.);
#2825 = DIRECTION('',(0.,-1.));
#2826 = ( GEOMETRIC_REPRESENTATION_CONTEXT(2) 
PARAMETRIC_REPRESENTATION_CONTEXT() REPRESENTATION_CONTEXT('2D SPACE',''
  ) );
#2827 = ORIENTED_EDGE('',*,*,#2828,.F.);
#2828 = EDGE_CURVE('',#2752,#2806,#2829,.T.);
#2829 = SURFACE_CURVE('',#2830,(#2834,#2841),.PCURVE_S1.);
#2830 = LINE('',#2831,#2832);
#2831 = CARTESIAN_POINT('',(0.45,-23.31,2.29));
#2832 = VECTOR('',#2833,1.);
#2833 = DIRECTION('',(0.,1.,0.));
#2834 = PCURVE('',#463,#2835);
#2835 = DEFINITIONAL_REPRESENTATION('',(#2836),#2840);
#2836 = LINE('',#2837,#2838);
#2837 = CARTESIAN_POINT('',(0.,0.));
#2838 = VECTOR('',#2839,1.);
#2839 = DIRECTION('',(1.,0.));
#2840 = ( GEOMETRIC_REPRESENTATION_CONTEXT(2) 
PARAMETRIC_REPRESENTATION_CONTEXT() REPRESENTATION_CONTEXT('2D SPACE',''
  ) );
#2841 = PCURVE('',#2788,#2842);
#2842 = DEFINITIONAL_REPRESENTATION('',(#2843),#2847);
#2843 = LINE('',#2844,#2845);
#2844 = CARTESIAN_POINT('',(0.45,-23.31));
#2845 = VECTOR('',#2846,1.);
#2846 = DIRECTION('',(0.,1.));
#2847 = ( GEOMETRIC_REPRESENTATION_CONTEXT(2) 
PARAMETRIC_REPRESENTATION_CONTEXT() REPRESENTATION_CONTEXT('2D SPACE',''
  ) );
#2848 = ADVANCED_FACE('',(#2849),#437,.T.);
#2849 = FACE_BOUND('',#2850,.T.);
#2850 = EDGE_LOOP('',(#2851,#2852,#2853,#2876));
#2851 = ORIENTED_EDGE('',*,*,#2805,.T.);
#2852 = ORIENTED_EDGE('',*,*,#421,.T.);
#2853 = ORIENTED_EDGE('',*,*,#2854,.F.);
#2854 = EDGE_CURVE('',#2855,#394,#2857,.T.);
#2855 = VERTEX_POINT('',#2856);
#2856 = CARTESIAN_POINT('',(-0.45,-22.41,2.29));
#2857 = SURFACE_CURVE('',#2858,(#2862,#2869),.PCURVE_S1.);
#2858 = LINE('',#2859,#2860);
#2859 = CARTESIAN_POINT('',(-0.45,-22.41,2.29));
#2860 = VECTOR('',#2861,1.);
#2861 = DIRECTION('',(0.,0.,1.));
#2862 = PCURVE('',#437,#2863);
#2863 = DEFINITIONAL_REPRESENTATION('',(#2864),#2868);
#2864 = LINE('',#2865,#2866);
#2865 = CARTESIAN_POINT('',(0.9,0.));
#2866 = VECTOR('',#2867,1.);
#2867 = DIRECTION('',(0.,-1.));
#2868 = ( GEOMETRIC_REPRESENTATION_CONTEXT(2) 
PARAMETRIC_REPRESENTATION_CONTEXT() REPRESENTATION_CONTEXT('2D SPACE',''
  ) );
#2869 = PCURVE('',#409,#2870);
#2870 = DEFINITIONAL_REPRESENTATION('',(#2871),#2875);
#2871 = LINE('',#2872,#2873);
#2872 = CARTESIAN_POINT('',(0.,0.));
#2873 = VECTOR('',#2874,1.);
#2874 = DIRECTION('',(0.,-1.));
#2875 = ( GEOMETRIC_REPRESENTATION_CONTEXT(2) 
PARAMETRIC_REPRESENTATION_CONTEXT() REPRESENTATION_CONTEXT('2D SPACE',''
  ) );
#2876 = ORIENTED_EDGE('',*,*,#2877,.F.);
#2877 = EDGE_CURVE('',#2806,#2855,#2878,.T.);
#2878 = SURFACE_CURVE('',#2879,(#2883,#2890),.PCURVE_S1.);
#2879 = LINE('',#2880,#2881);
#2880 = CARTESIAN_POINT('',(0.45,-22.41,2.29));
#2881 = VECTOR('',#2882,1.);
#2882 = DIRECTION('',(-1.,0.,0.));
#2883 = PCURVE('',#437,#2884);
#2884 = DEFINITIONAL_REPRESENTATION('',(#2885),#2889);
#2885 = LINE('',#2886,#2887);
#2886 = CARTESIAN_POINT('',(0.,-0.));
#2887 = VECTOR('',#2888,1.);
#2888 = DIRECTION('',(1.,0.));
#2889 = ( GEOMETRIC_REPRESENTATION_CONTEXT(2) 
PARAMETRIC_REPRESENTATION_CONTEXT() REPRESENTATION_CONTEXT('2D SPACE',''
  ) );
#2890 = PCURVE('',#2788,#2891);
#2891 = DEFINITIONAL_REPRESENTATION('',(#2892),#2896);
#2892 = LINE('',#2893,#2894);
#2893 = CARTESIAN_POINT('',(0.45,-22.41));
#2894 = VECTOR('',#2895,1.);
#2895 = DIRECTION('',(-1.,0.));
#2896 = ( GEOMETRIC_REPRESENTATION_CONTEXT(2) 
PARAMETRIC_REPRESENTATION_CONTEXT() REPRESENTATION_CONTEXT('2D SPACE',''
  ) );
#2897 = ADVANCED_FACE('',(#2898),#409,.T.);
#2898 = FACE_BOUND('',#2899,.T.);
#2899 = EDGE_LOOP('',(#2900,#2901,#2902,#2903));
#2900 = ORIENTED_EDGE('',*,*,#2854,.T.);
#2901 = ORIENTED_EDGE('',*,*,#393,.T.);
#2902 = ORIENTED_EDGE('',*,*,#2727,.F.);
#2903 = ORIENTED_EDGE('',*,*,#2904,.F.);
#2904 = EDGE_CURVE('',#2855,#2728,#2905,.T.);
#2905 = SURFACE_CURVE('',#2906,(#2910,#2917),.PCURVE_S1.);
#2906 = LINE('',#2907,#2908);
#2907 = CARTESIAN_POINT('',(-0.45,-22.41,2.29));
#2908 = VECTOR('',#2909,1.);
#2909 = DIRECTION('',(0.,-1.,0.));
#2910 = PCURVE('',#409,#2911);
#2911 = DEFINITIONAL_REPRESENTATION('',(#2912),#2916);
#2912 = LINE('',#2913,#2914);
#2913 = CARTESIAN_POINT('',(0.,0.));
#2914 = VECTOR('',#2915,1.);
#2915 = DIRECTION('',(1.,0.));
#2916 = ( GEOMETRIC_REPRESENTATION_CONTEXT(2) 
PARAMETRIC_REPRESENTATION_CONTEXT() REPRESENTATION_CONTEXT('2D SPACE',''
  ) );
#2917 = PCURVE('',#2788,#2918);
#2918 = DEFINITIONAL_REPRESENTATION('',(#2919),#2923);
#2919 = LINE('',#2920,#2921);
#2920 = CARTESIAN_POINT('',(-0.45,-22.41));
#2921 = VECTOR('',#2922,1.);
#2922 = DIRECTION('',(0.,-1.));
#2923 = ( GEOMETRIC_REPRESENTATION_CONTEXT(2) 
PARAMETRIC_REPRESENTATION_CONTEXT() REPRESENTATION_CONTEXT('2D SPACE',''
  ) );
#2924 = ADVANCED_FACE('',(#2925),#495,.T.);
#2925 = FACE_BOUND('',#2926,.T.);
#2926 = EDGE_LOOP('',(#2927,#2950,#2951,#2974));
#2927 = ORIENTED_EDGE('',*,*,#2928,.T.);
#2928 = EDGE_CURVE('',#2929,#478,#2931,.T.);
#2929 = VERTEX_POINT('',#2930);
#2930 = CARTESIAN_POINT('',(-0.45,-20.77,2.29));
#2931 = SURFACE_CURVE('',#2932,(#2936,#2943),.PCURVE_S1.);
#2932 = LINE('',#2933,#2934);
#2933 = CARTESIAN_POINT('',(-0.45,-20.77,2.29));
#2934 = VECTOR('',#2935,1.);
#2935 = DIRECTION('',(0.,0.,1.));
#2936 = PCURVE('',#495,#2937);
#2937 = DEFINITIONAL_REPRESENTATION('',(#2938),#2942);
#2938 = LINE('',#2939,#2940);
#2939 = CARTESIAN_POINT('',(0.,0.));
#2940 = VECTOR('',#2941,1.);
#2941 = DIRECTION('',(0.,-1.));
#2942 = ( GEOMETRIC_REPRESENTATION_CONTEXT(2) 
PARAMETRIC_REPRESENTATION_CONTEXT() REPRESENTATION_CONTEXT('2D SPACE',''
  ) );
#2943 = PCURVE('',#523,#2944);
#2944 = DEFINITIONAL_REPRESENTATION('',(#2945),#2949);
#2945 = LINE('',#2946,#2947);
#2946 = CARTESIAN_POINT('',(0.9,0.));
#2947 = VECTOR('',#2948,1.);
#2948 = DIRECTION('',(0.,-1.));
#2949 = ( GEOMETRIC_REPRESENTATION_CONTEXT(2) 
PARAMETRIC_REPRESENTATION_CONTEXT() REPRESENTATION_CONTEXT('2D SPACE',''
  ) );
#2950 = ORIENTED_EDGE('',*,*,#477,.T.);
#2951 = ORIENTED_EDGE('',*,*,#2952,.F.);
#2952 = EDGE_CURVE('',#2953,#480,#2955,.T.);
#2953 = VERTEX_POINT('',#2954);
#2954 = CARTESIAN_POINT('',(0.45,-20.77,2.29));
#2955 = SURFACE_CURVE('',#2956,(#2960,#2967),.PCURVE_S1.);
#2956 = LINE('',#2957,#2958);
#2957 = CARTESIAN_POINT('',(0.45,-20.77,2.29));
#2958 = VECTOR('',#2959,1.);
#2959 = DIRECTION('',(0.,0.,1.));
#2960 = PCURVE('',#495,#2961);
#2961 = DEFINITIONAL_REPRESENTATION('',(#2962),#2966);
#2962 = LINE('',#2963,#2964);
#2963 = CARTESIAN_POINT('',(0.9,0.));
#2964 = VECTOR('',#2965,1.);
#2965 = DIRECTION('',(0.,-1.));
#2966 = ( GEOMETRIC_REPRESENTATION_CONTEXT(2) 
PARAMETRIC_REPRESENTATION_CONTEXT() REPRESENTATION_CONTEXT('2D SPACE',''
  ) );
#2967 = PCURVE('',#577,#2968);
#2968 = DEFINITIONAL_REPRESENTATION('',(#2969),#2973);
#2969 = LINE('',#2970,#2971);
#2970 = CARTESIAN_POINT('',(0.,0.));
#2971 = VECTOR('',#2972,1.);
#2972 = DIRECTION('',(0.,-1.));
#2973 = ( GEOMETRIC_REPRESENTATION_CONTEXT(2) 
PARAMETRIC_REPRESENTATION_CONTEXT() REPRESENTATION_CONTEXT('2D SPACE',''
  ) );
#2974 = ORIENTED_EDGE('',*,*,#2975,.F.);
#2975 = EDGE_CURVE('',#2929,#2953,#2976,.T.);
#2976 = SURFACE_CURVE('',#2977,(#2981,#2988),.PCURVE_S1.);
#2977 = LINE('',#2978,#2979);
#2978 = CARTESIAN_POINT('',(-0.45,-20.77,2.29));
#2979 = VECTOR('',#2980,1.);
#2980 = DIRECTION('',(1.,0.,0.));
#2981 = PCURVE('',#495,#2982);
#2982 = DEFINITIONAL_REPRESENTATION('',(#2983),#2987);
#2983 = LINE('',#2984,#2985);
#2984 = CARTESIAN_POINT('',(0.,0.));
#2985 = VECTOR('',#2986,1.);
#2986 = DIRECTION('',(1.,0.));
#2987 = ( GEOMETRIC_REPRESENTATION_CONTEXT(2) 
PARAMETRIC_REPRESENTATION_CONTEXT() REPRESENTATION_CONTEXT('2D SPACE',''
  ) );
#2988 = PCURVE('',#2989,#2994);
#2989 = PLANE('',#2990);
#2990 = AXIS2_PLACEMENT_3D('',#2991,#2992,#2993);
#2991 = CARTESIAN_POINT('',(0.,0.,2.29));
#2992 = DIRECTION('',(0.,0.,1.));
#2993 = DIRECTION('',(1.,0.,-0.));
#2994 = DEFINITIONAL_REPRESENTATION('',(#2995),#2999);
#2995 = LINE('',#2996,#2997);
#2996 = CARTESIAN_POINT('',(-0.45,-20.77));
#2997 = VECTOR('',#2998,1.);
#2998 = DIRECTION('',(1.,0.));
#2999 = ( GEOMETRIC_REPRESENTATION_CONTEXT(2) 
PARAMETRIC_REPRESENTATION_CONTEXT() REPRESENTATION_CONTEXT('2D SPACE',''
  ) );
#3000 = ADVANCED_FACE('',(#3001),#577,.T.);
#3001 = FACE_BOUND('',#3002,.T.);
#3002 = EDGE_LOOP('',(#3003,#3004,#3005,#3028));
#3003 = ORIENTED_EDGE('',*,*,#2952,.T.);
#3004 = ORIENTED_EDGE('',*,*,#563,.T.);
#3005 = ORIENTED_EDGE('',*,*,#3006,.F.);
#3006 = EDGE_CURVE('',#3007,#536,#3009,.T.);
#3007 = VERTEX_POINT('',#3008);
#3008 = CARTESIAN_POINT('',(0.45,-19.87,2.29));
#3009 = SURFACE_CURVE('',#3010,(#3014,#3021),.PCURVE_S1.);
#3010 = LINE('',#3011,#3012);
#3011 = CARTESIAN_POINT('',(0.45,-19.87,2.29));
#3012 = VECTOR('',#3013,1.);
#3013 = DIRECTION('',(0.,0.,1.));
#3014 = PCURVE('',#577,#3015);
#3015 = DEFINITIONAL_REPRESENTATION('',(#3016),#3020);
#3016 = LINE('',#3017,#3018);
#3017 = CARTESIAN_POINT('',(0.9,0.));
#3018 = VECTOR('',#3019,1.);
#3019 = DIRECTION('',(0.,-1.));
#3020 = ( GEOMETRIC_REPRESENTATION_CONTEXT(2) 
PARAMETRIC_REPRESENTATION_CONTEXT() REPRESENTATION_CONTEXT('2D SPACE',''
  ) );
#3021 = PCURVE('',#551,#3022);
#3022 = DEFINITIONAL_REPRESENTATION('',(#3023),#3027);
#3023 = LINE('',#3024,#3025);
#3024 = CARTESIAN_POINT('',(0.,-0.));
#3025 = VECTOR('',#3026,1.);
#3026 = DIRECTION('',(0.,-1.));
#3027 = ( GEOMETRIC_REPRESENTATION_CONTEXT(2) 
PARAMETRIC_REPRESENTATION_CONTEXT() REPRESENTATION_CONTEXT('2D SPACE',''
  ) );
#3028 = ORIENTED_EDGE('',*,*,#3029,.F.);
#3029 = EDGE_CURVE('',#2953,#3007,#3030,.T.);
#3030 = SURFACE_CURVE('',#3031,(#3035,#3042),.PCURVE_S1.);
#3031 = LINE('',#3032,#3033);
#3032 = CARTESIAN_POINT('',(0.45,-20.77,2.29));
#3033 = VECTOR('',#3034,1.);
#3034 = DIRECTION('',(0.,1.,0.));
#3035 = PCURVE('',#577,#3036);
#3036 = DEFINITIONAL_REPRESENTATION('',(#3037),#3041);
#3037 = LINE('',#3038,#3039);
#3038 = CARTESIAN_POINT('',(0.,0.));
#3039 = VECTOR('',#3040,1.);
#3040 = DIRECTION('',(1.,0.));
#3041 = ( GEOMETRIC_REPRESENTATION_CONTEXT(2) 
PARAMETRIC_REPRESENTATION_CONTEXT() REPRESENTATION_CONTEXT('2D SPACE',''
  ) );
#3042 = PCURVE('',#2989,#3043);
#3043 = DEFINITIONAL_REPRESENTATION('',(#3044),#3048);
#3044 = LINE('',#3045,#3046);
#3045 = CARTESIAN_POINT('',(0.45,-20.77));
#3046 = VECTOR('',#3047,1.);
#3047 = DIRECTION('',(0.,1.));
#3048 = ( GEOMETRIC_REPRESENTATION_CONTEXT(2) 
PARAMETRIC_REPRESENTATION_CONTEXT() REPRESENTATION_CONTEXT('2D SPACE',''
  ) );
#3049 = ADVANCED_FACE('',(#3050),#551,.T.);
#3050 = FACE_BOUND('',#3051,.T.);
#3051 = EDGE_LOOP('',(#3052,#3053,#3054,#3077));
#3052 = ORIENTED_EDGE('',*,*,#3006,.T.);
#3053 = ORIENTED_EDGE('',*,*,#535,.T.);
#3054 = ORIENTED_EDGE('',*,*,#3055,.F.);
#3055 = EDGE_CURVE('',#3056,#508,#3058,.T.);
#3056 = VERTEX_POINT('',#3057);
#3057 = CARTESIAN_POINT('',(-0.45,-19.87,2.29));
#3058 = SURFACE_CURVE('',#3059,(#3063,#3070),.PCURVE_S1.);
#3059 = LINE('',#3060,#3061);
#3060 = CARTESIAN_POINT('',(-0.45,-19.87,2.29));
#3061 = VECTOR('',#3062,1.);
#3062 = DIRECTION('',(0.,0.,1.));
#3063 = PCURVE('',#551,#3064);
#3064 = DEFINITIONAL_REPRESENTATION('',(#3065),#3069);
#3065 = LINE('',#3066,#3067);
#3066 = CARTESIAN_POINT('',(0.9,0.));
#3067 = VECTOR('',#3068,1.);
#3068 = DIRECTION('',(0.,-1.));
#3069 = ( GEOMETRIC_REPRESENTATION_CONTEXT(2) 
PARAMETRIC_REPRESENTATION_CONTEXT() REPRESENTATION_CONTEXT('2D SPACE',''
  ) );
#3070 = PCURVE('',#523,#3071);
#3071 = DEFINITIONAL_REPRESENTATION('',(#3072),#3076);
#3072 = LINE('',#3073,#3074);
#3073 = CARTESIAN_POINT('',(0.,0.));
#3074 = VECTOR('',#3075,1.);
#3075 = DIRECTION('',(0.,-1.));
#3076 = ( GEOMETRIC_REPRESENTATION_CONTEXT(2) 
PARAMETRIC_REPRESENTATION_CONTEXT() REPRESENTATION_CONTEXT('2D SPACE',''
  ) );
#3077 = ORIENTED_EDGE('',*,*,#3078,.F.);
#3078 = EDGE_CURVE('',#3007,#3056,#3079,.T.);
#3079 = SURFACE_CURVE('',#3080,(#3084,#3091),.PCURVE_S1.);
#3080 = LINE('',#3081,#3082);
#3081 = CARTESIAN_POINT('',(0.45,-19.87,2.29));
#3082 = VECTOR('',#3083,1.);
#3083 = DIRECTION('',(-1.,0.,0.));
#3084 = PCURVE('',#551,#3085);
#3085 = DEFINITIONAL_REPRESENTATION('',(#3086),#3090);
#3086 = LINE('',#3087,#3088);
#3087 = CARTESIAN_POINT('',(0.,-0.));
#3088 = VECTOR('',#3089,1.);
#3089 = DIRECTION('',(1.,0.));
#3090 = ( GEOMETRIC_REPRESENTATION_CONTEXT(2) 
PARAMETRIC_REPRESENTATION_CONTEXT() REPRESENTATION_CONTEXT('2D SPACE',''
  ) );
#3091 = PCURVE('',#2989,#3092);
#3092 = DEFINITIONAL_REPRESENTATION('',(#3093),#3097);
#3093 = LINE('',#3094,#3095);
#3094 = CARTESIAN_POINT('',(0.45,-19.87));
#3095 = VECTOR('',#3096,1.);
#3096 = DIRECTION('',(-1.,0.));
#3097 = ( GEOMETRIC_REPRESENTATION_CONTEXT(2) 
PARAMETRIC_REPRESENTATION_CONTEXT() REPRESENTATION_CONTEXT('2D SPACE',''
  ) );
#3098 = ADVANCED_FACE('',(#3099),#523,.T.);
#3099 = FACE_BOUND('',#3100,.T.);
#3100 = EDGE_LOOP('',(#3101,#3102,#3103,#3104));
#3101 = ORIENTED_EDGE('',*,*,#3055,.T.);
#3102 = ORIENTED_EDGE('',*,*,#507,.T.);
#3103 = ORIENTED_EDGE('',*,*,#2928,.F.);
#3104 = ORIENTED_EDGE('',*,*,#3105,.F.);
#3105 = EDGE_CURVE('',#3056,#2929,#3106,.T.);
#3106 = SURFACE_CURVE('',#3107,(#3111,#3118),.PCURVE_S1.);
#3107 = LINE('',#3108,#3109);
#3108 = CARTESIAN_POINT('',(-0.45,-19.87,2.29));
#3109 = VECTOR('',#3110,1.);
#3110 = DIRECTION('',(0.,-1.,0.));
#3111 = PCURVE('',#523,#3112);
#3112 = DEFINITIONAL_REPRESENTATION('',(#3113),#3117);
#3113 = LINE('',#3114,#3115);
#3114 = CARTESIAN_POINT('',(0.,0.));
#3115 = VECTOR('',#3116,1.);
#3116 = DIRECTION('',(1.,0.));
#3117 = ( GEOMETRIC_REPRESENTATION_CONTEXT(2) 
PARAMETRIC_REPRESENTATION_CONTEXT() REPRESENTATION_CONTEXT('2D SPACE',''
  ) );
#3118 = PCURVE('',#2989,#3119);
#3119 = DEFINITIONAL_REPRESENTATION('',(#3120),#3124);
#3120 = LINE('',#3121,#3122);
#3121 = CARTESIAN_POINT('',(-0.45,-19.87));
#3122 = VECTOR('',#3123,1.);
#3123 = DIRECTION('',(0.,-1.));
#3124 = ( GEOMETRIC_REPRESENTATION_CONTEXT(2) 
PARAMETRIC_REPRESENTATION_CONTEXT() REPRESENTATION_CONTEXT('2D SPACE',''
  ) );
#3125 = ADVANCED_FACE('',(#3126),#609,.T.);
#3126 = FACE_BOUND('',#3127,.T.);
#3127 = EDGE_LOOP('',(#3128,#3151,#3152,#3175));
#3128 = ORIENTED_EDGE('',*,*,#3129,.T.);
#3129 = EDGE_CURVE('',#3130,#592,#3132,.T.);
#3130 = VERTEX_POINT('',#3131);
#3131 = CARTESIAN_POINT('',(-0.45,-18.23,2.29));
#3132 = SURFACE_CURVE('',#3133,(#3137,#3144),.PCURVE_S1.);
#3133 = LINE('',#3134,#3135);
#3134 = CARTESIAN_POINT('',(-0.45,-18.23,2.29));
#3135 = VECTOR('',#3136,1.);
#3136 = DIRECTION('',(0.,0.,1.));
#3137 = PCURVE('',#609,#3138);
#3138 = DEFINITIONAL_REPRESENTATION('',(#3139),#3143);
#3139 = LINE('',#3140,#3141);
#3140 = CARTESIAN_POINT('',(0.,0.));
#3141 = VECTOR('',#3142,1.);
#3142 = DIRECTION('',(0.,-1.));
#3143 = ( GEOMETRIC_REPRESENTATION_CONTEXT(2) 
PARAMETRIC_REPRESENTATION_CONTEXT() REPRESENTATION_CONTEXT('2D SPACE',''
  ) );
#3144 = PCURVE('',#637,#3145);
#3145 = DEFINITIONAL_REPRESENTATION('',(#3146),#3150);
#3146 = LINE('',#3147,#3148);
#3147 = CARTESIAN_POINT('',(0.9,0.));
#3148 = VECTOR('',#3149,1.);
#3149 = DIRECTION('',(0.,-1.));
#3150 = ( GEOMETRIC_REPRESENTATION_CONTEXT(2) 
PARAMETRIC_REPRESENTATION_CONTEXT() REPRESENTATION_CONTEXT('2D SPACE',''
  ) );
#3151 = ORIENTED_EDGE('',*,*,#591,.T.);
#3152 = ORIENTED_EDGE('',*,*,#3153,.F.);
#3153 = EDGE_CURVE('',#3154,#594,#3156,.T.);
#3154 = VERTEX_POINT('',#3155);
#3155 = CARTESIAN_POINT('',(0.45,-18.23,2.29));
#3156 = SURFACE_CURVE('',#3157,(#3161,#3168),.PCURVE_S1.);
#3157 = LINE('',#3158,#3159);
#3158 = CARTESIAN_POINT('',(0.45,-18.23,2.29));
#3159 = VECTOR('',#3160,1.);
#3160 = DIRECTION('',(0.,0.,1.));
#3161 = PCURVE('',#609,#3162);
#3162 = DEFINITIONAL_REPRESENTATION('',(#3163),#3167);
#3163 = LINE('',#3164,#3165);
#3164 = CARTESIAN_POINT('',(0.9,0.));
#3165 = VECTOR('',#3166,1.);
#3166 = DIRECTION('',(0.,-1.));
#3167 = ( GEOMETRIC_REPRESENTATION_CONTEXT(2) 
PARAMETRIC_REPRESENTATION_CONTEXT() REPRESENTATION_CONTEXT('2D SPACE',''
  ) );
#3168 = PCURVE('',#691,#3169);
#3169 = DEFINITIONAL_REPRESENTATION('',(#3170),#3174);
#3170 = LINE('',#3171,#3172);
#3171 = CARTESIAN_POINT('',(0.,0.));
#3172 = VECTOR('',#3173,1.);
#3173 = DIRECTION('',(0.,-1.));
#3174 = ( GEOMETRIC_REPRESENTATION_CONTEXT(2) 
PARAMETRIC_REPRESENTATION_CONTEXT() REPRESENTATION_CONTEXT('2D SPACE',''
  ) );
#3175 = ORIENTED_EDGE('',*,*,#3176,.F.);
#3176 = EDGE_CURVE('',#3130,#3154,#3177,.T.);
#3177 = SURFACE_CURVE('',#3178,(#3182,#3189),.PCURVE_S1.);
#3178 = LINE('',#3179,#3180);
#3179 = CARTESIAN_POINT('',(-0.45,-18.23,2.29));
#3180 = VECTOR('',#3181,1.);
#3181 = DIRECTION('',(1.,0.,0.));
#3182 = PCURVE('',#609,#3183);
#3183 = DEFINITIONAL_REPRESENTATION('',(#3184),#3188);
#3184 = LINE('',#3185,#3186);
#3185 = CARTESIAN_POINT('',(0.,0.));
#3186 = VECTOR('',#3187,1.);
#3187 = DIRECTION('',(1.,0.));
#3188 = ( GEOMETRIC_REPRESENTATION_CONTEXT(2) 
PARAMETRIC_REPRESENTATION_CONTEXT() REPRESENTATION_CONTEXT('2D SPACE',''
  ) );
#3189 = PCURVE('',#3190,#3195);
#3190 = PLANE('',#3191);
#3191 = AXIS2_PLACEMENT_3D('',#3192,#3193,#3194);
#3192 = CARTESIAN_POINT('',(0.,0.,2.29));
#3193 = DIRECTION('',(0.,0.,1.));
#3194 = DIRECTION('',(1.,0.,-0.));
#3195 = DEFINITIONAL_REPRESENTATION('',(#3196),#3200);
#3196 = LINE('',#3197,#3198);
#3197 = CARTESIAN_POINT('',(-0.45,-18.23));
#3198 = VECTOR('',#3199,1.);
#3199 = DIRECTION('',(1.,0.));
#3200 = ( GEOMETRIC_REPRESENTATION_CONTEXT(2) 
PARAMETRIC_REPRESENTATION_CONTEXT() REPRESENTATION_CONTEXT('2D SPACE',''
  ) );
#3201 = ADVANCED_FACE('',(#3202),#691,.T.);
#3202 = FACE_BOUND('',#3203,.T.);
#3203 = EDGE_LOOP('',(#3204,#3205,#3206,#3229));
#3204 = ORIENTED_EDGE('',*,*,#3153,.T.);
#3205 = ORIENTED_EDGE('',*,*,#677,.T.);
#3206 = ORIENTED_EDGE('',*,*,#3207,.F.);
#3207 = EDGE_CURVE('',#3208,#650,#3210,.T.);
#3208 = VERTEX_POINT('',#3209);
#3209 = CARTESIAN_POINT('',(0.45,-17.33,2.29));
#3210 = SURFACE_CURVE('',#3211,(#3215,#3222),.PCURVE_S1.);
#3211 = LINE('',#3212,#3213);
#3212 = CARTESIAN_POINT('',(0.45,-17.33,2.29));
#3213 = VECTOR('',#3214,1.);
#3214 = DIRECTION('',(0.,0.,1.));
#3215 = PCURVE('',#691,#3216);
#3216 = DEFINITIONAL_REPRESENTATION('',(#3217),#3221);
#3217 = LINE('',#3218,#3219);
#3218 = CARTESIAN_POINT('',(0.9,0.));
#3219 = VECTOR('',#3220,1.);
#3220 = DIRECTION('',(0.,-1.));
#3221 = ( GEOMETRIC_REPRESENTATION_CONTEXT(2) 
PARAMETRIC_REPRESENTATION_CONTEXT() REPRESENTATION_CONTEXT('2D SPACE',''
  ) );
#3222 = PCURVE('',#665,#3223);
#3223 = DEFINITIONAL_REPRESENTATION('',(#3224),#3228);
#3224 = LINE('',#3225,#3226);
#3225 = CARTESIAN_POINT('',(0.,-0.));
#3226 = VECTOR('',#3227,1.);
#3227 = DIRECTION('',(0.,-1.));
#3228 = ( GEOMETRIC_REPRESENTATION_CONTEXT(2) 
PARAMETRIC_REPRESENTATION_CONTEXT() REPRESENTATION_CONTEXT('2D SPACE',''
  ) );
#3229 = ORIENTED_EDGE('',*,*,#3230,.F.);
#3230 = EDGE_CURVE('',#3154,#3208,#3231,.T.);
#3231 = SURFACE_CURVE('',#3232,(#3236,#3243),.PCURVE_S1.);
#3232 = LINE('',#3233,#3234);
#3233 = CARTESIAN_POINT('',(0.45,-18.23,2.29));
#3234 = VECTOR('',#3235,1.);
#3235 = DIRECTION('',(0.,1.,0.));
#3236 = PCURVE('',#691,#3237);
#3237 = DEFINITIONAL_REPRESENTATION('',(#3238),#3242);
#3238 = LINE('',#3239,#3240);
#3239 = CARTESIAN_POINT('',(0.,0.));
#3240 = VECTOR('',#3241,1.);
#3241 = DIRECTION('',(1.,0.));
#3242 = ( GEOMETRIC_REPRESENTATION_CONTEXT(2) 
PARAMETRIC_REPRESENTATION_CONTEXT() REPRESENTATION_CONTEXT('2D SPACE',''
  ) );
#3243 = PCURVE('',#3190,#3244);
#3244 = DEFINITIONAL_REPRESENTATION('',(#3245),#3249);
#3245 = LINE('',#3246,#3247);
#3246 = CARTESIAN_POINT('',(0.45,-18.23));
#3247 = VECTOR('',#3248,1.);
#3248 = DIRECTION('',(0.,1.));
#3249 = ( GEOMETRIC_REPRESENTATION_CONTEXT(2) 
PARAMETRIC_REPRESENTATION_CONTEXT() REPRESENTATION_CONTEXT('2D SPACE',''
  ) );
#3250 = ADVANCED_FACE('',(#3251),#665,.T.);
#3251 = FACE_BOUND('',#3252,.T.);
#3252 = EDGE_LOOP('',(#3253,#3254,#3255,#3278));
#3253 = ORIENTED_EDGE('',*,*,#3207,.T.);
#3254 = ORIENTED_EDGE('',*,*,#649,.T.);
#3255 = ORIENTED_EDGE('',*,*,#3256,.F.);
#3256 = EDGE_CURVE('',#3257,#622,#3259,.T.);
#3257 = VERTEX_POINT('',#3258);
#3258 = CARTESIAN_POINT('',(-0.45,-17.33,2.29));
#3259 = SURFACE_CURVE('',#3260,(#3264,#3271),.PCURVE_S1.);
#3260 = LINE('',#3261,#3262);
#3261 = CARTESIAN_POINT('',(-0.45,-17.33,2.29));
#3262 = VECTOR('',#3263,1.);
#3263 = DIRECTION('',(0.,0.,1.));
#3264 = PCURVE('',#665,#3265);
#3265 = DEFINITIONAL_REPRESENTATION('',(#3266),#3270);
#3266 = LINE('',#3267,#3268);
#3267 = CARTESIAN_POINT('',(0.9,0.));
#3268 = VECTOR('',#3269,1.);
#3269 = DIRECTION('',(0.,-1.));
#3270 = ( GEOMETRIC_REPRESENTATION_CONTEXT(2) 
PARAMETRIC_REPRESENTATION_CONTEXT() REPRESENTATION_CONTEXT('2D SPACE',''
  ) );
#3271 = PCURVE('',#637,#3272);
#3272 = DEFINITIONAL_REPRESENTATION('',(#3273),#3277);
#3273 = LINE('',#3274,#3275);
#3274 = CARTESIAN_POINT('',(0.,0.));
#3275 = VECTOR('',#3276,1.);
#3276 = DIRECTION('',(0.,-1.));
#3277 = ( GEOMETRIC_REPRESENTATION_CONTEXT(2) 
PARAMETRIC_REPRESENTATION_CONTEXT() REPRESENTATION_CONTEXT('2D SPACE',''
  ) );
#3278 = ORIENTED_EDGE('',*,*,#3279,.F.);
#3279 = EDGE_CURVE('',#3208,#3257,#3280,.T.);
#3280 = SURFACE_CURVE('',#3281,(#3285,#3292),.PCURVE_S1.);
#3281 = LINE('',#3282,#3283);
#3282 = CARTESIAN_POINT('',(0.45,-17.33,2.29));
#3283 = VECTOR('',#3284,1.);
#3284 = DIRECTION('',(-1.,0.,0.));
#3285 = PCURVE('',#665,#3286);
#3286 = DEFINITIONAL_REPRESENTATION('',(#3287),#3291);
#3287 = LINE('',#3288,#3289);
#3288 = CARTESIAN_POINT('',(0.,-0.));
#3289 = VECTOR('',#3290,1.);
#3290 = DIRECTION('',(1.,0.));
#3291 = ( GEOMETRIC_REPRESENTATION_CONTEXT(2) 
PARAMETRIC_REPRESENTATION_CONTEXT() REPRESENTATION_CONTEXT('2D SPACE',''
  ) );
#3292 = PCURVE('',#3190,#3293);
#3293 = DEFINITIONAL_REPRESENTATION('',(#3294),#3298);
#3294 = LINE('',#3295,#3296);
#3295 = CARTESIAN_POINT('',(0.45,-17.33));
#3296 = VECTOR('',#3297,1.);
#3297 = DIRECTION('',(-1.,0.));
#3298 = ( GEOMETRIC_REPRESENTATION_CONTEXT(2) 
PARAMETRIC_REPRESENTATION_CONTEXT() REPRESENTATION_CONTEXT('2D SPACE',''
  ) );
#3299 = ADVANCED_FACE('',(#3300),#637,.T.);
#3300 = FACE_BOUND('',#3301,.T.);
#3301 = EDGE_LOOP('',(#3302,#3303,#3304,#3305));
#3302 = ORIENTED_EDGE('',*,*,#3256,.T.);
#3303 = ORIENTED_EDGE('',*,*,#621,.T.);
#3304 = ORIENTED_EDGE('',*,*,#3129,.F.);
#3305 = ORIENTED_EDGE('',*,*,#3306,.F.);
#3306 = EDGE_CURVE('',#3257,#3130,#3307,.T.);
#3307 = SURFACE_CURVE('',#3308,(#3312,#3319),.PCURVE_S1.);
#3308 = LINE('',#3309,#3310);
#3309 = CARTESIAN_POINT('',(-0.45,-17.33,2.29));
#3310 = VECTOR('',#3311,1.);
#3311 = DIRECTION('',(0.,-1.,0.));
#3312 = PCURVE('',#637,#3313);
#3313 = DEFINITIONAL_REPRESENTATION('',(#3314),#3318);
#3314 = LINE('',#3315,#3316);
#3315 = CARTESIAN_POINT('',(0.,0.));
#3316 = VECTOR('',#3317,1.);
#3317 = DIRECTION('',(1.,0.));
#3318 = ( GEOMETRIC_REPRESENTATION_CONTEXT(2) 
PARAMETRIC_REPRESENTATION_CONTEXT() REPRESENTATION_CONTEXT('2D SPACE',''
  ) );
#3319 = PCURVE('',#3190,#3320);
#3320 = DEFINITIONAL_REPRESENTATION('',(#3321),#3325);
#3321 = LINE('',#3322,#3323);
#3322 = CARTESIAN_POINT('',(-0.45,-17.33));
#3323 = VECTOR('',#3324,1.);
#3324 = DIRECTION('',(0.,-1.));
#3325 = ( GEOMETRIC_REPRESENTATION_CONTEXT(2) 
PARAMETRIC_REPRESENTATION_CONTEXT() REPRESENTATION_CONTEXT('2D SPACE',''
  ) );
#3326 = ADVANCED_FACE('',(#3327),#723,.T.);
#3327 = FACE_BOUND('',#3328,.T.);
#3328 = EDGE_LOOP('',(#3329,#3352,#3353,#3376));
#3329 = ORIENTED_EDGE('',*,*,#3330,.T.);
#3330 = EDGE_CURVE('',#3331,#706,#3333,.T.);
#3331 = VERTEX_POINT('',#3332);
#3332 = CARTESIAN_POINT('',(-0.45,-15.69,2.29));
#3333 = SURFACE_CURVE('',#3334,(#3338,#3345),.PCURVE_S1.);
#3334 = LINE('',#3335,#3336);
#3335 = CARTESIAN_POINT('',(-0.45,-15.69,2.29));
#3336 = VECTOR('',#3337,1.);
#3337 = DIRECTION('',(0.,0.,1.));
#3338 = PCURVE('',#723,#3339);
#3339 = DEFINITIONAL_REPRESENTATION('',(#3340),#3344);
#3340 = LINE('',#3341,#3342);
#3341 = CARTESIAN_POINT('',(0.,0.));
#3342 = VECTOR('',#3343,1.);
#3343 = DIRECTION('',(0.,-1.));
#3344 = ( GEOMETRIC_REPRESENTATION_CONTEXT(2) 
PARAMETRIC_REPRESENTATION_CONTEXT() REPRESENTATION_CONTEXT('2D SPACE',''
  ) );
#3345 = PCURVE('',#751,#3346);
#3346 = DEFINITIONAL_REPRESENTATION('',(#3347),#3351);
#3347 = LINE('',#3348,#3349);
#3348 = CARTESIAN_POINT('',(0.9,0.));
#3349 = VECTOR('',#3350,1.);
#3350 = DIRECTION('',(0.,-1.));
#3351 = ( GEOMETRIC_REPRESENTATION_CONTEXT(2) 
PARAMETRIC_REPRESENTATION_CONTEXT() REPRESENTATION_CONTEXT('2D SPACE',''
  ) );
#3352 = ORIENTED_EDGE('',*,*,#705,.T.);
#3353 = ORIENTED_EDGE('',*,*,#3354,.F.);
#3354 = EDGE_CURVE('',#3355,#708,#3357,.T.);
#3355 = VERTEX_POINT('',#3356);
#3356 = CARTESIAN_POINT('',(0.45,-15.69,2.29));
#3357 = SURFACE_CURVE('',#3358,(#3362,#3369),.PCURVE_S1.);
#3358 = LINE('',#3359,#3360);
#3359 = CARTESIAN_POINT('',(0.45,-15.69,2.29));
#3360 = VECTOR('',#3361,1.);
#3361 = DIRECTION('',(0.,0.,1.));
#3362 = PCURVE('',#723,#3363);
#3363 = DEFINITIONAL_REPRESENTATION('',(#3364),#3368);
#3364 = LINE('',#3365,#3366);
#3365 = CARTESIAN_POINT('',(0.9,0.));
#3366 = VECTOR('',#3367,1.);
#3367 = DIRECTION('',(0.,-1.));
#3368 = ( GEOMETRIC_REPRESENTATION_CONTEXT(2) 
PARAMETRIC_REPRESENTATION_CONTEXT() REPRESENTATION_CONTEXT('2D SPACE',''
  ) );
#3369 = PCURVE('',#805,#3370);
#3370 = DEFINITIONAL_REPRESENTATION('',(#3371),#3375);
#3371 = LINE('',#3372,#3373);
#3372 = CARTESIAN_POINT('',(0.,0.));
#3373 = VECTOR('',#3374,1.);
#3374 = DIRECTION('',(0.,-1.));
#3375 = ( GEOMETRIC_REPRESENTATION_CONTEXT(2) 
PARAMETRIC_REPRESENTATION_CONTEXT() REPRESENTATION_CONTEXT('2D SPACE',''
  ) );
#3376 = ORIENTED_EDGE('',*,*,#3377,.F.);
#3377 = EDGE_CURVE('',#3331,#3355,#3378,.T.);
#3378 = SURFACE_CURVE('',#3379,(#3383,#3390),.PCURVE_S1.);
#3379 = LINE('',#3380,#3381);
#3380 = CARTESIAN_POINT('',(-0.45,-15.69,2.29));
#3381 = VECTOR('',#3382,1.);
#3382 = DIRECTION('',(1.,0.,0.));
#3383 = PCURVE('',#723,#3384);
#3384 = DEFINITIONAL_REPRESENTATION('',(#3385),#3389);
#3385 = LINE('',#3386,#3387);
#3386 = CARTESIAN_POINT('',(0.,0.));
#3387 = VECTOR('',#3388,1.);
#3388 = DIRECTION('',(1.,0.));
#3389 = ( GEOMETRIC_REPRESENTATION_CONTEXT(2) 
PARAMETRIC_REPRESENTATION_CONTEXT() REPRESENTATION_CONTEXT('2D SPACE',''
  ) );
#3390 = PCURVE('',#3391,#3396);
#3391 = PLANE('',#3392);
#3392 = AXIS2_PLACEMENT_3D('',#3393,#3394,#3395);
#3393 = CARTESIAN_POINT('',(0.,0.,2.29));
#3394 = DIRECTION('',(0.,0.,1.));
#3395 = DIRECTION('',(1.,0.,-0.));
#3396 = DEFINITIONAL_REPRESENTATION('',(#3397),#3401);
#3397 = LINE('',#3398,#3399);
#3398 = CARTESIAN_POINT('',(-0.45,-15.69));
#3399 = VECTOR('',#3400,1.);
#3400 = DIRECTION('',(1.,0.));
#3401 = ( GEOMETRIC_REPRESENTATION_CONTEXT(2) 
PARAMETRIC_REPRESENTATION_CONTEXT() REPRESENTATION_CONTEXT('2D SPACE',''
  ) );
#3402 = ADVANCED_FACE('',(#3403),#805,.T.);
#3403 = FACE_BOUND('',#3404,.T.);
#3404 = EDGE_LOOP('',(#3405,#3406,#3407,#3430));
#3405 = ORIENTED_EDGE('',*,*,#3354,.T.);
#3406 = ORIENTED_EDGE('',*,*,#791,.T.);
#3407 = ORIENTED_EDGE('',*,*,#3408,.F.);
#3408 = EDGE_CURVE('',#3409,#764,#3411,.T.);
#3409 = VERTEX_POINT('',#3410);
#3410 = CARTESIAN_POINT('',(0.45,-14.79,2.29));
#3411 = SURFACE_CURVE('',#3412,(#3416,#3423),.PCURVE_S1.);
#3412 = LINE('',#3413,#3414);
#3413 = CARTESIAN_POINT('',(0.45,-14.79,2.29));
#3414 = VECTOR('',#3415,1.);
#3415 = DIRECTION('',(0.,0.,1.));
#3416 = PCURVE('',#805,#3417);
#3417 = DEFINITIONAL_REPRESENTATION('',(#3418),#3422);
#3418 = LINE('',#3419,#3420);
#3419 = CARTESIAN_POINT('',(0.9,0.));
#3420 = VECTOR('',#3421,1.);
#3421 = DIRECTION('',(0.,-1.));
#3422 = ( GEOMETRIC_REPRESENTATION_CONTEXT(2) 
PARAMETRIC_REPRESENTATION_CONTEXT() REPRESENTATION_CONTEXT('2D SPACE',''
  ) );
#3423 = PCURVE('',#779,#3424);
#3424 = DEFINITIONAL_REPRESENTATION('',(#3425),#3429);
#3425 = LINE('',#3426,#3427);
#3426 = CARTESIAN_POINT('',(0.,-0.));
#3427 = VECTOR('',#3428,1.);
#3428 = DIRECTION('',(0.,-1.));
#3429 = ( GEOMETRIC_REPRESENTATION_CONTEXT(2) 
PARAMETRIC_REPRESENTATION_CONTEXT() REPRESENTATION_CONTEXT('2D SPACE',''
  ) );
#3430 = ORIENTED_EDGE('',*,*,#3431,.F.);
#3431 = EDGE_CURVE('',#3355,#3409,#3432,.T.);
#3432 = SURFACE_CURVE('',#3433,(#3437,#3444),.PCURVE_S1.);
#3433 = LINE('',#3434,#3435);
#3434 = CARTESIAN_POINT('',(0.45,-15.69,2.29));
#3435 = VECTOR('',#3436,1.);
#3436 = DIRECTION('',(0.,1.,0.));
#3437 = PCURVE('',#805,#3438);
#3438 = DEFINITIONAL_REPRESENTATION('',(#3439),#3443);
#3439 = LINE('',#3440,#3441);
#3440 = CARTESIAN_POINT('',(0.,0.));
#3441 = VECTOR('',#3442,1.);
#3442 = DIRECTION('',(1.,0.));
#3443 = ( GEOMETRIC_REPRESENTATION_CONTEXT(2) 
PARAMETRIC_REPRESENTATION_CONTEXT() REPRESENTATION_CONTEXT('2D SPACE',''
  ) );
#3444 = PCURVE('',#3391,#3445);
#3445 = DEFINITIONAL_REPRESENTATION('',(#3446),#3450);
#3446 = LINE('',#3447,#3448);
#3447 = CARTESIAN_POINT('',(0.45,-15.69));
#3448 = VECTOR('',#3449,1.);
#3449 = DIRECTION('',(0.,1.));
#3450 = ( GEOMETRIC_REPRESENTATION_CONTEXT(2) 
PARAMETRIC_REPRESENTATION_CONTEXT() REPRESENTATION_CONTEXT('2D SPACE',''
  ) );
#3451 = ADVANCED_FACE('',(#3452),#779,.T.);
#3452 = FACE_BOUND('',#3453,.T.);
#3453 = EDGE_LOOP('',(#3454,#3455,#3456,#3479));
#3454 = ORIENTED_EDGE('',*,*,#3408,.T.);
#3455 = ORIENTED_EDGE('',*,*,#763,.T.);
#3456 = ORIENTED_EDGE('',*,*,#3457,.F.);
#3457 = EDGE_CURVE('',#3458,#736,#3460,.T.);
#3458 = VERTEX_POINT('',#3459);
#3459 = CARTESIAN_POINT('',(-0.45,-14.79,2.29));
#3460 = SURFACE_CURVE('',#3461,(#3465,#3472),.PCURVE_S1.);
#3461 = LINE('',#3462,#3463);
#3462 = CARTESIAN_POINT('',(-0.45,-14.79,2.29));
#3463 = VECTOR('',#3464,1.);
#3464 = DIRECTION('',(0.,0.,1.));
#3465 = PCURVE('',#779,#3466);
#3466 = DEFINITIONAL_REPRESENTATION('',(#3467),#3471);
#3467 = LINE('',#3468,#3469);
#3468 = CARTESIAN_POINT('',(0.9,0.));
#3469 = VECTOR('',#3470,1.);
#3470 = DIRECTION('',(0.,-1.));
#3471 = ( GEOMETRIC_REPRESENTATION_CONTEXT(2) 
PARAMETRIC_REPRESENTATION_CONTEXT() REPRESENTATION_CONTEXT('2D SPACE',''
  ) );
#3472 = PCURVE('',#751,#3473);
#3473 = DEFINITIONAL_REPRESENTATION('',(#3474),#3478);
#3474 = LINE('',#3475,#3476);
#3475 = CARTESIAN_POINT('',(0.,0.));
#3476 = VECTOR('',#3477,1.);
#3477 = DIRECTION('',(0.,-1.));
#3478 = ( GEOMETRIC_REPRESENTATION_CONTEXT(2) 
PARAMETRIC_REPRESENTATION_CONTEXT() REPRESENTATION_CONTEXT('2D SPACE',''
  ) );
#3479 = ORIENTED_EDGE('',*,*,#3480,.F.);
#3480 = EDGE_CURVE('',#3409,#3458,#3481,.T.);
#3481 = SURFACE_CURVE('',#3482,(#3486,#3493),.PCURVE_S1.);
#3482 = LINE('',#3483,#3484);
#3483 = CARTESIAN_POINT('',(0.45,-14.79,2.29));
#3484 = VECTOR('',#3485,1.);
#3485 = DIRECTION('',(-1.,0.,0.));
#3486 = PCURVE('',#779,#3487);
#3487 = DEFINITIONAL_REPRESENTATION('',(#3488),#3492);
#3488 = LINE('',#3489,#3490);
#3489 = CARTESIAN_POINT('',(0.,-0.));
#3490 = VECTOR('',#3491,1.);
#3491 = DIRECTION('',(1.,0.));
#3492 = ( GEOMETRIC_REPRESENTATION_CONTEXT(2) 
PARAMETRIC_REPRESENTATION_CONTEXT() REPRESENTATION_CONTEXT('2D SPACE',''
  ) );
#3493 = PCURVE('',#3391,#3494);
#3494 = DEFINITIONAL_REPRESENTATION('',(#3495),#3499);
#3495 = LINE('',#3496,#3497);
#3496 = CARTESIAN_POINT('',(0.45,-14.79));
#3497 = VECTOR('',#3498,1.);
#3498 = DIRECTION('',(-1.,0.));
#3499 = ( GEOMETRIC_REPRESENTATION_CONTEXT(2) 
PARAMETRIC_REPRESENTATION_CONTEXT() REPRESENTATION_CONTEXT('2D SPACE',''
  ) );
#3500 = ADVANCED_FACE('',(#3501),#751,.T.);
#3501 = FACE_BOUND('',#3502,.T.);
#3502 = EDGE_LOOP('',(#3503,#3504,#3505,#3506));
#3503 = ORIENTED_EDGE('',*,*,#3457,.T.);
#3504 = ORIENTED_EDGE('',*,*,#735,.T.);
#3505 = ORIENTED_EDGE('',*,*,#3330,.F.);
#3506 = ORIENTED_EDGE('',*,*,#3507,.F.);
#3507 = EDGE_CURVE('',#3458,#3331,#3508,.T.);
#3508 = SURFACE_CURVE('',#3509,(#3513,#3520),.PCURVE_S1.);
#3509 = LINE('',#3510,#3511);
#3510 = CARTESIAN_POINT('',(-0.45,-14.79,2.29));
#3511 = VECTOR('',#3512,1.);
#3512 = DIRECTION('',(0.,-1.,0.));
#3513 = PCURVE('',#751,#3514);
#3514 = DEFINITIONAL_REPRESENTATION('',(#3515),#3519);
#3515 = LINE('',#3516,#3517);
#3516 = CARTESIAN_POINT('',(0.,0.));
#3517 = VECTOR('',#3518,1.);
#3518 = DIRECTION('',(1.,0.));
#3519 = ( GEOMETRIC_REPRESENTATION_CONTEXT(2) 
PARAMETRIC_REPRESENTATION_CONTEXT() REPRESENTATION_CONTEXT('2D SPACE',''
  ) );
#3520 = PCURVE('',#3391,#3521);
#3521 = DEFINITIONAL_REPRESENTATION('',(#3522),#3526);
#3522 = LINE('',#3523,#3524);
#3523 = CARTESIAN_POINT('',(-0.45,-14.79));
#3524 = VECTOR('',#3525,1.);
#3525 = DIRECTION('',(0.,-1.));
#3526 = ( GEOMETRIC_REPRESENTATION_CONTEXT(2) 
PARAMETRIC_REPRESENTATION_CONTEXT() REPRESENTATION_CONTEXT('2D SPACE',''
  ) );
#3527 = ADVANCED_FACE('',(#3528),#837,.T.);
#3528 = FACE_BOUND('',#3529,.T.);
#3529 = EDGE_LOOP('',(#3530,#3553,#3554,#3577));
#3530 = ORIENTED_EDGE('',*,*,#3531,.T.);
#3531 = EDGE_CURVE('',#3532,#820,#3534,.T.);
#3532 = VERTEX_POINT('',#3533);
#3533 = CARTESIAN_POINT('',(-0.45,-13.15,2.29));
#3534 = SURFACE_CURVE('',#3535,(#3539,#3546),.PCURVE_S1.);
#3535 = LINE('',#3536,#3537);
#3536 = CARTESIAN_POINT('',(-0.45,-13.15,2.29));
#3537 = VECTOR('',#3538,1.);
#3538 = DIRECTION('',(0.,0.,1.));
#3539 = PCURVE('',#837,#3540);
#3540 = DEFINITIONAL_REPRESENTATION('',(#3541),#3545);
#3541 = LINE('',#3542,#3543);
#3542 = CARTESIAN_POINT('',(0.,0.));
#3543 = VECTOR('',#3544,1.);
#3544 = DIRECTION('',(0.,-1.));
#3545 = ( GEOMETRIC_REPRESENTATION_CONTEXT(2) 
PARAMETRIC_REPRESENTATION_CONTEXT() REPRESENTATION_CONTEXT('2D SPACE',''
  ) );
#3546 = PCURVE('',#865,#3547);
#3547 = DEFINITIONAL_REPRESENTATION('',(#3548),#3552);
#3548 = LINE('',#3549,#3550);
#3549 = CARTESIAN_POINT('',(0.9,0.));
#3550 = VECTOR('',#3551,1.);
#3551 = DIRECTION('',(0.,-1.));
#3552 = ( GEOMETRIC_REPRESENTATION_CONTEXT(2) 
PARAMETRIC_REPRESENTATION_CONTEXT() REPRESENTATION_CONTEXT('2D SPACE',''
  ) );
#3553 = ORIENTED_EDGE('',*,*,#819,.T.);
#3554 = ORIENTED_EDGE('',*,*,#3555,.F.);
#3555 = EDGE_CURVE('',#3556,#822,#3558,.T.);
#3556 = VERTEX_POINT('',#3557);
#3557 = CARTESIAN_POINT('',(0.45,-13.15,2.29));
#3558 = SURFACE_CURVE('',#3559,(#3563,#3570),.PCURVE_S1.);
#3559 = LINE('',#3560,#3561);
#3560 = CARTESIAN_POINT('',(0.45,-13.15,2.29));
#3561 = VECTOR('',#3562,1.);
#3562 = DIRECTION('',(0.,0.,1.));
#3563 = PCURVE('',#837,#3564);
#3564 = DEFINITIONAL_REPRESENTATION('',(#3565),#3569);
#3565 = LINE('',#3566,#3567);
#3566 = CARTESIAN_POINT('',(0.9,0.));
#3567 = VECTOR('',#3568,1.);
#3568 = DIRECTION('',(0.,-1.));
#3569 = ( GEOMETRIC_REPRESENTATION_CONTEXT(2) 
PARAMETRIC_REPRESENTATION_CONTEXT() REPRESENTATION_CONTEXT('2D SPACE',''
  ) );
#3570 = PCURVE('',#919,#3571);
#3571 = DEFINITIONAL_REPRESENTATION('',(#3572),#3576);
#3572 = LINE('',#3573,#3574);
#3573 = CARTESIAN_POINT('',(0.,0.));
#3574 = VECTOR('',#3575,1.);
#3575 = DIRECTION('',(0.,-1.));
#3576 = ( GEOMETRIC_REPRESENTATION_CONTEXT(2) 
PARAMETRIC_REPRESENTATION_CONTEXT() REPRESENTATION_CONTEXT('2D SPACE',''
  ) );
#3577 = ORIENTED_EDGE('',*,*,#3578,.F.);
#3578 = EDGE_CURVE('',#3532,#3556,#3579,.T.);
#3579 = SURFACE_CURVE('',#3580,(#3584,#3591),.PCURVE_S1.);
#3580 = LINE('',#3581,#3582);
#3581 = CARTESIAN_POINT('',(-0.45,-13.15,2.29));
#3582 = VECTOR('',#3583,1.);
#3583 = DIRECTION('',(1.,0.,0.));
#3584 = PCURVE('',#837,#3585);
#3585 = DEFINITIONAL_REPRESENTATION('',(#3586),#3590);
#3586 = LINE('',#3587,#3588);
#3587 = CARTESIAN_POINT('',(0.,0.));
#3588 = VECTOR('',#3589,1.);
#3589 = DIRECTION('',(1.,0.));
#3590 = ( GEOMETRIC_REPRESENTATION_CONTEXT(2) 
PARAMETRIC_REPRESENTATION_CONTEXT() REPRESENTATION_CONTEXT('2D SPACE',''
  ) );
#3591 = PCURVE('',#3592,#3597);
#3592 = PLANE('',#3593);
#3593 = AXIS2_PLACEMENT_3D('',#3594,#3595,#3596);
#3594 = CARTESIAN_POINT('',(0.,0.,2.29));
#3595 = DIRECTION('',(0.,0.,1.));
#3596 = DIRECTION('',(1.,0.,-0.));
#3597 = DEFINITIONAL_REPRESENTATION('',(#3598),#3602);
#3598 = LINE('',#3599,#3600);
#3599 = CARTESIAN_POINT('',(-0.45,-13.15));
#3600 = VECTOR('',#3601,1.);
#3601 = DIRECTION('',(1.,0.));
#3602 = ( GEOMETRIC_REPRESENTATION_CONTEXT(2) 
PARAMETRIC_REPRESENTATION_CONTEXT() REPRESENTATION_CONTEXT('2D SPACE',''
  ) );
#3603 = ADVANCED_FACE('',(#3604),#919,.T.);
#3604 = FACE_BOUND('',#3605,.T.);
#3605 = EDGE_LOOP('',(#3606,#3607,#3608,#3631));
#3606 = ORIENTED_EDGE('',*,*,#3555,.T.);
#3607 = ORIENTED_EDGE('',*,*,#905,.T.);
#3608 = ORIENTED_EDGE('',*,*,#3609,.F.);
#3609 = EDGE_CURVE('',#3610,#878,#3612,.T.);
#3610 = VERTEX_POINT('',#3611);
#3611 = CARTESIAN_POINT('',(0.45,-12.25,2.29));
#3612 = SURFACE_CURVE('',#3613,(#3617,#3624),.PCURVE_S1.);
#3613 = LINE('',#3614,#3615);
#3614 = CARTESIAN_POINT('',(0.45,-12.25,2.29));
#3615 = VECTOR('',#3616,1.);
#3616 = DIRECTION('',(0.,0.,1.));
#3617 = PCURVE('',#919,#3618);
#3618 = DEFINITIONAL_REPRESENTATION('',(#3619),#3623);
#3619 = LINE('',#3620,#3621);
#3620 = CARTESIAN_POINT('',(0.9,0.));
#3621 = VECTOR('',#3622,1.);
#3622 = DIRECTION('',(0.,-1.));
#3623 = ( GEOMETRIC_REPRESENTATION_CONTEXT(2) 
PARAMETRIC_REPRESENTATION_CONTEXT() REPRESENTATION_CONTEXT('2D SPACE',''
  ) );
#3624 = PCURVE('',#893,#3625);
#3625 = DEFINITIONAL_REPRESENTATION('',(#3626),#3630);
#3626 = LINE('',#3627,#3628);
#3627 = CARTESIAN_POINT('',(0.,-0.));
#3628 = VECTOR('',#3629,1.);
#3629 = DIRECTION('',(0.,-1.));
#3630 = ( GEOMETRIC_REPRESENTATION_CONTEXT(2) 
PARAMETRIC_REPRESENTATION_CONTEXT() REPRESENTATION_CONTEXT('2D SPACE',''
  ) );
#3631 = ORIENTED_EDGE('',*,*,#3632,.F.);
#3632 = EDGE_CURVE('',#3556,#3610,#3633,.T.);
#3633 = SURFACE_CURVE('',#3634,(#3638,#3645),.PCURVE_S1.);
#3634 = LINE('',#3635,#3636);
#3635 = CARTESIAN_POINT('',(0.45,-13.15,2.29));
#3636 = VECTOR('',#3637,1.);
#3637 = DIRECTION('',(0.,1.,0.));
#3638 = PCURVE('',#919,#3639);
#3639 = DEFINITIONAL_REPRESENTATION('',(#3640),#3644);
#3640 = LINE('',#3641,#3642);
#3641 = CARTESIAN_POINT('',(0.,0.));
#3642 = VECTOR('',#3643,1.);
#3643 = DIRECTION('',(1.,0.));
#3644 = ( GEOMETRIC_REPRESENTATION_CONTEXT(2) 
PARAMETRIC_REPRESENTATION_CONTEXT() REPRESENTATION_CONTEXT('2D SPACE',''
  ) );
#3645 = PCURVE('',#3592,#3646);
#3646 = DEFINITIONAL_REPRESENTATION('',(#3647),#3651);
#3647 = LINE('',#3648,#3649);
#3648 = CARTESIAN_POINT('',(0.45,-13.15));
#3649 = VECTOR('',#3650,1.);
#3650 = DIRECTION('',(0.,1.));
#3651 = ( GEOMETRIC_REPRESENTATION_CONTEXT(2) 
PARAMETRIC_REPRESENTATION_CONTEXT() REPRESENTATION_CONTEXT('2D SPACE',''
  ) );
#3652 = ADVANCED_FACE('',(#3653),#893,.T.);
#3653 = FACE_BOUND('',#3654,.T.);
#3654 = EDGE_LOOP('',(#3655,#3656,#3657,#3680));
#3655 = ORIENTED_EDGE('',*,*,#3609,.T.);
#3656 = ORIENTED_EDGE('',*,*,#877,.T.);
#3657 = ORIENTED_EDGE('',*,*,#3658,.F.);
#3658 = EDGE_CURVE('',#3659,#850,#3661,.T.);
#3659 = VERTEX_POINT('',#3660);
#3660 = CARTESIAN_POINT('',(-0.45,-12.25,2.29));
#3661 = SURFACE_CURVE('',#3662,(#3666,#3673),.PCURVE_S1.);
#3662 = LINE('',#3663,#3664);
#3663 = CARTESIAN_POINT('',(-0.45,-12.25,2.29));
#3664 = VECTOR('',#3665,1.);
#3665 = DIRECTION('',(0.,0.,1.));
#3666 = PCURVE('',#893,#3667);
#3667 = DEFINITIONAL_REPRESENTATION('',(#3668),#3672);
#3668 = LINE('',#3669,#3670);
#3669 = CARTESIAN_POINT('',(0.9,0.));
#3670 = VECTOR('',#3671,1.);
#3671 = DIRECTION('',(0.,-1.));
#3672 = ( GEOMETRIC_REPRESENTATION_CONTEXT(2) 
PARAMETRIC_REPRESENTATION_CONTEXT() REPRESENTATION_CONTEXT('2D SPACE',''
  ) );
#3673 = PCURVE('',#865,#3674);
#3674 = DEFINITIONAL_REPRESENTATION('',(#3675),#3679);
#3675 = LINE('',#3676,#3677);
#3676 = CARTESIAN_POINT('',(0.,0.));
#3677 = VECTOR('',#3678,1.);
#3678 = DIRECTION('',(0.,-1.));
#3679 = ( GEOMETRIC_REPRESENTATION_CONTEXT(2) 
PARAMETRIC_REPRESENTATION_CONTEXT() REPRESENTATION_CONTEXT('2D SPACE',''
  ) );
#3680 = ORIENTED_EDGE('',*,*,#3681,.F.);
#3681 = EDGE_CURVE('',#3610,#3659,#3682,.T.);
#3682 = SURFACE_CURVE('',#3683,(#3687,#3694),.PCURVE_S1.);
#3683 = LINE('',#3684,#3685);
#3684 = CARTESIAN_POINT('',(0.45,-12.25,2.29));
#3685 = VECTOR('',#3686,1.);
#3686 = DIRECTION('',(-1.,0.,0.));
#3687 = PCURVE('',#893,#3688);
#3688 = DEFINITIONAL_REPRESENTATION('',(#3689),#3693);
#3689 = LINE('',#3690,#3691);
#3690 = CARTESIAN_POINT('',(0.,-0.));
#3691 = VECTOR('',#3692,1.);
#3692 = DIRECTION('',(1.,0.));
#3693 = ( GEOMETRIC_REPRESENTATION_CONTEXT(2) 
PARAMETRIC_REPRESENTATION_CONTEXT() REPRESENTATION_CONTEXT('2D SPACE',''
  ) );
#3694 = PCURVE('',#3592,#3695);
#3695 = DEFINITIONAL_REPRESENTATION('',(#3696),#3700);
#3696 = LINE('',#3697,#3698);
#3697 = CARTESIAN_POINT('',(0.45,-12.25));
#3698 = VECTOR('',#3699,1.);
#3699 = DIRECTION('',(-1.,0.));
#3700 = ( GEOMETRIC_REPRESENTATION_CONTEXT(2) 
PARAMETRIC_REPRESENTATION_CONTEXT() REPRESENTATION_CONTEXT('2D SPACE',''
  ) );
#3701 = ADVANCED_FACE('',(#3702),#865,.T.);
#3702 = FACE_BOUND('',#3703,.T.);
#3703 = EDGE_LOOP('',(#3704,#3705,#3706,#3707));
#3704 = ORIENTED_EDGE('',*,*,#3658,.T.);
#3705 = ORIENTED_EDGE('',*,*,#849,.T.);
#3706 = ORIENTED_EDGE('',*,*,#3531,.F.);
#3707 = ORIENTED_EDGE('',*,*,#3708,.F.);
#3708 = EDGE_CURVE('',#3659,#3532,#3709,.T.);
#3709 = SURFACE_CURVE('',#3710,(#3714,#3721),.PCURVE_S1.);
#3710 = LINE('',#3711,#3712);
#3711 = CARTESIAN_POINT('',(-0.45,-12.25,2.29));
#3712 = VECTOR('',#3713,1.);
#3713 = DIRECTION('',(0.,-1.,0.));
#3714 = PCURVE('',#865,#3715);
#3715 = DEFINITIONAL_REPRESENTATION('',(#3716),#3720);
#3716 = LINE('',#3717,#3718);
#3717 = CARTESIAN_POINT('',(0.,0.));
#3718 = VECTOR('',#3719,1.);
#3719 = DIRECTION('',(1.,0.));
#3720 = ( GEOMETRIC_REPRESENTATION_CONTEXT(2) 
PARAMETRIC_REPRESENTATION_CONTEXT() REPRESENTATION_CONTEXT('2D SPACE',''
  ) );
#3721 = PCURVE('',#3592,#3722);
#3722 = DEFINITIONAL_REPRESENTATION('',(#3723),#3727);
#3723 = LINE('',#3724,#3725);
#3724 = CARTESIAN_POINT('',(-0.45,-12.25));
#3725 = VECTOR('',#3726,1.);
#3726 = DIRECTION('',(0.,-1.));
#3727 = ( GEOMETRIC_REPRESENTATION_CONTEXT(2) 
PARAMETRIC_REPRESENTATION_CONTEXT() REPRESENTATION_CONTEXT('2D SPACE',''
  ) );
#3728 = ADVANCED_FACE('',(#3729),#951,.T.);
#3729 = FACE_BOUND('',#3730,.T.);
#3730 = EDGE_LOOP('',(#3731,#3754,#3755,#3778));
#3731 = ORIENTED_EDGE('',*,*,#3732,.T.);
#3732 = EDGE_CURVE('',#3733,#934,#3735,.T.);
#3733 = VERTEX_POINT('',#3734);
#3734 = CARTESIAN_POINT('',(2.09,-23.31,2.29));
#3735 = SURFACE_CURVE('',#3736,(#3740,#3747),.PCURVE_S1.);
#3736 = LINE('',#3737,#3738);
#3737 = CARTESIAN_POINT('',(2.09,-23.31,2.29));
#3738 = VECTOR('',#3739,1.);
#3739 = DIRECTION('',(0.,0.,1.));
#3740 = PCURVE('',#951,#3741);
#3741 = DEFINITIONAL_REPRESENTATION('',(#3742),#3746);
#3742 = LINE('',#3743,#3744);
#3743 = CARTESIAN_POINT('',(0.,0.));
#3744 = VECTOR('',#3745,1.);
#3745 = DIRECTION('',(0.,-1.));
#3746 = ( GEOMETRIC_REPRESENTATION_CONTEXT(2) 
PARAMETRIC_REPRESENTATION_CONTEXT() REPRESENTATION_CONTEXT('2D SPACE',''
  ) );
#3747 = PCURVE('',#979,#3748);
#3748 = DEFINITIONAL_REPRESENTATION('',(#3749),#3753);
#3749 = LINE('',#3750,#3751);
#3750 = CARTESIAN_POINT('',(0.9,0.));
#3751 = VECTOR('',#3752,1.);
#3752 = DIRECTION('',(0.,-1.));
#3753 = ( GEOMETRIC_REPRESENTATION_CONTEXT(2) 
PARAMETRIC_REPRESENTATION_CONTEXT() REPRESENTATION_CONTEXT('2D SPACE',''
  ) );
#3754 = ORIENTED_EDGE('',*,*,#933,.T.);
#3755 = ORIENTED_EDGE('',*,*,#3756,.F.);
#3756 = EDGE_CURVE('',#3757,#936,#3759,.T.);
#3757 = VERTEX_POINT('',#3758);
#3758 = CARTESIAN_POINT('',(2.99,-23.31,2.29));
#3759 = SURFACE_CURVE('',#3760,(#3764,#3771),.PCURVE_S1.);
#3760 = LINE('',#3761,#3762);
#3761 = CARTESIAN_POINT('',(2.99,-23.31,2.29));
#3762 = VECTOR('',#3763,1.);
#3763 = DIRECTION('',(0.,0.,1.));
#3764 = PCURVE('',#951,#3765);
#3765 = DEFINITIONAL_REPRESENTATION('',(#3766),#3770);
#3766 = LINE('',#3767,#3768);
#3767 = CARTESIAN_POINT('',(0.9,0.));
#3768 = VECTOR('',#3769,1.);
#3769 = DIRECTION('',(0.,-1.));
#3770 = ( GEOMETRIC_REPRESENTATION_CONTEXT(2) 
PARAMETRIC_REPRESENTATION_CONTEXT() REPRESENTATION_CONTEXT('2D SPACE',''
  ) );
#3771 = PCURVE('',#1033,#3772);
#3772 = DEFINITIONAL_REPRESENTATION('',(#3773),#3777);
#3773 = LINE('',#3774,#3775);
#3774 = CARTESIAN_POINT('',(0.,0.));
#3775 = VECTOR('',#3776,1.);
#3776 = DIRECTION('',(0.,-1.));
#3777 = ( GEOMETRIC_REPRESENTATION_CONTEXT(2) 
PARAMETRIC_REPRESENTATION_CONTEXT() REPRESENTATION_CONTEXT('2D SPACE',''
  ) );
#3778 = ORIENTED_EDGE('',*,*,#3779,.F.);
#3779 = EDGE_CURVE('',#3733,#3757,#3780,.T.);
#3780 = SURFACE_CURVE('',#3781,(#3785,#3792),.PCURVE_S1.);
#3781 = LINE('',#3782,#3783);
#3782 = CARTESIAN_POINT('',(2.09,-23.31,2.29));
#3783 = VECTOR('',#3784,1.);
#3784 = DIRECTION('',(1.,0.,0.));
#3785 = PCURVE('',#951,#3786);
#3786 = DEFINITIONAL_REPRESENTATION('',(#3787),#3791);
#3787 = LINE('',#3788,#3789);
#3788 = CARTESIAN_POINT('',(0.,0.));
#3789 = VECTOR('',#3790,1.);
#3790 = DIRECTION('',(1.,0.));
#3791 = ( GEOMETRIC_REPRESENTATION_CONTEXT(2) 
PARAMETRIC_REPRESENTATION_CONTEXT() REPRESENTATION_CONTEXT('2D SPACE',''
  ) );
#3792 = PCURVE('',#3793,#3798);
#3793 = PLANE('',#3794);
#3794 = AXIS2_PLACEMENT_3D('',#3795,#3796,#3797);
#3795 = CARTESIAN_POINT('',(0.,0.,2.29));
#3796 = DIRECTION('',(0.,0.,1.));
#3797 = DIRECTION('',(1.,0.,-0.));
#3798 = DEFINITIONAL_REPRESENTATION('',(#3799),#3803);
#3799 = LINE('',#3800,#3801);
#3800 = CARTESIAN_POINT('',(2.09,-23.31));
#3801 = VECTOR('',#3802,1.);
#3802 = DIRECTION('',(1.,0.));
#3803 = ( GEOMETRIC_REPRESENTATION_CONTEXT(2) 
PARAMETRIC_REPRESENTATION_CONTEXT() REPRESENTATION_CONTEXT('2D SPACE',''
  ) );
#3804 = ADVANCED_FACE('',(#3805),#1033,.T.);
#3805 = FACE_BOUND('',#3806,.T.);
#3806 = EDGE_LOOP('',(#3807,#3808,#3809,#3832));
#3807 = ORIENTED_EDGE('',*,*,#3756,.T.);
#3808 = ORIENTED_EDGE('',*,*,#1019,.T.);
#3809 = ORIENTED_EDGE('',*,*,#3810,.F.);
#3810 = EDGE_CURVE('',#3811,#992,#3813,.T.);
#3811 = VERTEX_POINT('',#3812);
#3812 = CARTESIAN_POINT('',(2.99,-22.41,2.29));
#3813 = SURFACE_CURVE('',#3814,(#3818,#3825),.PCURVE_S1.);
#3814 = LINE('',#3815,#3816);
#3815 = CARTESIAN_POINT('',(2.99,-22.41,2.29));
#3816 = VECTOR('',#3817,1.);
#3817 = DIRECTION('',(0.,0.,1.));
#3818 = PCURVE('',#1033,#3819);
#3819 = DEFINITIONAL_REPRESENTATION('',(#3820),#3824);
#3820 = LINE('',#3821,#3822);
#3821 = CARTESIAN_POINT('',(0.9,0.));
#3822 = VECTOR('',#3823,1.);
#3823 = DIRECTION('',(0.,-1.));
#3824 = ( GEOMETRIC_REPRESENTATION_CONTEXT(2) 
PARAMETRIC_REPRESENTATION_CONTEXT() REPRESENTATION_CONTEXT('2D SPACE',''
  ) );
#3825 = PCURVE('',#1007,#3826);
#3826 = DEFINITIONAL_REPRESENTATION('',(#3827),#3831);
#3827 = LINE('',#3828,#3829);
#3828 = CARTESIAN_POINT('',(0.,-0.));
#3829 = VECTOR('',#3830,1.);
#3830 = DIRECTION('',(0.,-1.));
#3831 = ( GEOMETRIC_REPRESENTATION_CONTEXT(2) 
PARAMETRIC_REPRESENTATION_CONTEXT() REPRESENTATION_CONTEXT('2D SPACE',''
  ) );
#3832 = ORIENTED_EDGE('',*,*,#3833,.F.);
#3833 = EDGE_CURVE('',#3757,#3811,#3834,.T.);
#3834 = SURFACE_CURVE('',#3835,(#3839,#3846),.PCURVE_S1.);
#3835 = LINE('',#3836,#3837);
#3836 = CARTESIAN_POINT('',(2.99,-23.31,2.29));
#3837 = VECTOR('',#3838,1.);
#3838 = DIRECTION('',(0.,1.,0.));
#3839 = PCURVE('',#1033,#3840);
#3840 = DEFINITIONAL_REPRESENTATION('',(#3841),#3845);
#3841 = LINE('',#3842,#3843);
#3842 = CARTESIAN_POINT('',(0.,0.));
#3843 = VECTOR('',#3844,1.);
#3844 = DIRECTION('',(1.,0.));
#3845 = ( GEOMETRIC_REPRESENTATION_CONTEXT(2) 
PARAMETRIC_REPRESENTATION_CONTEXT() REPRESENTATION_CONTEXT('2D SPACE',''
  ) );
#3846 = PCURVE('',#3793,#3847);
#3847 = DEFINITIONAL_REPRESENTATION('',(#3848),#3852);
#3848 = LINE('',#3849,#3850);
#3849 = CARTESIAN_POINT('',(2.99,-23.31));
#3850 = VECTOR('',#3851,1.);
#3851 = DIRECTION('',(0.,1.));
#3852 = ( GEOMETRIC_REPRESENTATION_CONTEXT(2) 
PARAMETRIC_REPRESENTATION_CONTEXT() REPRESENTATION_CONTEXT('2D SPACE',''
  ) );
#3853 = ADVANCED_FACE('',(#3854),#1007,.T.);
#3854 = FACE_BOUND('',#3855,.T.);
#3855 = EDGE_LOOP('',(#3856,#3857,#3858,#3881));
#3856 = ORIENTED_EDGE('',*,*,#3810,.T.);
#3857 = ORIENTED_EDGE('',*,*,#991,.T.);
#3858 = ORIENTED_EDGE('',*,*,#3859,.F.);
#3859 = EDGE_CURVE('',#3860,#964,#3862,.T.);
#3860 = VERTEX_POINT('',#3861);
#3861 = CARTESIAN_POINT('',(2.09,-22.41,2.29));
#3862 = SURFACE_CURVE('',#3863,(#3867,#3874),.PCURVE_S1.);
#3863 = LINE('',#3864,#3865);
#3864 = CARTESIAN_POINT('',(2.09,-22.41,2.29));
#3865 = VECTOR('',#3866,1.);
#3866 = DIRECTION('',(0.,0.,1.));
#3867 = PCURVE('',#1007,#3868);
#3868 = DEFINITIONAL_REPRESENTATION('',(#3869),#3873);
#3869 = LINE('',#3870,#3871);
#3870 = CARTESIAN_POINT('',(0.9,0.));
#3871 = VECTOR('',#3872,1.);
#3872 = DIRECTION('',(0.,-1.));
#3873 = ( GEOMETRIC_REPRESENTATION_CONTEXT(2) 
PARAMETRIC_REPRESENTATION_CONTEXT() REPRESENTATION_CONTEXT('2D SPACE',''
  ) );
#3874 = PCURVE('',#979,#3875);
#3875 = DEFINITIONAL_REPRESENTATION('',(#3876),#3880);
#3876 = LINE('',#3877,#3878);
#3877 = CARTESIAN_POINT('',(0.,0.));
#3878 = VECTOR('',#3879,1.);
#3879 = DIRECTION('',(0.,-1.));
#3880 = ( GEOMETRIC_REPRESENTATION_CONTEXT(2) 
PARAMETRIC_REPRESENTATION_CONTEXT() REPRESENTATION_CONTEXT('2D SPACE',''
  ) );
#3881 = ORIENTED_EDGE('',*,*,#3882,.F.);
#3882 = EDGE_CURVE('',#3811,#3860,#3883,.T.);
#3883 = SURFACE_CURVE('',#3884,(#3888,#3895),.PCURVE_S1.);
#3884 = LINE('',#3885,#3886);
#3885 = CARTESIAN_POINT('',(2.99,-22.41,2.29));
#3886 = VECTOR('',#3887,1.);
#3887 = DIRECTION('',(-1.,0.,0.));
#3888 = PCURVE('',#1007,#3889);
#3889 = DEFINITIONAL_REPRESENTATION('',(#3890),#3894);
#3890 = LINE('',#3891,#3892);
#3891 = CARTESIAN_POINT('',(0.,-0.));
#3892 = VECTOR('',#3893,1.);
#3893 = DIRECTION('',(1.,0.));
#3894 = ( GEOMETRIC_REPRESENTATION_CONTEXT(2) 
PARAMETRIC_REPRESENTATION_CONTEXT() REPRESENTATION_CONTEXT('2D SPACE',''
  ) );
#3895 = PCURVE('',#3793,#3896);
#3896 = DEFINITIONAL_REPRESENTATION('',(#3897),#3901);
#3897 = LINE('',#3898,#3899);
#3898 = CARTESIAN_POINT('',(2.99,-22.41));
#3899 = VECTOR('',#3900,1.);
#3900 = DIRECTION('',(-1.,0.));
#3901 = ( GEOMETRIC_REPRESENTATION_CONTEXT(2) 
PARAMETRIC_REPRESENTATION_CONTEXT() REPRESENTATION_CONTEXT('2D SPACE',''
  ) );
#3902 = ADVANCED_FACE('',(#3903),#979,.T.);
#3903 = FACE_BOUND('',#3904,.T.);
#3904 = EDGE_LOOP('',(#3905,#3906,#3907,#3908));
#3905 = ORIENTED_EDGE('',*,*,#3859,.T.);
#3906 = ORIENTED_EDGE('',*,*,#963,.T.);
#3907 = ORIENTED_EDGE('',*,*,#3732,.F.);
#3908 = ORIENTED_EDGE('',*,*,#3909,.F.);
#3909 = EDGE_CURVE('',#3860,#3733,#3910,.T.);
#3910 = SURFACE_CURVE('',#3911,(#3915,#3922),.PCURVE_S1.);
#3911 = LINE('',#3912,#3913);
#3912 = CARTESIAN_POINT('',(2.09,-22.41,2.29));
#3913 = VECTOR('',#3914,1.);
#3914 = DIRECTION('',(0.,-1.,0.));
#3915 = PCURVE('',#979,#3916);
#3916 = DEFINITIONAL_REPRESENTATION('',(#3917),#3921);
#3917 = LINE('',#3918,#3919);
#3918 = CARTESIAN_POINT('',(0.,0.));
#3919 = VECTOR('',#3920,1.);
#3920 = DIRECTION('',(1.,0.));
#3921 = ( GEOMETRIC_REPRESENTATION_CONTEXT(2) 
PARAMETRIC_REPRESENTATION_CONTEXT() REPRESENTATION_CONTEXT('2D SPACE',''
  ) );
#3922 = PCURVE('',#3793,#3923);
#3923 = DEFINITIONAL_REPRESENTATION('',(#3924),#3928);
#3924 = LINE('',#3925,#3926);
#3925 = CARTESIAN_POINT('',(2.09,-22.41));
#3926 = VECTOR('',#3927,1.);
#3927 = DIRECTION('',(0.,-1.));
#3928 = ( GEOMETRIC_REPRESENTATION_CONTEXT(2) 
PARAMETRIC_REPRESENTATION_CONTEXT() REPRESENTATION_CONTEXT('2D SPACE',''
  ) );
#3929 = ADVANCED_FACE('',(#3930),#1065,.T.);
#3930 = FACE_BOUND('',#3931,.T.);
#3931 = EDGE_LOOP('',(#3932,#3955,#3956,#3979));
#3932 = ORIENTED_EDGE('',*,*,#3933,.T.);
#3933 = EDGE_CURVE('',#3934,#1048,#3936,.T.);
#3934 = VERTEX_POINT('',#3935);
#3935 = CARTESIAN_POINT('',(2.09,-20.77,2.29));
#3936 = SURFACE_CURVE('',#3937,(#3941,#3948),.PCURVE_S1.);
#3937 = LINE('',#3938,#3939);
#3938 = CARTESIAN_POINT('',(2.09,-20.77,2.29));
#3939 = VECTOR('',#3940,1.);
#3940 = DIRECTION('',(0.,0.,1.));
#3941 = PCURVE('',#1065,#3942);
#3942 = DEFINITIONAL_REPRESENTATION('',(#3943),#3947);
#3943 = LINE('',#3944,#3945);
#3944 = CARTESIAN_POINT('',(0.,0.));
#3945 = VECTOR('',#3946,1.);
#3946 = DIRECTION('',(0.,-1.));
#3947 = ( GEOMETRIC_REPRESENTATION_CONTEXT(2) 
PARAMETRIC_REPRESENTATION_CONTEXT() REPRESENTATION_CONTEXT('2D SPACE',''
  ) );
#3948 = PCURVE('',#1093,#3949);
#3949 = DEFINITIONAL_REPRESENTATION('',(#3950),#3954);
#3950 = LINE('',#3951,#3952);
#3951 = CARTESIAN_POINT('',(0.9,0.));
#3952 = VECTOR('',#3953,1.);
#3953 = DIRECTION('',(0.,-1.));
#3954 = ( GEOMETRIC_REPRESENTATION_CONTEXT(2) 
PARAMETRIC_REPRESENTATION_CONTEXT() REPRESENTATION_CONTEXT('2D SPACE',''
  ) );
#3955 = ORIENTED_EDGE('',*,*,#1047,.T.);
#3956 = ORIENTED_EDGE('',*,*,#3957,.F.);
#3957 = EDGE_CURVE('',#3958,#1050,#3960,.T.);
#3958 = VERTEX_POINT('',#3959);
#3959 = CARTESIAN_POINT('',(2.99,-20.77,2.29));
#3960 = SURFACE_CURVE('',#3961,(#3965,#3972),.PCURVE_S1.);
#3961 = LINE('',#3962,#3963);
#3962 = CARTESIAN_POINT('',(2.99,-20.77,2.29));
#3963 = VECTOR('',#3964,1.);
#3964 = DIRECTION('',(0.,0.,1.));
#3965 = PCURVE('',#1065,#3966);
#3966 = DEFINITIONAL_REPRESENTATION('',(#3967),#3971);
#3967 = LINE('',#3968,#3969);
#3968 = CARTESIAN_POINT('',(0.9,0.));
#3969 = VECTOR('',#3970,1.);
#3970 = DIRECTION('',(0.,-1.));
#3971 = ( GEOMETRIC_REPRESENTATION_CONTEXT(2) 
PARAMETRIC_REPRESENTATION_CONTEXT() REPRESENTATION_CONTEXT('2D SPACE',''
  ) );
#3972 = PCURVE('',#1147,#3973);
#3973 = DEFINITIONAL_REPRESENTATION('',(#3974),#3978);
#3974 = LINE('',#3975,#3976);
#3975 = CARTESIAN_POINT('',(0.,0.));
#3976 = VECTOR('',#3977,1.);
#3977 = DIRECTION('',(0.,-1.));
#3978 = ( GEOMETRIC_REPRESENTATION_CONTEXT(2) 
PARAMETRIC_REPRESENTATION_CONTEXT() REPRESENTATION_CONTEXT('2D SPACE',''
  ) );
#3979 = ORIENTED_EDGE('',*,*,#3980,.F.);
#3980 = EDGE_CURVE('',#3934,#3958,#3981,.T.);
#3981 = SURFACE_CURVE('',#3982,(#3986,#3993),.PCURVE_S1.);
#3982 = LINE('',#3983,#3984);
#3983 = CARTESIAN_POINT('',(2.09,-20.77,2.29));
#3984 = VECTOR('',#3985,1.);
#3985 = DIRECTION('',(1.,0.,0.));
#3986 = PCURVE('',#1065,#3987);
#3987 = DEFINITIONAL_REPRESENTATION('',(#3988),#3992);
#3988 = LINE('',#3989,#3990);
#3989 = CARTESIAN_POINT('',(0.,0.));
#3990 = VECTOR('',#3991,1.);
#3991 = DIRECTION('',(1.,0.));
#3992 = ( GEOMETRIC_REPRESENTATION_CONTEXT(2) 
PARAMETRIC_REPRESENTATION_CONTEXT() REPRESENTATION_CONTEXT('2D SPACE',''
  ) );
#3993 = PCURVE('',#3994,#3999);
#3994 = PLANE('',#3995);
#3995 = AXIS2_PLACEMENT_3D('',#3996,#3997,#3998);
#3996 = CARTESIAN_POINT('',(0.,0.,2.29));
#3997 = DIRECTION('',(0.,0.,1.));
#3998 = DIRECTION('',(1.,0.,-0.));
#3999 = DEFINITIONAL_REPRESENTATION('',(#4000),#4004);
#4000 = LINE('',#4001,#4002);
#4001 = CARTESIAN_POINT('',(2.09,-20.77));
#4002 = VECTOR('',#4003,1.);
#4003 = DIRECTION('',(1.,0.));
#4004 = ( GEOMETRIC_REPRESENTATION_CONTEXT(2) 
PARAMETRIC_REPRESENTATION_CONTEXT() REPRESENTATION_CONTEXT('2D SPACE',''
  ) );
#4005 = ADVANCED_FACE('',(#4006),#1147,.T.);
#4006 = FACE_BOUND('',#4007,.T.);
#4007 = EDGE_LOOP('',(#4008,#4009,#4010,#4033));
#4008 = ORIENTED_EDGE('',*,*,#3957,.T.);
#4009 = ORIENTED_EDGE('',*,*,#1133,.T.);
#4010 = ORIENTED_EDGE('',*,*,#4011,.F.);
#4011 = EDGE_CURVE('',#4012,#1106,#4014,.T.);
#4012 = VERTEX_POINT('',#4013);
#4013 = CARTESIAN_POINT('',(2.99,-19.87,2.29));
#4014 = SURFACE_CURVE('',#4015,(#4019,#4026),.PCURVE_S1.);
#4015 = LINE('',#4016,#4017);
#4016 = CARTESIAN_POINT('',(2.99,-19.87,2.29));
#4017 = VECTOR('',#4018,1.);
#4018 = DIRECTION('',(0.,0.,1.));
#4019 = PCURVE('',#1147,#4020);
#4020 = DEFINITIONAL_REPRESENTATION('',(#4021),#4025);
#4021 = LINE('',#4022,#4023);
#4022 = CARTESIAN_POINT('',(0.9,0.));
#4023 = VECTOR('',#4024,1.);
#4024 = DIRECTION('',(0.,-1.));
#4025 = ( GEOMETRIC_REPRESENTATION_CONTEXT(2) 
PARAMETRIC_REPRESENTATION_CONTEXT() REPRESENTATION_CONTEXT('2D SPACE',''
  ) );
#4026 = PCURVE('',#1121,#4027);
#4027 = DEFINITIONAL_REPRESENTATION('',(#4028),#4032);
#4028 = LINE('',#4029,#4030);
#4029 = CARTESIAN_POINT('',(0.,-0.));
#4030 = VECTOR('',#4031,1.);
#4031 = DIRECTION('',(0.,-1.));
#4032 = ( GEOMETRIC_REPRESENTATION_CONTEXT(2) 
PARAMETRIC_REPRESENTATION_CONTEXT() REPRESENTATION_CONTEXT('2D SPACE',''
  ) );
#4033 = ORIENTED_EDGE('',*,*,#4034,.F.);
#4034 = EDGE_CURVE('',#3958,#4012,#4035,.T.);
#4035 = SURFACE_CURVE('',#4036,(#4040,#4047),.PCURVE_S1.);
#4036 = LINE('',#4037,#4038);
#4037 = CARTESIAN_POINT('',(2.99,-20.77,2.29));
#4038 = VECTOR('',#4039,1.);
#4039 = DIRECTION('',(0.,1.,0.));
#4040 = PCURVE('',#1147,#4041);
#4041 = DEFINITIONAL_REPRESENTATION('',(#4042),#4046);
#4042 = LINE('',#4043,#4044);
#4043 = CARTESIAN_POINT('',(0.,0.));
#4044 = VECTOR('',#4045,1.);
#4045 = DIRECTION('',(1.,0.));
#4046 = ( GEOMETRIC_REPRESENTATION_CONTEXT(2) 
PARAMETRIC_REPRESENTATION_CONTEXT() REPRESENTATION_CONTEXT('2D SPACE',''
  ) );
#4047 = PCURVE('',#3994,#4048);
#4048 = DEFINITIONAL_REPRESENTATION('',(#4049),#4053);
#4049 = LINE('',#4050,#4051);
#4050 = CARTESIAN_POINT('',(2.99,-20.77));
#4051 = VECTOR('',#4052,1.);
#4052 = DIRECTION('',(0.,1.));
#4053 = ( GEOMETRIC_REPRESENTATION_CONTEXT(2) 
PARAMETRIC_REPRESENTATION_CONTEXT() REPRESENTATION_CONTEXT('2D SPACE',''
  ) );
#4054 = ADVANCED_FACE('',(#4055),#1121,.T.);
#4055 = FACE_BOUND('',#4056,.T.);
#4056 = EDGE_LOOP('',(#4057,#4058,#4059,#4082));
#4057 = ORIENTED_EDGE('',*,*,#4011,.T.);
#4058 = ORIENTED_EDGE('',*,*,#1105,.T.);
#4059 = ORIENTED_EDGE('',*,*,#4060,.F.);
#4060 = EDGE_CURVE('',#4061,#1078,#4063,.T.);
#4061 = VERTEX_POINT('',#4062);
#4062 = CARTESIAN_POINT('',(2.09,-19.87,2.29));
#4063 = SURFACE_CURVE('',#4064,(#4068,#4075),.PCURVE_S1.);
#4064 = LINE('',#4065,#4066);
#4065 = CARTESIAN_POINT('',(2.09,-19.87,2.29));
#4066 = VECTOR('',#4067,1.);
#4067 = DIRECTION('',(0.,0.,1.));
#4068 = PCURVE('',#1121,#4069);
#4069 = DEFINITIONAL_REPRESENTATION('',(#4070),#4074);
#4070 = LINE('',#4071,#4072);
#4071 = CARTESIAN_POINT('',(0.9,0.));
#4072 = VECTOR('',#4073,1.);
#4073 = DIRECTION('',(0.,-1.));
#4074 = ( GEOMETRIC_REPRESENTATION_CONTEXT(2) 
PARAMETRIC_REPRESENTATION_CONTEXT() REPRESENTATION_CONTEXT('2D SPACE',''
  ) );
#4075 = PCURVE('',#1093,#4076);
#4076 = DEFINITIONAL_REPRESENTATION('',(#4077),#4081);
#4077 = LINE('',#4078,#4079);
#4078 = CARTESIAN_POINT('',(0.,0.));
#4079 = VECTOR('',#4080,1.);
#4080 = DIRECTION('',(0.,-1.));
#4081 = ( GEOMETRIC_REPRESENTATION_CONTEXT(2) 
PARAMETRIC_REPRESENTATION_CONTEXT() REPRESENTATION_CONTEXT('2D SPACE',''
  ) );
#4082 = ORIENTED_EDGE('',*,*,#4083,.F.);
#4083 = EDGE_CURVE('',#4012,#4061,#4084,.T.);
#4084 = SURFACE_CURVE('',#4085,(#4089,#4096),.PCURVE_S1.);
#4085 = LINE('',#4086,#4087);
#4086 = CARTESIAN_POINT('',(2.99,-19.87,2.29));
#4087 = VECTOR('',#4088,1.);
#4088 = DIRECTION('',(-1.,0.,0.));
#4089 = PCURVE('',#1121,#4090);
#4090 = DEFINITIONAL_REPRESENTATION('',(#4091),#4095);
#4091 = LINE('',#4092,#4093);
#4092 = CARTESIAN_POINT('',(0.,-0.));
#4093 = VECTOR('',#4094,1.);
#4094 = DIRECTION('',(1.,0.));
#4095 = ( GEOMETRIC_REPRESENTATION_CONTEXT(2) 
PARAMETRIC_REPRESENTATION_CONTEXT() REPRESENTATION_CONTEXT('2D SPACE',''
  ) );
#4096 = PCURVE('',#3994,#4097);
#4097 = DEFINITIONAL_REPRESENTATION('',(#4098),#4102);
#4098 = LINE('',#4099,#4100);
#4099 = CARTESIAN_POINT('',(2.99,-19.87));
#4100 = VECTOR('',#4101,1.);
#4101 = DIRECTION('',(-1.,0.));
#4102 = ( GEOMETRIC_REPRESENTATION_CONTEXT(2) 
PARAMETRIC_REPRESENTATION_CONTEXT() REPRESENTATION_CONTEXT('2D SPACE',''
  ) );
#4103 = ADVANCED_FACE('',(#4104),#1093,.T.);
#4104 = FACE_BOUND('',#4105,.T.);
#4105 = EDGE_LOOP('',(#4106,#4107,#4108,#4109));
#4106 = ORIENTED_EDGE('',*,*,#4060,.T.);
#4107 = ORIENTED_EDGE('',*,*,#1077,.T.);
#4108 = ORIENTED_EDGE('',*,*,#3933,.F.);
#4109 = ORIENTED_EDGE('',*,*,#4110,.F.);
#4110 = EDGE_CURVE('',#4061,#3934,#4111,.T.);
#4111 = SURFACE_CURVE('',#4112,(#4116,#4123),.PCURVE_S1.);
#4112 = LINE('',#4113,#4114);
#4113 = CARTESIAN_POINT('',(2.09,-19.87,2.29));
#4114 = VECTOR('',#4115,1.);
#4115 = DIRECTION('',(0.,-1.,0.));
#4116 = PCURVE('',#1093,#4117);
#4117 = DEFINITIONAL_REPRESENTATION('',(#4118),#4122);
#4118 = LINE('',#4119,#4120);
#4119 = CARTESIAN_POINT('',(0.,0.));
#4120 = VECTOR('',#4121,1.);
#4121 = DIRECTION('',(1.,0.));
#4122 = ( GEOMETRIC_REPRESENTATION_CONTEXT(2) 
PARAMETRIC_REPRESENTATION_CONTEXT() REPRESENTATION_CONTEXT('2D SPACE',''
  ) );
#4123 = PCURVE('',#3994,#4124);
#4124 = DEFINITIONAL_REPRESENTATION('',(#4125),#4129);
#4125 = LINE('',#4126,#4127);
#4126 = CARTESIAN_POINT('',(2.09,-19.87));
#4127 = VECTOR('',#4128,1.);
#4128 = DIRECTION('',(0.,-1.));
#4129 = ( GEOMETRIC_REPRESENTATION_CONTEXT(2) 
PARAMETRIC_REPRESENTATION_CONTEXT() REPRESENTATION_CONTEXT('2D SPACE',''
  ) );
#4130 = ADVANCED_FACE('',(#4131),#1179,.T.);
#4131 = FACE_BOUND('',#4132,.T.);
#4132 = EDGE_LOOP('',(#4133,#4156,#4157,#4180));
#4133 = ORIENTED_EDGE('',*,*,#4134,.T.);
#4134 = EDGE_CURVE('',#4135,#1162,#4137,.T.);
#4135 = VERTEX_POINT('',#4136);
#4136 = CARTESIAN_POINT('',(2.09,-18.23,2.29));
#4137 = SURFACE_CURVE('',#4138,(#4142,#4149),.PCURVE_S1.);
#4138 = LINE('',#4139,#4140);
#4139 = CARTESIAN_POINT('',(2.09,-18.23,2.29));
#4140 = VECTOR('',#4141,1.);
#4141 = DIRECTION('',(0.,0.,1.));
#4142 = PCURVE('',#1179,#4143);
#4143 = DEFINITIONAL_REPRESENTATION('',(#4144),#4148);
#4144 = LINE('',#4145,#4146);
#4145 = CARTESIAN_POINT('',(0.,0.));
#4146 = VECTOR('',#4147,1.);
#4147 = DIRECTION('',(0.,-1.));
#4148 = ( GEOMETRIC_REPRESENTATION_CONTEXT(2) 
PARAMETRIC_REPRESENTATION_CONTEXT() REPRESENTATION_CONTEXT('2D SPACE',''
  ) );
#4149 = PCURVE('',#1207,#4150);
#4150 = DEFINITIONAL_REPRESENTATION('',(#4151),#4155);
#4151 = LINE('',#4152,#4153);
#4152 = CARTESIAN_POINT('',(0.9,0.));
#4153 = VECTOR('',#4154,1.);
#4154 = DIRECTION('',(0.,-1.));
#4155 = ( GEOMETRIC_REPRESENTATION_CONTEXT(2) 
PARAMETRIC_REPRESENTATION_CONTEXT() REPRESENTATION_CONTEXT('2D SPACE',''
  ) );
#4156 = ORIENTED_EDGE('',*,*,#1161,.T.);
#4157 = ORIENTED_EDGE('',*,*,#4158,.F.);
#4158 = EDGE_CURVE('',#4159,#1164,#4161,.T.);
#4159 = VERTEX_POINT('',#4160);
#4160 = CARTESIAN_POINT('',(2.99,-18.23,2.29));
#4161 = SURFACE_CURVE('',#4162,(#4166,#4173),.PCURVE_S1.);
#4162 = LINE('',#4163,#4164);
#4163 = CARTESIAN_POINT('',(2.99,-18.23,2.29));
#4164 = VECTOR('',#4165,1.);
#4165 = DIRECTION('',(0.,0.,1.));
#4166 = PCURVE('',#1179,#4167);
#4167 = DEFINITIONAL_REPRESENTATION('',(#4168),#4172);
#4168 = LINE('',#4169,#4170);
#4169 = CARTESIAN_POINT('',(0.9,0.));
#4170 = VECTOR('',#4171,1.);
#4171 = DIRECTION('',(0.,-1.));
#4172 = ( GEOMETRIC_REPRESENTATION_CONTEXT(2) 
PARAMETRIC_REPRESENTATION_CONTEXT() REPRESENTATION_CONTEXT('2D SPACE',''
  ) );
#4173 = PCURVE('',#1261,#4174);
#4174 = DEFINITIONAL_REPRESENTATION('',(#4175),#4179);
#4175 = LINE('',#4176,#4177);
#4176 = CARTESIAN_POINT('',(0.,0.));
#4177 = VECTOR('',#4178,1.);
#4178 = DIRECTION('',(0.,-1.));
#4179 = ( GEOMETRIC_REPRESENTATION_CONTEXT(2) 
PARAMETRIC_REPRESENTATION_CONTEXT() REPRESENTATION_CONTEXT('2D SPACE',''
  ) );
#4180 = ORIENTED_EDGE('',*,*,#4181,.F.);
#4181 = EDGE_CURVE('',#4135,#4159,#4182,.T.);
#4182 = SURFACE_CURVE('',#4183,(#4187,#4194),.PCURVE_S1.);
#4183 = LINE('',#4184,#4185);
#4184 = CARTESIAN_POINT('',(2.09,-18.23,2.29));
#4185 = VECTOR('',#4186,1.);
#4186 = DIRECTION('',(1.,0.,0.));
#4187 = PCURVE('',#1179,#4188);
#4188 = DEFINITIONAL_REPRESENTATION('',(#4189),#4193);
#4189 = LINE('',#4190,#4191);
#4190 = CARTESIAN_POINT('',(0.,0.));
#4191 = VECTOR('',#4192,1.);
#4192 = DIRECTION('',(1.,0.));
#4193 = ( GEOMETRIC_REPRESENTATION_CONTEXT(2) 
PARAMETRIC_REPRESENTATION_CONTEXT() REPRESENTATION_CONTEXT('2D SPACE',''
  ) );
#4194 = PCURVE('',#4195,#4200);
#4195 = PLANE('',#4196);
#4196 = AXIS2_PLACEMENT_3D('',#4197,#4198,#4199);
#4197 = CARTESIAN_POINT('',(0.,0.,2.29));
#4198 = DIRECTION('',(0.,0.,1.));
#4199 = DIRECTION('',(1.,0.,-0.));
#4200 = DEFINITIONAL_REPRESENTATION('',(#4201),#4205);
#4201 = LINE('',#4202,#4203);
#4202 = CARTESIAN_POINT('',(2.09,-18.23));
#4203 = VECTOR('',#4204,1.);
#4204 = DIRECTION('',(1.,0.));
#4205 = ( GEOMETRIC_REPRESENTATION_CONTEXT(2) 
PARAMETRIC_REPRESENTATION_CONTEXT() REPRESENTATION_CONTEXT('2D SPACE',''
  ) );
#4206 = ADVANCED_FACE('',(#4207),#1261,.T.);
#4207 = FACE_BOUND('',#4208,.T.);
#4208 = EDGE_LOOP('',(#4209,#4210,#4211,#4234));
#4209 = ORIENTED_EDGE('',*,*,#4158,.T.);
#4210 = ORIENTED_EDGE('',*,*,#1247,.T.);
#4211 = ORIENTED_EDGE('',*,*,#4212,.F.);
#4212 = EDGE_CURVE('',#4213,#1220,#4215,.T.);
#4213 = VERTEX_POINT('',#4214);
#4214 = CARTESIAN_POINT('',(2.99,-17.33,2.29));
#4215 = SURFACE_CURVE('',#4216,(#4220,#4227),.PCURVE_S1.);
#4216 = LINE('',#4217,#4218);
#4217 = CARTESIAN_POINT('',(2.99,-17.33,2.29));
#4218 = VECTOR('',#4219,1.);
#4219 = DIRECTION('',(0.,0.,1.));
#4220 = PCURVE('',#1261,#4221);
#4221 = DEFINITIONAL_REPRESENTATION('',(#4222),#4226);
#4222 = LINE('',#4223,#4224);
#4223 = CARTESIAN_POINT('',(0.9,0.));
#4224 = VECTOR('',#4225,1.);
#4225 = DIRECTION('',(0.,-1.));
#4226 = ( GEOMETRIC_REPRESENTATION_CONTEXT(2) 
PARAMETRIC_REPRESENTATION_CONTEXT() REPRESENTATION_CONTEXT('2D SPACE',''
  ) );
#4227 = PCURVE('',#1235,#4228);
#4228 = DEFINITIONAL_REPRESENTATION('',(#4229),#4233);
#4229 = LINE('',#4230,#4231);
#4230 = CARTESIAN_POINT('',(0.,-0.));
#4231 = VECTOR('',#4232,1.);
#4232 = DIRECTION('',(0.,-1.));
#4233 = ( GEOMETRIC_REPRESENTATION_CONTEXT(2) 
PARAMETRIC_REPRESENTATION_CONTEXT() REPRESENTATION_CONTEXT('2D SPACE',''
  ) );
#4234 = ORIENTED_EDGE('',*,*,#4235,.F.);
#4235 = EDGE_CURVE('',#4159,#4213,#4236,.T.);
#4236 = SURFACE_CURVE('',#4237,(#4241,#4248),.PCURVE_S1.);
#4237 = LINE('',#4238,#4239);
#4238 = CARTESIAN_POINT('',(2.99,-18.23,2.29));
#4239 = VECTOR('',#4240,1.);
#4240 = DIRECTION('',(0.,1.,0.));
#4241 = PCURVE('',#1261,#4242);
#4242 = DEFINITIONAL_REPRESENTATION('',(#4243),#4247);
#4243 = LINE('',#4244,#4245);
#4244 = CARTESIAN_POINT('',(0.,0.));
#4245 = VECTOR('',#4246,1.);
#4246 = DIRECTION('',(1.,0.));
#4247 = ( GEOMETRIC_REPRESENTATION_CONTEXT(2) 
PARAMETRIC_REPRESENTATION_CONTEXT() REPRESENTATION_CONTEXT('2D SPACE',''
  ) );
#4248 = PCURVE('',#4195,#4249);
#4249 = DEFINITIONAL_REPRESENTATION('',(#4250),#4254);
#4250 = LINE('',#4251,#4252);
#4251 = CARTESIAN_POINT('',(2.99,-18.23));
#4252 = VECTOR('',#4253,1.);
#4253 = DIRECTION('',(0.,1.));
#4254 = ( GEOMETRIC_REPRESENTATION_CONTEXT(2) 
PARAMETRIC_REPRESENTATION_CONTEXT() REPRESENTATION_CONTEXT('2D SPACE',''
  ) );
#4255 = ADVANCED_FACE('',(#4256),#1235,.T.);
#4256 = FACE_BOUND('',#4257,.T.);
#4257 = EDGE_LOOP('',(#4258,#4259,#4260,#4283));
#4258 = ORIENTED_EDGE('',*,*,#4212,.T.);
#4259 = ORIENTED_EDGE('',*,*,#1219,.T.);
#4260 = ORIENTED_EDGE('',*,*,#4261,.F.);
#4261 = EDGE_CURVE('',#4262,#1192,#4264,.T.);
#4262 = VERTEX_POINT('',#4263);
#4263 = CARTESIAN_POINT('',(2.09,-17.33,2.29));
#4264 = SURFACE_CURVE('',#4265,(#4269,#4276),.PCURVE_S1.);
#4265 = LINE('',#4266,#4267);
#4266 = CARTESIAN_POINT('',(2.09,-17.33,2.29));
#4267 = VECTOR('',#4268,1.);
#4268 = DIRECTION('',(0.,0.,1.));
#4269 = PCURVE('',#1235,#4270);
#4270 = DEFINITIONAL_REPRESENTATION('',(#4271),#4275);
#4271 = LINE('',#4272,#4273);
#4272 = CARTESIAN_POINT('',(0.9,0.));
#4273 = VECTOR('',#4274,1.);
#4274 = DIRECTION('',(0.,-1.));
#4275 = ( GEOMETRIC_REPRESENTATION_CONTEXT(2) 
PARAMETRIC_REPRESENTATION_CONTEXT() REPRESENTATION_CONTEXT('2D SPACE',''
  ) );
#4276 = PCURVE('',#1207,#4277);
#4277 = DEFINITIONAL_REPRESENTATION('',(#4278),#4282);
#4278 = LINE('',#4279,#4280);
#4279 = CARTESIAN_POINT('',(0.,0.));
#4280 = VECTOR('',#4281,1.);
#4281 = DIRECTION('',(0.,-1.));
#4282 = ( GEOMETRIC_REPRESENTATION_CONTEXT(2) 
PARAMETRIC_REPRESENTATION_CONTEXT() REPRESENTATION_CONTEXT('2D SPACE',''
  ) );
#4283 = ORIENTED_EDGE('',*,*,#4284,.F.);
#4284 = EDGE_CURVE('',#4213,#4262,#4285,.T.);
#4285 = SURFACE_CURVE('',#4286,(#4290,#4297),.PCURVE_S1.);
#4286 = LINE('',#4287,#4288);
#4287 = CARTESIAN_POINT('',(2.99,-17.33,2.29));
#4288 = VECTOR('',#4289,1.);
#4289 = DIRECTION('',(-1.,0.,0.));
#4290 = PCURVE('',#1235,#4291);
#4291 = DEFINITIONAL_REPRESENTATION('',(#4292),#4296);
#4292 = LINE('',#4293,#4294);
#4293 = CARTESIAN_POINT('',(0.,-0.));
#4294 = VECTOR('',#4295,1.);
#4295 = DIRECTION('',(1.,0.));
#4296 = ( GEOMETRIC_REPRESENTATION_CONTEXT(2) 
PARAMETRIC_REPRESENTATION_CONTEXT() REPRESENTATION_CONTEXT('2D SPACE',''
  ) );
#4297 = PCURVE('',#4195,#4298);
#4298 = DEFINITIONAL_REPRESENTATION('',(#4299),#4303);
#4299 = LINE('',#4300,#4301);
#4300 = CARTESIAN_POINT('',(2.99,-17.33));
#4301 = VECTOR('',#4302,1.);
#4302 = DIRECTION('',(-1.,0.));
#4303 = ( GEOMETRIC_REPRESENTATION_CONTEXT(2) 
PARAMETRIC_REPRESENTATION_CONTEXT() REPRESENTATION_CONTEXT('2D SPACE',''
  ) );
#4304 = ADVANCED_FACE('',(#4305),#1207,.T.);
#4305 = FACE_BOUND('',#4306,.T.);
#4306 = EDGE_LOOP('',(#4307,#4308,#4309,#4310));
#4307 = ORIENTED_EDGE('',*,*,#4261,.T.);
#4308 = ORIENTED_EDGE('',*,*,#1191,.T.);
#4309 = ORIENTED_EDGE('',*,*,#4134,.F.);
#4310 = ORIENTED_EDGE('',*,*,#4311,.F.);
#4311 = EDGE_CURVE('',#4262,#4135,#4312,.T.);
#4312 = SURFACE_CURVE('',#4313,(#4317,#4324),.PCURVE_S1.);
#4313 = LINE('',#4314,#4315);
#4314 = CARTESIAN_POINT('',(2.09,-17.33,2.29));
#4315 = VECTOR('',#4316,1.);
#4316 = DIRECTION('',(0.,-1.,0.));
#4317 = PCURVE('',#1207,#4318);
#4318 = DEFINITIONAL_REPRESENTATION('',(#4319),#4323);
#4319 = LINE('',#4320,#4321);
#4320 = CARTESIAN_POINT('',(0.,0.));
#4321 = VECTOR('',#4322,1.);
#4322 = DIRECTION('',(1.,0.));
#4323 = ( GEOMETRIC_REPRESENTATION_CONTEXT(2) 
PARAMETRIC_REPRESENTATION_CONTEXT() REPRESENTATION_CONTEXT('2D SPACE',''
  ) );
#4324 = PCURVE('',#4195,#4325);
#4325 = DEFINITIONAL_REPRESENTATION('',(#4326),#4330);
#4326 = LINE('',#4327,#4328);
#4327 = CARTESIAN_POINT('',(2.09,-17.33));
#4328 = VECTOR('',#4329,1.);
#4329 = DIRECTION('',(0.,-1.));
#4330 = ( GEOMETRIC_REPRESENTATION_CONTEXT(2) 
PARAMETRIC_REPRESENTATION_CONTEXT() REPRESENTATION_CONTEXT('2D SPACE',''
  ) );
#4331 = ADVANCED_FACE('',(#4332),#1293,.T.);
#4332 = FACE_BOUND('',#4333,.T.);
#4333 = EDGE_LOOP('',(#4334,#4357,#4358,#4381));
#4334 = ORIENTED_EDGE('',*,*,#4335,.T.);
#4335 = EDGE_CURVE('',#4336,#1276,#4338,.T.);
#4336 = VERTEX_POINT('',#4337);
#4337 = CARTESIAN_POINT('',(2.09,-15.69,2.29));
#4338 = SURFACE_CURVE('',#4339,(#4343,#4350),.PCURVE_S1.);
#4339 = LINE('',#4340,#4341);
#4340 = CARTESIAN_POINT('',(2.09,-15.69,2.29));
#4341 = VECTOR('',#4342,1.);
#4342 = DIRECTION('',(0.,0.,1.));
#4343 = PCURVE('',#1293,#4344);
#4344 = DEFINITIONAL_REPRESENTATION('',(#4345),#4349);
#4345 = LINE('',#4346,#4347);
#4346 = CARTESIAN_POINT('',(0.,0.));
#4347 = VECTOR('',#4348,1.);
#4348 = DIRECTION('',(0.,-1.));
#4349 = ( GEOMETRIC_REPRESENTATION_CONTEXT(2) 
PARAMETRIC_REPRESENTATION_CONTEXT() REPRESENTATION_CONTEXT('2D SPACE',''
  ) );
#4350 = PCURVE('',#1321,#4351);
#4351 = DEFINITIONAL_REPRESENTATION('',(#4352),#4356);
#4352 = LINE('',#4353,#4354);
#4353 = CARTESIAN_POINT('',(0.9,0.));
#4354 = VECTOR('',#4355,1.);
#4355 = DIRECTION('',(0.,-1.));
#4356 = ( GEOMETRIC_REPRESENTATION_CONTEXT(2) 
PARAMETRIC_REPRESENTATION_CONTEXT() REPRESENTATION_CONTEXT('2D SPACE',''
  ) );
#4357 = ORIENTED_EDGE('',*,*,#1275,.T.);
#4358 = ORIENTED_EDGE('',*,*,#4359,.F.);
#4359 = EDGE_CURVE('',#4360,#1278,#4362,.T.);
#4360 = VERTEX_POINT('',#4361);
#4361 = CARTESIAN_POINT('',(2.99,-15.69,2.29));
#4362 = SURFACE_CURVE('',#4363,(#4367,#4374),.PCURVE_S1.);
#4363 = LINE('',#4364,#4365);
#4364 = CARTESIAN_POINT('',(2.99,-15.69,2.29));
#4365 = VECTOR('',#4366,1.);
#4366 = DIRECTION('',(0.,0.,1.));
#4367 = PCURVE('',#1293,#4368);
#4368 = DEFINITIONAL_REPRESENTATION('',(#4369),#4373);
#4369 = LINE('',#4370,#4371);
#4370 = CARTESIAN_POINT('',(0.9,0.));
#4371 = VECTOR('',#4372,1.);
#4372 = DIRECTION('',(0.,-1.));
#4373 = ( GEOMETRIC_REPRESENTATION_CONTEXT(2) 
PARAMETRIC_REPRESENTATION_CONTEXT() REPRESENTATION_CONTEXT('2D SPACE',''
  ) );
#4374 = PCURVE('',#1375,#4375);
#4375 = DEFINITIONAL_REPRESENTATION('',(#4376),#4380);
#4376 = LINE('',#4377,#4378);
#4377 = CARTESIAN_POINT('',(0.,0.));
#4378 = VECTOR('',#4379,1.);
#4379 = DIRECTION('',(0.,-1.));
#4380 = ( GEOMETRIC_REPRESENTATION_CONTEXT(2) 
PARAMETRIC_REPRESENTATION_CONTEXT() REPRESENTATION_CONTEXT('2D SPACE',''
  ) );
#4381 = ORIENTED_EDGE('',*,*,#4382,.F.);
#4382 = EDGE_CURVE('',#4336,#4360,#4383,.T.);
#4383 = SURFACE_CURVE('',#4384,(#4388,#4395),.PCURVE_S1.);
#4384 = LINE('',#4385,#4386);
#4385 = CARTESIAN_POINT('',(2.09,-15.69,2.29));
#4386 = VECTOR('',#4387,1.);
#4387 = DIRECTION('',(1.,0.,0.));
#4388 = PCURVE('',#1293,#4389);
#4389 = DEFINITIONAL_REPRESENTATION('',(#4390),#4394);
#4390 = LINE('',#4391,#4392);
#4391 = CARTESIAN_POINT('',(0.,0.));
#4392 = VECTOR('',#4393,1.);
#4393 = DIRECTION('',(1.,0.));
#4394 = ( GEOMETRIC_REPRESENTATION_CONTEXT(2) 
PARAMETRIC_REPRESENTATION_CONTEXT() REPRESENTATION_CONTEXT('2D SPACE',''
  ) );
#4395 = PCURVE('',#4396,#4401);
#4396 = PLANE('',#4397);
#4397 = AXIS2_PLACEMENT_3D('',#4398,#4399,#4400);
#4398 = CARTESIAN_POINT('',(0.,0.,2.29));
#4399 = DIRECTION('',(0.,0.,1.));
#4400 = DIRECTION('',(1.,0.,-0.));
#4401 = DEFINITIONAL_REPRESENTATION('',(#4402),#4406);
#4402 = LINE('',#4403,#4404);
#4403 = CARTESIAN_POINT('',(2.09,-15.69));
#4404 = VECTOR('',#4405,1.);
#4405 = DIRECTION('',(1.,0.));
#4406 = ( GEOMETRIC_REPRESENTATION_CONTEXT(2) 
PARAMETRIC_REPRESENTATION_CONTEXT() REPRESENTATION_CONTEXT('2D SPACE',''
  ) );
#4407 = ADVANCED_FACE('',(#4408),#1375,.T.);
#4408 = FACE_BOUND('',#4409,.T.);
#4409 = EDGE_LOOP('',(#4410,#4411,#4412,#4435));
#4410 = ORIENTED_EDGE('',*,*,#4359,.T.);
#4411 = ORIENTED_EDGE('',*,*,#1361,.T.);
#4412 = ORIENTED_EDGE('',*,*,#4413,.F.);
#4413 = EDGE_CURVE('',#4414,#1334,#4416,.T.);
#4414 = VERTEX_POINT('',#4415);
#4415 = CARTESIAN_POINT('',(2.99,-14.79,2.29));
#4416 = SURFACE_CURVE('',#4417,(#4421,#4428),.PCURVE_S1.);
#4417 = LINE('',#4418,#4419);
#4418 = CARTESIAN_POINT('',(2.99,-14.79,2.29));
#4419 = VECTOR('',#4420,1.);
#4420 = DIRECTION('',(0.,0.,1.));
#4421 = PCURVE('',#1375,#4422);
#4422 = DEFINITIONAL_REPRESENTATION('',(#4423),#4427);
#4423 = LINE('',#4424,#4425);
#4424 = CARTESIAN_POINT('',(0.9,0.));
#4425 = VECTOR('',#4426,1.);
#4426 = DIRECTION('',(0.,-1.));
#4427 = ( GEOMETRIC_REPRESENTATION_CONTEXT(2) 
PARAMETRIC_REPRESENTATION_CONTEXT() REPRESENTATION_CONTEXT('2D SPACE',''
  ) );
#4428 = PCURVE('',#1349,#4429);
#4429 = DEFINITIONAL_REPRESENTATION('',(#4430),#4434);
#4430 = LINE('',#4431,#4432);
#4431 = CARTESIAN_POINT('',(0.,-0.));
#4432 = VECTOR('',#4433,1.);
#4433 = DIRECTION('',(0.,-1.));
#4434 = ( GEOMETRIC_REPRESENTATION_CONTEXT(2) 
PARAMETRIC_REPRESENTATION_CONTEXT() REPRESENTATION_CONTEXT('2D SPACE',''
  ) );
#4435 = ORIENTED_EDGE('',*,*,#4436,.F.);
#4436 = EDGE_CURVE('',#4360,#4414,#4437,.T.);
#4437 = SURFACE_CURVE('',#4438,(#4442,#4449),.PCURVE_S1.);
#4438 = LINE('',#4439,#4440);
#4439 = CARTESIAN_POINT('',(2.99,-15.69,2.29));
#4440 = VECTOR('',#4441,1.);
#4441 = DIRECTION('',(0.,1.,0.));
#4442 = PCURVE('',#1375,#4443);
#4443 = DEFINITIONAL_REPRESENTATION('',(#4444),#4448);
#4444 = LINE('',#4445,#4446);
#4445 = CARTESIAN_POINT('',(0.,0.));
#4446 = VECTOR('',#4447,1.);
#4447 = DIRECTION('',(1.,0.));
#4448 = ( GEOMETRIC_REPRESENTATION_CONTEXT(2) 
PARAMETRIC_REPRESENTATION_CONTEXT() REPRESENTATION_CONTEXT('2D SPACE',''
  ) );
#4449 = PCURVE('',#4396,#4450);
#4450 = DEFINITIONAL_REPRESENTATION('',(#4451),#4455);
#4451 = LINE('',#4452,#4453);
#4452 = CARTESIAN_POINT('',(2.99,-15.69));
#4453 = VECTOR('',#4454,1.);
#4454 = DIRECTION('',(0.,1.));
#4455 = ( GEOMETRIC_REPRESENTATION_CONTEXT(2) 
PARAMETRIC_REPRESENTATION_CONTEXT() REPRESENTATION_CONTEXT('2D SPACE',''
  ) );
#4456 = ADVANCED_FACE('',(#4457),#1349,.T.);
#4457 = FACE_BOUND('',#4458,.T.);
#4458 = EDGE_LOOP('',(#4459,#4460,#4461,#4484));
#4459 = ORIENTED_EDGE('',*,*,#4413,.T.);
#4460 = ORIENTED_EDGE('',*,*,#1333,.T.);
#4461 = ORIENTED_EDGE('',*,*,#4462,.F.);
#4462 = EDGE_CURVE('',#4463,#1306,#4465,.T.);
#4463 = VERTEX_POINT('',#4464);
#4464 = CARTESIAN_POINT('',(2.09,-14.79,2.29));
#4465 = SURFACE_CURVE('',#4466,(#4470,#4477),.PCURVE_S1.);
#4466 = LINE('',#4467,#4468);
#4467 = CARTESIAN_POINT('',(2.09,-14.79,2.29));
#4468 = VECTOR('',#4469,1.);
#4469 = DIRECTION('',(0.,0.,1.));
#4470 = PCURVE('',#1349,#4471);
#4471 = DEFINITIONAL_REPRESENTATION('',(#4472),#4476);
#4472 = LINE('',#4473,#4474);
#4473 = CARTESIAN_POINT('',(0.9,0.));
#4474 = VECTOR('',#4475,1.);
#4475 = DIRECTION('',(0.,-1.));
#4476 = ( GEOMETRIC_REPRESENTATION_CONTEXT(2) 
PARAMETRIC_REPRESENTATION_CONTEXT() REPRESENTATION_CONTEXT('2D SPACE',''
  ) );
#4477 = PCURVE('',#1321,#4478);
#4478 = DEFINITIONAL_REPRESENTATION('',(#4479),#4483);
#4479 = LINE('',#4480,#4481);
#4480 = CARTESIAN_POINT('',(0.,0.));
#4481 = VECTOR('',#4482,1.);
#4482 = DIRECTION('',(0.,-1.));
#4483 = ( GEOMETRIC_REPRESENTATION_CONTEXT(2) 
PARAMETRIC_REPRESENTATION_CONTEXT() REPRESENTATION_CONTEXT('2D SPACE',''
  ) );
#4484 = ORIENTED_EDGE('',*,*,#4485,.F.);
#4485 = EDGE_CURVE('',#4414,#4463,#4486,.T.);
#4486 = SURFACE_CURVE('',#4487,(#4491,#4498),.PCURVE_S1.);
#4487 = LINE('',#4488,#4489);
#4488 = CARTESIAN_POINT('',(2.99,-14.79,2.29));
#4489 = VECTOR('',#4490,1.);
#4490 = DIRECTION('',(-1.,0.,0.));
#4491 = PCURVE('',#1349,#4492);
#4492 = DEFINITIONAL_REPRESENTATION('',(#4493),#4497);
#4493 = LINE('',#4494,#4495);
#4494 = CARTESIAN_POINT('',(0.,-0.));
#4495 = VECTOR('',#4496,1.);
#4496 = DIRECTION('',(1.,0.));
#4497 = ( GEOMETRIC_REPRESENTATION_CONTEXT(2) 
PARAMETRIC_REPRESENTATION_CONTEXT() REPRESENTATION_CONTEXT('2D SPACE',''
  ) );
#4498 = PCURVE('',#4396,#4499);
#4499 = DEFINITIONAL_REPRESENTATION('',(#4500),#4504);
#4500 = LINE('',#4501,#4502);
#4501 = CARTESIAN_POINT('',(2.99,-14.79));
#4502 = VECTOR('',#4503,1.);
#4503 = DIRECTION('',(-1.,0.));
#4504 = ( GEOMETRIC_REPRESENTATION_CONTEXT(2) 
PARAMETRIC_REPRESENTATION_CONTEXT() REPRESENTATION_CONTEXT('2D SPACE',''
  ) );
#4505 = ADVANCED_FACE('',(#4506),#1321,.T.);
#4506 = FACE_BOUND('',#4507,.T.);
#4507 = EDGE_LOOP('',(#4508,#4509,#4510,#4511));
#4508 = ORIENTED_EDGE('',*,*,#4462,.T.);
#4509 = ORIENTED_EDGE('',*,*,#1305,.T.);
#4510 = ORIENTED_EDGE('',*,*,#4335,.F.);
#4511 = ORIENTED_EDGE('',*,*,#4512,.F.);
#4512 = EDGE_CURVE('',#4463,#4336,#4513,.T.);
#4513 = SURFACE_CURVE('',#4514,(#4518,#4525),.PCURVE_S1.);
#4514 = LINE('',#4515,#4516);
#4515 = CARTESIAN_POINT('',(2.09,-14.79,2.29));
#4516 = VECTOR('',#4517,1.);
#4517 = DIRECTION('',(0.,-1.,0.));
#4518 = PCURVE('',#1321,#4519);
#4519 = DEFINITIONAL_REPRESENTATION('',(#4520),#4524);
#4520 = LINE('',#4521,#4522);
#4521 = CARTESIAN_POINT('',(0.,0.));
#4522 = VECTOR('',#4523,1.);
#4523 = DIRECTION('',(1.,0.));
#4524 = ( GEOMETRIC_REPRESENTATION_CONTEXT(2) 
PARAMETRIC_REPRESENTATION_CONTEXT() REPRESENTATION_CONTEXT('2D SPACE',''
  ) );
#4525 = PCURVE('',#4396,#4526);
#4526 = DEFINITIONAL_REPRESENTATION('',(#4527),#4531);
#4527 = LINE('',#4528,#4529);
#4528 = CARTESIAN_POINT('',(2.09,-14.79));
#4529 = VECTOR('',#4530,1.);
#4530 = DIRECTION('',(0.,-1.));
#4531 = ( GEOMETRIC_REPRESENTATION_CONTEXT(2) 
PARAMETRIC_REPRESENTATION_CONTEXT() REPRESENTATION_CONTEXT('2D SPACE',''
  ) );
#4532 = ADVANCED_FACE('',(#4533),#1407,.T.);
#4533 = FACE_BOUND('',#4534,.T.);
#4534 = EDGE_LOOP('',(#4535,#4558,#4559,#4582));
#4535 = ORIENTED_EDGE('',*,*,#4536,.T.);
#4536 = EDGE_CURVE('',#4537,#1390,#4539,.T.);
#4537 = VERTEX_POINT('',#4538);
#4538 = CARTESIAN_POINT('',(2.09,-13.15,2.29));
#4539 = SURFACE_CURVE('',#4540,(#4544,#4551),.PCURVE_S1.);
#4540 = LINE('',#4541,#4542);
#4541 = CARTESIAN_POINT('',(2.09,-13.15,2.29));
#4542 = VECTOR('',#4543,1.);
#4543 = DIRECTION('',(0.,0.,1.));
#4544 = PCURVE('',#1407,#4545);
#4545 = DEFINITIONAL_REPRESENTATION('',(#4546),#4550);
#4546 = LINE('',#4547,#4548);
#4547 = CARTESIAN_POINT('',(0.,0.));
#4548 = VECTOR('',#4549,1.);
#4549 = DIRECTION('',(0.,-1.));
#4550 = ( GEOMETRIC_REPRESENTATION_CONTEXT(2) 
PARAMETRIC_REPRESENTATION_CONTEXT() REPRESENTATION_CONTEXT('2D SPACE',''
  ) );
#4551 = PCURVE('',#1435,#4552);
#4552 = DEFINITIONAL_REPRESENTATION('',(#4553),#4557);
#4553 = LINE('',#4554,#4555);
#4554 = CARTESIAN_POINT('',(0.9,0.));
#4555 = VECTOR('',#4556,1.);
#4556 = DIRECTION('',(0.,-1.));
#4557 = ( GEOMETRIC_REPRESENTATION_CONTEXT(2) 
PARAMETRIC_REPRESENTATION_CONTEXT() REPRESENTATION_CONTEXT('2D SPACE',''
  ) );
#4558 = ORIENTED_EDGE('',*,*,#1389,.T.);
#4559 = ORIENTED_EDGE('',*,*,#4560,.F.);
#4560 = EDGE_CURVE('',#4561,#1392,#4563,.T.);
#4561 = VERTEX_POINT('',#4562);
#4562 = CARTESIAN_POINT('',(2.99,-13.15,2.29));
#4563 = SURFACE_CURVE('',#4564,(#4568,#4575),.PCURVE_S1.);
#4564 = LINE('',#4565,#4566);
#4565 = CARTESIAN_POINT('',(2.99,-13.15,2.29));
#4566 = VECTOR('',#4567,1.);
#4567 = DIRECTION('',(0.,0.,1.));
#4568 = PCURVE('',#1407,#4569);
#4569 = DEFINITIONAL_REPRESENTATION('',(#4570),#4574);
#4570 = LINE('',#4571,#4572);
#4571 = CARTESIAN_POINT('',(0.9,0.));
#4572 = VECTOR('',#4573,1.);
#4573 = DIRECTION('',(0.,-1.));
#4574 = ( GEOMETRIC_REPRESENTATION_CONTEXT(2) 
PARAMETRIC_REPRESENTATION_CONTEXT() REPRESENTATION_CONTEXT('2D SPACE',''
  ) );
#4575 = PCURVE('',#1489,#4576);
#4576 = DEFINITIONAL_REPRESENTATION('',(#4577),#4581);
#4577 = LINE('',#4578,#4579);
#4578 = CARTESIAN_POINT('',(0.,0.));
#4579 = VECTOR('',#4580,1.);
#4580 = DIRECTION('',(0.,-1.));
#4581 = ( GEOMETRIC_REPRESENTATION_CONTEXT(2) 
PARAMETRIC_REPRESENTATION_CONTEXT() REPRESENTATION_CONTEXT('2D SPACE',''
  ) );
#4582 = ORIENTED_EDGE('',*,*,#4583,.F.);
#4583 = EDGE_CURVE('',#4537,#4561,#4584,.T.);
#4584 = SURFACE_CURVE('',#4585,(#4589,#4596),.PCURVE_S1.);
#4585 = LINE('',#4586,#4587);
#4586 = CARTESIAN_POINT('',(2.09,-13.15,2.29));
#4587 = VECTOR('',#4588,1.);
#4588 = DIRECTION('',(1.,0.,0.));
#4589 = PCURVE('',#1407,#4590);
#4590 = DEFINITIONAL_REPRESENTATION('',(#4591),#4595);
#4591 = LINE('',#4592,#4593);
#4592 = CARTESIAN_POINT('',(0.,0.));
#4593 = VECTOR('',#4594,1.);
#4594 = DIRECTION('',(1.,0.));
#4595 = ( GEOMETRIC_REPRESENTATION_CONTEXT(2) 
PARAMETRIC_REPRESENTATION_CONTEXT() REPRESENTATION_CONTEXT('2D SPACE',''
  ) );
#4596 = PCURVE('',#4597,#4602);
#4597 = PLANE('',#4598);
#4598 = AXIS2_PLACEMENT_3D('',#4599,#4600,#4601);
#4599 = CARTESIAN_POINT('',(0.,0.,2.29));
#4600 = DIRECTION('',(0.,0.,1.));
#4601 = DIRECTION('',(1.,0.,-0.));
#4602 = DEFINITIONAL_REPRESENTATION('',(#4603),#4607);
#4603 = LINE('',#4604,#4605);
#4604 = CARTESIAN_POINT('',(2.09,-13.15));
#4605 = VECTOR('',#4606,1.);
#4606 = DIRECTION('',(1.,0.));
#4607 = ( GEOMETRIC_REPRESENTATION_CONTEXT(2) 
PARAMETRIC_REPRESENTATION_CONTEXT() REPRESENTATION_CONTEXT('2D SPACE',''
  ) );
#4608 = ADVANCED_FACE('',(#4609),#1489,.T.);
#4609 = FACE_BOUND('',#4610,.T.);
#4610 = EDGE_LOOP('',(#4611,#4612,#4613,#4636));
#4611 = ORIENTED_EDGE('',*,*,#4560,.T.);
#4612 = ORIENTED_EDGE('',*,*,#1475,.T.);
#4613 = ORIENTED_EDGE('',*,*,#4614,.F.);
#4614 = EDGE_CURVE('',#4615,#1448,#4617,.T.);
#4615 = VERTEX_POINT('',#4616);
#4616 = CARTESIAN_POINT('',(2.99,-12.25,2.29));
#4617 = SURFACE_CURVE('',#4618,(#4622,#4629),.PCURVE_S1.);
#4618 = LINE('',#4619,#4620);
#4619 = CARTESIAN_POINT('',(2.99,-12.25,2.29));
#4620 = VECTOR('',#4621,1.);
#4621 = DIRECTION('',(0.,0.,1.));
#4622 = PCURVE('',#1489,#4623);
#4623 = DEFINITIONAL_REPRESENTATION('',(#4624),#4628);
#4624 = LINE('',#4625,#4626);
#4625 = CARTESIAN_POINT('',(0.9,0.));
#4626 = VECTOR('',#4627,1.);
#4627 = DIRECTION('',(0.,-1.));
#4628 = ( GEOMETRIC_REPRESENTATION_CONTEXT(2) 
PARAMETRIC_REPRESENTATION_CONTEXT() REPRESENTATION_CONTEXT('2D SPACE',''
  ) );
#4629 = PCURVE('',#1463,#4630);
#4630 = DEFINITIONAL_REPRESENTATION('',(#4631),#4635);
#4631 = LINE('',#4632,#4633);
#4632 = CARTESIAN_POINT('',(0.,-0.));
#4633 = VECTOR('',#4634,1.);
#4634 = DIRECTION('',(0.,-1.));
#4635 = ( GEOMETRIC_REPRESENTATION_CONTEXT(2) 
PARAMETRIC_REPRESENTATION_CONTEXT() REPRESENTATION_CONTEXT('2D SPACE',''
  ) );
#4636 = ORIENTED_EDGE('',*,*,#4637,.F.);
#4637 = EDGE_CURVE('',#4561,#4615,#4638,.T.);
#4638 = SURFACE_CURVE('',#4639,(#4643,#4650),.PCURVE_S1.);
#4639 = LINE('',#4640,#4641);
#4640 = CARTESIAN_POINT('',(2.99,-13.15,2.29));
#4641 = VECTOR('',#4642,1.);
#4642 = DIRECTION('',(0.,1.,0.));
#4643 = PCURVE('',#1489,#4644);
#4644 = DEFINITIONAL_REPRESENTATION('',(#4645),#4649);
#4645 = LINE('',#4646,#4647);
#4646 = CARTESIAN_POINT('',(0.,0.));
#4647 = VECTOR('',#4648,1.);
#4648 = DIRECTION('',(1.,0.));
#4649 = ( GEOMETRIC_REPRESENTATION_CONTEXT(2) 
PARAMETRIC_REPRESENTATION_CONTEXT() REPRESENTATION_CONTEXT('2D SPACE',''
  ) );
#4650 = PCURVE('',#4597,#4651);
#4651 = DEFINITIONAL_REPRESENTATION('',(#4652),#4656);
#4652 = LINE('',#4653,#4654);
#4653 = CARTESIAN_POINT('',(2.99,-13.15));
#4654 = VECTOR('',#4655,1.);
#4655 = DIRECTION('',(0.,1.));
#4656 = ( GEOMETRIC_REPRESENTATION_CONTEXT(2) 
PARAMETRIC_REPRESENTATION_CONTEXT() REPRESENTATION_CONTEXT('2D SPACE',''
  ) );
#4657 = ADVANCED_FACE('',(#4658),#1463,.T.);
#4658 = FACE_BOUND('',#4659,.T.);
#4659 = EDGE_LOOP('',(#4660,#4661,#4662,#4685));
#4660 = ORIENTED_EDGE('',*,*,#4614,.T.);
#4661 = ORIENTED_EDGE('',*,*,#1447,.T.);
#4662 = ORIENTED_EDGE('',*,*,#4663,.F.);
#4663 = EDGE_CURVE('',#4664,#1420,#4666,.T.);
#4664 = VERTEX_POINT('',#4665);
#4665 = CARTESIAN_POINT('',(2.09,-12.25,2.29));
#4666 = SURFACE_CURVE('',#4667,(#4671,#4678),.PCURVE_S1.);
#4667 = LINE('',#4668,#4669);
#4668 = CARTESIAN_POINT('',(2.09,-12.25,2.29));
#4669 = VECTOR('',#4670,1.);
#4670 = DIRECTION('',(0.,0.,1.));
#4671 = PCURVE('',#1463,#4672);
#4672 = DEFINITIONAL_REPRESENTATION('',(#4673),#4677);
#4673 = LINE('',#4674,#4675);
#4674 = CARTESIAN_POINT('',(0.9,0.));
#4675 = VECTOR('',#4676,1.);
#4676 = DIRECTION('',(0.,-1.));
#4677 = ( GEOMETRIC_REPRESENTATION_CONTEXT(2) 
PARAMETRIC_REPRESENTATION_CONTEXT() REPRESENTATION_CONTEXT('2D SPACE',''
  ) );
#4678 = PCURVE('',#1435,#4679);
#4679 = DEFINITIONAL_REPRESENTATION('',(#4680),#4684);
#4680 = LINE('',#4681,#4682);
#4681 = CARTESIAN_POINT('',(0.,0.));
#4682 = VECTOR('',#4683,1.);
#4683 = DIRECTION('',(0.,-1.));
#4684 = ( GEOMETRIC_REPRESENTATION_CONTEXT(2) 
PARAMETRIC_REPRESENTATION_CONTEXT() REPRESENTATION_CONTEXT('2D SPACE',''
  ) );
#4685 = ORIENTED_EDGE('',*,*,#4686,.F.);
#4686 = EDGE_CURVE('',#4615,#4664,#4687,.T.);
#4687 = SURFACE_CURVE('',#4688,(#4692,#4699),.PCURVE_S1.);
#4688 = LINE('',#4689,#4690);
#4689 = CARTESIAN_POINT('',(2.99,-12.25,2.29));
#4690 = VECTOR('',#4691,1.);
#4691 = DIRECTION('',(-1.,0.,0.));
#4692 = PCURVE('',#1463,#4693);
#4693 = DEFINITIONAL_REPRESENTATION('',(#4694),#4698);
#4694 = LINE('',#4695,#4696);
#4695 = CARTESIAN_POINT('',(0.,-0.));
#4696 = VECTOR('',#4697,1.);
#4697 = DIRECTION('',(1.,0.));
#4698 = ( GEOMETRIC_REPRESENTATION_CONTEXT(2) 
PARAMETRIC_REPRESENTATION_CONTEXT() REPRESENTATION_CONTEXT('2D SPACE',''
  ) );
#4699 = PCURVE('',#4597,#4700);
#4700 = DEFINITIONAL_REPRESENTATION('',(#4701),#4705);
#4701 = LINE('',#4702,#4703);
#4702 = CARTESIAN_POINT('',(2.99,-12.25));
#4703 = VECTOR('',#4704,1.);
#4704 = DIRECTION('',(-1.,0.));
#4705 = ( GEOMETRIC_REPRESENTATION_CONTEXT(2) 
PARAMETRIC_REPRESENTATION_CONTEXT() REPRESENTATION_CONTEXT('2D SPACE',''
  ) );
#4706 = ADVANCED_FACE('',(#4707),#1435,.T.);
#4707 = FACE_BOUND('',#4708,.T.);
#4708 = EDGE_LOOP('',(#4709,#4710,#4711,#4712));
#4709 = ORIENTED_EDGE('',*,*,#4663,.T.);
#4710 = ORIENTED_EDGE('',*,*,#1419,.T.);
#4711 = ORIENTED_EDGE('',*,*,#4536,.F.);
#4712 = ORIENTED_EDGE('',*,*,#4713,.F.);
#4713 = EDGE_CURVE('',#4664,#4537,#4714,.T.);
#4714 = SURFACE_CURVE('',#4715,(#4719,#4726),.PCURVE_S1.);
#4715 = LINE('',#4716,#4717);
#4716 = CARTESIAN_POINT('',(2.09,-12.25,2.29));
#4717 = VECTOR('',#4718,1.);
#4718 = DIRECTION('',(0.,-1.,0.));
#4719 = PCURVE('',#1435,#4720);
#4720 = DEFINITIONAL_REPRESENTATION('',(#4721),#4725);
#4721 = LINE('',#4722,#4723);
#4722 = CARTESIAN_POINT('',(0.,0.));
#4723 = VECTOR('',#4724,1.);
#4724 = DIRECTION('',(1.,0.));
#4725 = ( GEOMETRIC_REPRESENTATION_CONTEXT(2) 
PARAMETRIC_REPRESENTATION_CONTEXT() REPRESENTATION_CONTEXT('2D SPACE',''
  ) );
#4726 = PCURVE('',#4597,#4727);
#4727 = DEFINITIONAL_REPRESENTATION('',(#4728),#4732);
#4728 = LINE('',#4729,#4730);
#4729 = CARTESIAN_POINT('',(2.09,-12.25));
#4730 = VECTOR('',#4731,1.);
#4731 = DIRECTION('',(0.,-1.));
#4732 = ( GEOMETRIC_REPRESENTATION_CONTEXT(2) 
PARAMETRIC_REPRESENTATION_CONTEXT() REPRESENTATION_CONTEXT('2D SPACE',''
  ) );
#4733 = ADVANCED_FACE('',(#4734),#1521,.T.);
#4734 = FACE_BOUND('',#4735,.T.);
#4735 = EDGE_LOOP('',(#4736,#4759,#4760,#4783));
#4736 = ORIENTED_EDGE('',*,*,#4737,.T.);
#4737 = EDGE_CURVE('',#4738,#1504,#4740,.T.);
#4738 = VERTEX_POINT('',#4739);
#4739 = CARTESIAN_POINT('',(-0.45,-10.61,2.29));
#4740 = SURFACE_CURVE('',#4741,(#4745,#4752),.PCURVE_S1.);
#4741 = LINE('',#4742,#4743);
#4742 = CARTESIAN_POINT('',(-0.45,-10.61,2.29));
#4743 = VECTOR('',#4744,1.);
#4744 = DIRECTION('',(0.,0.,1.));
#4745 = PCURVE('',#1521,#4746);
#4746 = DEFINITIONAL_REPRESENTATION('',(#4747),#4751);
#4747 = LINE('',#4748,#4749);
#4748 = CARTESIAN_POINT('',(0.,0.));
#4749 = VECTOR('',#4750,1.);
#4750 = DIRECTION('',(0.,-1.));
#4751 = ( GEOMETRIC_REPRESENTATION_CONTEXT(2) 
PARAMETRIC_REPRESENTATION_CONTEXT() REPRESENTATION_CONTEXT('2D SPACE',''
  ) );
#4752 = PCURVE('',#1549,#4753);
#4753 = DEFINITIONAL_REPRESENTATION('',(#4754),#4758);
#4754 = LINE('',#4755,#4756);
#4755 = CARTESIAN_POINT('',(0.9,0.));
#4756 = VECTOR('',#4757,1.);
#4757 = DIRECTION('',(0.,-1.));
#4758 = ( GEOMETRIC_REPRESENTATION_CONTEXT(2) 
PARAMETRIC_REPRESENTATION_CONTEXT() REPRESENTATION_CONTEXT('2D SPACE',''
  ) );
#4759 = ORIENTED_EDGE('',*,*,#1503,.T.);
#4760 = ORIENTED_EDGE('',*,*,#4761,.F.);
#4761 = EDGE_CURVE('',#4762,#1506,#4764,.T.);
#4762 = VERTEX_POINT('',#4763);
#4763 = CARTESIAN_POINT('',(0.45,-10.61,2.29));
#4764 = SURFACE_CURVE('',#4765,(#4769,#4776),.PCURVE_S1.);
#4765 = LINE('',#4766,#4767);
#4766 = CARTESIAN_POINT('',(0.45,-10.61,2.29));
#4767 = VECTOR('',#4768,1.);
#4768 = DIRECTION('',(0.,0.,1.));
#4769 = PCURVE('',#1521,#4770);
#4770 = DEFINITIONAL_REPRESENTATION('',(#4771),#4775);
#4771 = LINE('',#4772,#4773);
#4772 = CARTESIAN_POINT('',(0.9,0.));
#4773 = VECTOR('',#4774,1.);
#4774 = DIRECTION('',(0.,-1.));
#4775 = ( GEOMETRIC_REPRESENTATION_CONTEXT(2) 
PARAMETRIC_REPRESENTATION_CONTEXT() REPRESENTATION_CONTEXT('2D SPACE',''
  ) );
#4776 = PCURVE('',#1603,#4777);
#4777 = DEFINITIONAL_REPRESENTATION('',(#4778),#4782);
#4778 = LINE('',#4779,#4780);
#4779 = CARTESIAN_POINT('',(0.,0.));
#4780 = VECTOR('',#4781,1.);
#4781 = DIRECTION('',(0.,-1.));
#4782 = ( GEOMETRIC_REPRESENTATION_CONTEXT(2) 
PARAMETRIC_REPRESENTATION_CONTEXT() REPRESENTATION_CONTEXT('2D SPACE',''
  ) );
#4783 = ORIENTED_EDGE('',*,*,#4784,.F.);
#4784 = EDGE_CURVE('',#4738,#4762,#4785,.T.);
#4785 = SURFACE_CURVE('',#4786,(#4790,#4797),.PCURVE_S1.);
#4786 = LINE('',#4787,#4788);
#4787 = CARTESIAN_POINT('',(-0.45,-10.61,2.29));
#4788 = VECTOR('',#4789,1.);
#4789 = DIRECTION('',(1.,0.,0.));
#4790 = PCURVE('',#1521,#4791);
#4791 = DEFINITIONAL_REPRESENTATION('',(#4792),#4796);
#4792 = LINE('',#4793,#4794);
#4793 = CARTESIAN_POINT('',(0.,0.));
#4794 = VECTOR('',#4795,1.);
#4795 = DIRECTION('',(1.,0.));
#4796 = ( GEOMETRIC_REPRESENTATION_CONTEXT(2) 
PARAMETRIC_REPRESENTATION_CONTEXT() REPRESENTATION_CONTEXT('2D SPACE',''
  ) );
#4797 = PCURVE('',#4798,#4803);
#4798 = PLANE('',#4799);
#4799 = AXIS2_PLACEMENT_3D('',#4800,#4801,#4802);
#4800 = CARTESIAN_POINT('',(0.,0.,2.29));
#4801 = DIRECTION('',(0.,0.,1.));
#4802 = DIRECTION('',(1.,0.,-0.));
#4803 = DEFINITIONAL_REPRESENTATION('',(#4804),#4808);
#4804 = LINE('',#4805,#4806);
#4805 = CARTESIAN_POINT('',(-0.45,-10.61));
#4806 = VECTOR('',#4807,1.);
#4807 = DIRECTION('',(1.,0.));
#4808 = ( GEOMETRIC_REPRESENTATION_CONTEXT(2) 
PARAMETRIC_REPRESENTATION_CONTEXT() REPRESENTATION_CONTEXT('2D SPACE',''
  ) );
#4809 = ADVANCED_FACE('',(#4810),#1603,.T.);
#4810 = FACE_BOUND('',#4811,.T.);
#4811 = EDGE_LOOP('',(#4812,#4813,#4814,#4837));
#4812 = ORIENTED_EDGE('',*,*,#4761,.T.);
#4813 = ORIENTED_EDGE('',*,*,#1589,.T.);
#4814 = ORIENTED_EDGE('',*,*,#4815,.F.);
#4815 = EDGE_CURVE('',#4816,#1562,#4818,.T.);
#4816 = VERTEX_POINT('',#4817);
#4817 = CARTESIAN_POINT('',(0.45,-9.71,2.29));
#4818 = SURFACE_CURVE('',#4819,(#4823,#4830),.PCURVE_S1.);
#4819 = LINE('',#4820,#4821);
#4820 = CARTESIAN_POINT('',(0.45,-9.71,2.29));
#4821 = VECTOR('',#4822,1.);
#4822 = DIRECTION('',(0.,0.,1.));
#4823 = PCURVE('',#1603,#4824);
#4824 = DEFINITIONAL_REPRESENTATION('',(#4825),#4829);
#4825 = LINE('',#4826,#4827);
#4826 = CARTESIAN_POINT('',(0.9,0.));
#4827 = VECTOR('',#4828,1.);
#4828 = DIRECTION('',(0.,-1.));
#4829 = ( GEOMETRIC_REPRESENTATION_CONTEXT(2) 
PARAMETRIC_REPRESENTATION_CONTEXT() REPRESENTATION_CONTEXT('2D SPACE',''
  ) );
#4830 = PCURVE('',#1577,#4831);
#4831 = DEFINITIONAL_REPRESENTATION('',(#4832),#4836);
#4832 = LINE('',#4833,#4834);
#4833 = CARTESIAN_POINT('',(0.,-0.));
#4834 = VECTOR('',#4835,1.);
#4835 = DIRECTION('',(0.,-1.));
#4836 = ( GEOMETRIC_REPRESENTATION_CONTEXT(2) 
PARAMETRIC_REPRESENTATION_CONTEXT() REPRESENTATION_CONTEXT('2D SPACE',''
  ) );
#4837 = ORIENTED_EDGE('',*,*,#4838,.F.);
#4838 = EDGE_CURVE('',#4762,#4816,#4839,.T.);
#4839 = SURFACE_CURVE('',#4840,(#4844,#4851),.PCURVE_S1.);
#4840 = LINE('',#4841,#4842);
#4841 = CARTESIAN_POINT('',(0.45,-10.61,2.29));
#4842 = VECTOR('',#4843,1.);
#4843 = DIRECTION('',(0.,1.,0.));
#4844 = PCURVE('',#1603,#4845);
#4845 = DEFINITIONAL_REPRESENTATION('',(#4846),#4850);
#4846 = LINE('',#4847,#4848);
#4847 = CARTESIAN_POINT('',(0.,0.));
#4848 = VECTOR('',#4849,1.);
#4849 = DIRECTION('',(1.,0.));
#4850 = ( GEOMETRIC_REPRESENTATION_CONTEXT(2) 
PARAMETRIC_REPRESENTATION_CONTEXT() REPRESENTATION_CONTEXT('2D SPACE',''
  ) );
#4851 = PCURVE('',#4798,#4852);
#4852 = DEFINITIONAL_REPRESENTATION('',(#4853),#4857);
#4853 = LINE('',#4854,#4855);
#4854 = CARTESIAN_POINT('',(0.45,-10.61));
#4855 = VECTOR('',#4856,1.);
#4856 = DIRECTION('',(0.,1.));
#4857 = ( GEOMETRIC_REPRESENTATION_CONTEXT(2) 
PARAMETRIC_REPRESENTATION_CONTEXT() REPRESENTATION_CONTEXT('2D SPACE',''
  ) );
#4858 = ADVANCED_FACE('',(#4859),#1577,.T.);
#4859 = FACE_BOUND('',#4860,.T.);
#4860 = EDGE_LOOP('',(#4861,#4862,#4863,#4886));
#4861 = ORIENTED_EDGE('',*,*,#4815,.T.);
#4862 = ORIENTED_EDGE('',*,*,#1561,.T.);
#4863 = ORIENTED_EDGE('',*,*,#4864,.F.);
#4864 = EDGE_CURVE('',#4865,#1534,#4867,.T.);
#4865 = VERTEX_POINT('',#4866);
#4866 = CARTESIAN_POINT('',(-0.45,-9.71,2.29));
#4867 = SURFACE_CURVE('',#4868,(#4872,#4879),.PCURVE_S1.);
#4868 = LINE('',#4869,#4870);
#4869 = CARTESIAN_POINT('',(-0.45,-9.71,2.29));
#4870 = VECTOR('',#4871,1.);
#4871 = DIRECTION('',(0.,0.,1.));
#4872 = PCURVE('',#1577,#4873);
#4873 = DEFINITIONAL_REPRESENTATION('',(#4874),#4878);
#4874 = LINE('',#4875,#4876);
#4875 = CARTESIAN_POINT('',(0.9,0.));
#4876 = VECTOR('',#4877,1.);
#4877 = DIRECTION('',(0.,-1.));
#4878 = ( GEOMETRIC_REPRESENTATION_CONTEXT(2) 
PARAMETRIC_REPRESENTATION_CONTEXT() REPRESENTATION_CONTEXT('2D SPACE',''
  ) );
#4879 = PCURVE('',#1549,#4880);
#4880 = DEFINITIONAL_REPRESENTATION('',(#4881),#4885);
#4881 = LINE('',#4882,#4883);
#4882 = CARTESIAN_POINT('',(0.,0.));
#4883 = VECTOR('',#4884,1.);
#4884 = DIRECTION('',(0.,-1.));
#4885 = ( GEOMETRIC_REPRESENTATION_CONTEXT(2) 
PARAMETRIC_REPRESENTATION_CONTEXT() REPRESENTATION_CONTEXT('2D SPACE',''
  ) );
#4886 = ORIENTED_EDGE('',*,*,#4887,.F.);
#4887 = EDGE_CURVE('',#4816,#4865,#4888,.T.);
#4888 = SURFACE_CURVE('',#4889,(#4893,#4900),.PCURVE_S1.);
#4889 = LINE('',#4890,#4891);
#4890 = CARTESIAN_POINT('',(0.45,-9.71,2.29));
#4891 = VECTOR('',#4892,1.);
#4892 = DIRECTION('',(-1.,0.,0.));
#4893 = PCURVE('',#1577,#4894);
#4894 = DEFINITIONAL_REPRESENTATION('',(#4895),#4899);
#4895 = LINE('',#4896,#4897);
#4896 = CARTESIAN_POINT('',(0.,-0.));
#4897 = VECTOR('',#4898,1.);
#4898 = DIRECTION('',(1.,0.));
#4899 = ( GEOMETRIC_REPRESENTATION_CONTEXT(2) 
PARAMETRIC_REPRESENTATION_CONTEXT() REPRESENTATION_CONTEXT('2D SPACE',''
  ) );
#4900 = PCURVE('',#4798,#4901);
#4901 = DEFINITIONAL_REPRESENTATION('',(#4902),#4906);
#4902 = LINE('',#4903,#4904);
#4903 = CARTESIAN_POINT('',(0.45,-9.71));
#4904 = VECTOR('',#4905,1.);
#4905 = DIRECTION('',(-1.,0.));
#4906 = ( GEOMETRIC_REPRESENTATION_CONTEXT(2) 
PARAMETRIC_REPRESENTATION_CONTEXT() REPRESENTATION_CONTEXT('2D SPACE',''
  ) );
#4907 = ADVANCED_FACE('',(#4908),#1549,.T.);
#4908 = FACE_BOUND('',#4909,.T.);
#4909 = EDGE_LOOP('',(#4910,#4911,#4912,#4913));
#4910 = ORIENTED_EDGE('',*,*,#4864,.T.);
#4911 = ORIENTED_EDGE('',*,*,#1533,.T.);
#4912 = ORIENTED_EDGE('',*,*,#4737,.F.);
#4913 = ORIENTED_EDGE('',*,*,#4914,.F.);
#4914 = EDGE_CURVE('',#4865,#4738,#4915,.T.);
#4915 = SURFACE_CURVE('',#4916,(#4920,#4927),.PCURVE_S1.);
#4916 = LINE('',#4917,#4918);
#4917 = CARTESIAN_POINT('',(-0.45,-9.71,2.29));
#4918 = VECTOR('',#4919,1.);
#4919 = DIRECTION('',(0.,-1.,0.));
#4920 = PCURVE('',#1549,#4921);
#4921 = DEFINITIONAL_REPRESENTATION('',(#4922),#4926);
#4922 = LINE('',#4923,#4924);
#4923 = CARTESIAN_POINT('',(0.,0.));
#4924 = VECTOR('',#4925,1.);
#4925 = DIRECTION('',(1.,0.));
#4926 = ( GEOMETRIC_REPRESENTATION_CONTEXT(2) 
PARAMETRIC_REPRESENTATION_CONTEXT() REPRESENTATION_CONTEXT('2D SPACE',''
  ) );
#4927 = PCURVE('',#4798,#4928);
#4928 = DEFINITIONAL_REPRESENTATION('',(#4929),#4933);
#4929 = LINE('',#4930,#4931);
#4930 = CARTESIAN_POINT('',(-0.45,-9.71));
#4931 = VECTOR('',#4932,1.);
#4932 = DIRECTION('',(0.,-1.));
#4933 = ( GEOMETRIC_REPRESENTATION_CONTEXT(2) 
PARAMETRIC_REPRESENTATION_CONTEXT() REPRESENTATION_CONTEXT('2D SPACE',''
  ) );
#4934 = ADVANCED_FACE('',(#4935),#1635,.T.);
#4935 = FACE_BOUND('',#4936,.T.);
#4936 = EDGE_LOOP('',(#4937,#4960,#4961,#4984));
#4937 = ORIENTED_EDGE('',*,*,#4938,.T.);
#4938 = EDGE_CURVE('',#4939,#1618,#4941,.T.);
#4939 = VERTEX_POINT('',#4940);
#4940 = CARTESIAN_POINT('',(-0.45,-8.07,2.29));
#4941 = SURFACE_CURVE('',#4942,(#4946,#4953),.PCURVE_S1.);
#4942 = LINE('',#4943,#4944);
#4943 = CARTESIAN_POINT('',(-0.45,-8.07,2.29));
#4944 = VECTOR('',#4945,1.);
#4945 = DIRECTION('',(0.,0.,1.));
#4946 = PCURVE('',#1635,#4947);
#4947 = DEFINITIONAL_REPRESENTATION('',(#4948),#4952);
#4948 = LINE('',#4949,#4950);
#4949 = CARTESIAN_POINT('',(0.,0.));
#4950 = VECTOR('',#4951,1.);
#4951 = DIRECTION('',(0.,-1.));
#4952 = ( GEOMETRIC_REPRESENTATION_CONTEXT(2) 
PARAMETRIC_REPRESENTATION_CONTEXT() REPRESENTATION_CONTEXT('2D SPACE',''
  ) );
#4953 = PCURVE('',#1663,#4954);
#4954 = DEFINITIONAL_REPRESENTATION('',(#4955),#4959);
#4955 = LINE('',#4956,#4957);
#4956 = CARTESIAN_POINT('',(0.9,0.));
#4957 = VECTOR('',#4958,1.);
#4958 = DIRECTION('',(0.,-1.));
#4959 = ( GEOMETRIC_REPRESENTATION_CONTEXT(2) 
PARAMETRIC_REPRESENTATION_CONTEXT() REPRESENTATION_CONTEXT('2D SPACE',''
  ) );
#4960 = ORIENTED_EDGE('',*,*,#1617,.T.);
#4961 = ORIENTED_EDGE('',*,*,#4962,.F.);
#4962 = EDGE_CURVE('',#4963,#1620,#4965,.T.);
#4963 = VERTEX_POINT('',#4964);
#4964 = CARTESIAN_POINT('',(0.45,-8.07,2.29));
#4965 = SURFACE_CURVE('',#4966,(#4970,#4977),.PCURVE_S1.);
#4966 = LINE('',#4967,#4968);
#4967 = CARTESIAN_POINT('',(0.45,-8.07,2.29));
#4968 = VECTOR('',#4969,1.);
#4969 = DIRECTION('',(0.,0.,1.));
#4970 = PCURVE('',#1635,#4971);
#4971 = DEFINITIONAL_REPRESENTATION('',(#4972),#4976);
#4972 = LINE('',#4973,#4974);
#4973 = CARTESIAN_POINT('',(0.9,0.));
#4974 = VECTOR('',#4975,1.);
#4975 = DIRECTION('',(0.,-1.));
#4976 = ( GEOMETRIC_REPRESENTATION_CONTEXT(2) 
PARAMETRIC_REPRESENTATION_CONTEXT() REPRESENTATION_CONTEXT('2D SPACE',''
  ) );
#4977 = PCURVE('',#1717,#4978);
#4978 = DEFINITIONAL_REPRESENTATION('',(#4979),#4983);
#4979 = LINE('',#4980,#4981);
#4980 = CARTESIAN_POINT('',(0.,0.));
#4981 = VECTOR('',#4982,1.);
#4982 = DIRECTION('',(0.,-1.));
#4983 = ( GEOMETRIC_REPRESENTATION_CONTEXT(2) 
PARAMETRIC_REPRESENTATION_CONTEXT() REPRESENTATION_CONTEXT('2D SPACE',''
  ) );
#4984 = ORIENTED_EDGE('',*,*,#4985,.F.);
#4985 = EDGE_CURVE('',#4939,#4963,#4986,.T.);
#4986 = SURFACE_CURVE('',#4987,(#4991,#4998),.PCURVE_S1.);
#4987 = LINE('',#4988,#4989);
#4988 = CARTESIAN_POINT('',(-0.45,-8.07,2.29));
#4989 = VECTOR('',#4990,1.);
#4990 = DIRECTION('',(1.,0.,0.));
#4991 = PCURVE('',#1635,#4992);
#4992 = DEFINITIONAL_REPRESENTATION('',(#4993),#4997);
#4993 = LINE('',#4994,#4995);
#4994 = CARTESIAN_POINT('',(0.,0.));
#4995 = VECTOR('',#4996,1.);
#4996 = DIRECTION('',(1.,0.));
#4997 = ( GEOMETRIC_REPRESENTATION_CONTEXT(2) 
PARAMETRIC_REPRESENTATION_CONTEXT() REPRESENTATION_CONTEXT('2D SPACE',''
  ) );
#4998 = PCURVE('',#4999,#5004);
#4999 = PLANE('',#5000);
#5000 = AXIS2_PLACEMENT_3D('',#5001,#5002,#5003);
#5001 = CARTESIAN_POINT('',(0.,0.,2.29));
#5002 = DIRECTION('',(0.,0.,1.));
#5003 = DIRECTION('',(1.,0.,-0.));
#5004 = DEFINITIONAL_REPRESENTATION('',(#5005),#5009);
#5005 = LINE('',#5006,#5007);
#5006 = CARTESIAN_POINT('',(-0.45,-8.07));
#5007 = VECTOR('',#5008,1.);
#5008 = DIRECTION('',(1.,0.));
#5009 = ( GEOMETRIC_REPRESENTATION_CONTEXT(2) 
PARAMETRIC_REPRESENTATION_CONTEXT() REPRESENTATION_CONTEXT('2D SPACE',''
  ) );
#5010 = ADVANCED_FACE('',(#5011),#1717,.T.);
#5011 = FACE_BOUND('',#5012,.T.);
#5012 = EDGE_LOOP('',(#5013,#5014,#5015,#5038));
#5013 = ORIENTED_EDGE('',*,*,#4962,.T.);
#5014 = ORIENTED_EDGE('',*,*,#1703,.T.);
#5015 = ORIENTED_EDGE('',*,*,#5016,.F.);
#5016 = EDGE_CURVE('',#5017,#1676,#5019,.T.);
#5017 = VERTEX_POINT('',#5018);
#5018 = CARTESIAN_POINT('',(0.45,-7.17,2.29));
#5019 = SURFACE_CURVE('',#5020,(#5024,#5031),.PCURVE_S1.);
#5020 = LINE('',#5021,#5022);
#5021 = CARTESIAN_POINT('',(0.45,-7.17,2.29));
#5022 = VECTOR('',#5023,1.);
#5023 = DIRECTION('',(0.,0.,1.));
#5024 = PCURVE('',#1717,#5025);
#5025 = DEFINITIONAL_REPRESENTATION('',(#5026),#5030);
#5026 = LINE('',#5027,#5028);
#5027 = CARTESIAN_POINT('',(0.9,0.));
#5028 = VECTOR('',#5029,1.);
#5029 = DIRECTION('',(0.,-1.));
#5030 = ( GEOMETRIC_REPRESENTATION_CONTEXT(2) 
PARAMETRIC_REPRESENTATION_CONTEXT() REPRESENTATION_CONTEXT('2D SPACE',''
  ) );
#5031 = PCURVE('',#1691,#5032);
#5032 = DEFINITIONAL_REPRESENTATION('',(#5033),#5037);
#5033 = LINE('',#5034,#5035);
#5034 = CARTESIAN_POINT('',(0.,-0.));
#5035 = VECTOR('',#5036,1.);
#5036 = DIRECTION('',(0.,-1.));
#5037 = ( GEOMETRIC_REPRESENTATION_CONTEXT(2) 
PARAMETRIC_REPRESENTATION_CONTEXT() REPRESENTATION_CONTEXT('2D SPACE',''
  ) );
#5038 = ORIENTED_EDGE('',*,*,#5039,.F.);
#5039 = EDGE_CURVE('',#4963,#5017,#5040,.T.);
#5040 = SURFACE_CURVE('',#5041,(#5045,#5052),.PCURVE_S1.);
#5041 = LINE('',#5042,#5043);
#5042 = CARTESIAN_POINT('',(0.45,-8.07,2.29));
#5043 = VECTOR('',#5044,1.);
#5044 = DIRECTION('',(0.,1.,0.));
#5045 = PCURVE('',#1717,#5046);
#5046 = DEFINITIONAL_REPRESENTATION('',(#5047),#5051);
#5047 = LINE('',#5048,#5049);
#5048 = CARTESIAN_POINT('',(0.,0.));
#5049 = VECTOR('',#5050,1.);
#5050 = DIRECTION('',(1.,0.));
#5051 = ( GEOMETRIC_REPRESENTATION_CONTEXT(2) 
PARAMETRIC_REPRESENTATION_CONTEXT() REPRESENTATION_CONTEXT('2D SPACE',''
  ) );
#5052 = PCURVE('',#4999,#5053);
#5053 = DEFINITIONAL_REPRESENTATION('',(#5054),#5058);
#5054 = LINE('',#5055,#5056);
#5055 = CARTESIAN_POINT('',(0.45,-8.07));
#5056 = VECTOR('',#5057,1.);
#5057 = DIRECTION('',(0.,1.));
#5058 = ( GEOMETRIC_REPRESENTATION_CONTEXT(2) 
PARAMETRIC_REPRESENTATION_CONTEXT() REPRESENTATION_CONTEXT('2D SPACE',''
  ) );
#5059 = ADVANCED_FACE('',(#5060),#1691,.T.);
#5060 = FACE_BOUND('',#5061,.T.);
#5061 = EDGE_LOOP('',(#5062,#5063,#5064,#5087));
#5062 = ORIENTED_EDGE('',*,*,#5016,.T.);
#5063 = ORIENTED_EDGE('',*,*,#1675,.T.);
#5064 = ORIENTED_EDGE('',*,*,#5065,.F.);
#5065 = EDGE_CURVE('',#5066,#1648,#5068,.T.);
#5066 = VERTEX_POINT('',#5067);
#5067 = CARTESIAN_POINT('',(-0.45,-7.17,2.29));
#5068 = SURFACE_CURVE('',#5069,(#5073,#5080),.PCURVE_S1.);
#5069 = LINE('',#5070,#5071);
#5070 = CARTESIAN_POINT('',(-0.45,-7.17,2.29));
#5071 = VECTOR('',#5072,1.);
#5072 = DIRECTION('',(0.,0.,1.));
#5073 = PCURVE('',#1691,#5074);
#5074 = DEFINITIONAL_REPRESENTATION('',(#5075),#5079);
#5075 = LINE('',#5076,#5077);
#5076 = CARTESIAN_POINT('',(0.9,0.));
#5077 = VECTOR('',#5078,1.);
#5078 = DIRECTION('',(0.,-1.));
#5079 = ( GEOMETRIC_REPRESENTATION_CONTEXT(2) 
PARAMETRIC_REPRESENTATION_CONTEXT() REPRESENTATION_CONTEXT('2D SPACE',''
  ) );
#5080 = PCURVE('',#1663,#5081);
#5081 = DEFINITIONAL_REPRESENTATION('',(#5082),#5086);
#5082 = LINE('',#5083,#5084);
#5083 = CARTESIAN_POINT('',(0.,0.));
#5084 = VECTOR('',#5085,1.);
#5085 = DIRECTION('',(0.,-1.));
#5086 = ( GEOMETRIC_REPRESENTATION_CONTEXT(2) 
PARAMETRIC_REPRESENTATION_CONTEXT() REPRESENTATION_CONTEXT('2D SPACE',''
  ) );
#5087 = ORIENTED_EDGE('',*,*,#5088,.F.);
#5088 = EDGE_CURVE('',#5017,#5066,#5089,.T.);
#5089 = SURFACE_CURVE('',#5090,(#5094,#5101),.PCURVE_S1.);
#5090 = LINE('',#5091,#5092);
#5091 = CARTESIAN_POINT('',(0.45,-7.17,2.29));
#5092 = VECTOR('',#5093,1.);
#5093 = DIRECTION('',(-1.,0.,0.));
#5094 = PCURVE('',#1691,#5095);
#5095 = DEFINITIONAL_REPRESENTATION('',(#5096),#5100);
#5096 = LINE('',#5097,#5098);
#5097 = CARTESIAN_POINT('',(0.,-0.));
#5098 = VECTOR('',#5099,1.);
#5099 = DIRECTION('',(1.,0.));
#5100 = ( GEOMETRIC_REPRESENTATION_CONTEXT(2) 
PARAMETRIC_REPRESENTATION_CONTEXT() REPRESENTATION_CONTEXT('2D SPACE',''
  ) );
#5101 = PCURVE('',#4999,#5102);
#5102 = DEFINITIONAL_REPRESENTATION('',(#5103),#5107);
#5103 = LINE('',#5104,#5105);
#5104 = CARTESIAN_POINT('',(0.45,-7.17));
#5105 = VECTOR('',#5106,1.);
#5106 = DIRECTION('',(-1.,0.));
#5107 = ( GEOMETRIC_REPRESENTATION_CONTEXT(2) 
PARAMETRIC_REPRESENTATION_CONTEXT() REPRESENTATION_CONTEXT('2D SPACE',''
  ) );
#5108 = ADVANCED_FACE('',(#5109),#1663,.T.);
#5109 = FACE_BOUND('',#5110,.T.);
#5110 = EDGE_LOOP('',(#5111,#5112,#5113,#5114));
#5111 = ORIENTED_EDGE('',*,*,#5065,.T.);
#5112 = ORIENTED_EDGE('',*,*,#1647,.T.);
#5113 = ORIENTED_EDGE('',*,*,#4938,.F.);
#5114 = ORIENTED_EDGE('',*,*,#5115,.F.);
#5115 = EDGE_CURVE('',#5066,#4939,#5116,.T.);
#5116 = SURFACE_CURVE('',#5117,(#5121,#5128),.PCURVE_S1.);
#5117 = LINE('',#5118,#5119);
#5118 = CARTESIAN_POINT('',(-0.45,-7.17,2.29));
#5119 = VECTOR('',#5120,1.);
#5120 = DIRECTION('',(0.,-1.,0.));
#5121 = PCURVE('',#1663,#5122);
#5122 = DEFINITIONAL_REPRESENTATION('',(#5123),#5127);
#5123 = LINE('',#5124,#5125);
#5124 = CARTESIAN_POINT('',(0.,0.));
#5125 = VECTOR('',#5126,1.);
#5126 = DIRECTION('',(1.,0.));
#5127 = ( GEOMETRIC_REPRESENTATION_CONTEXT(2) 
PARAMETRIC_REPRESENTATION_CONTEXT() REPRESENTATION_CONTEXT('2D SPACE',''
  ) );
#5128 = PCURVE('',#4999,#5129);
#5129 = DEFINITIONAL_REPRESENTATION('',(#5130),#5134);
#5130 = LINE('',#5131,#5132);
#5131 = CARTESIAN_POINT('',(-0.45,-7.17));
#5132 = VECTOR('',#5133,1.);
#5133 = DIRECTION('',(0.,-1.));
#5134 = ( GEOMETRIC_REPRESENTATION_CONTEXT(2) 
PARAMETRIC_REPRESENTATION_CONTEXT() REPRESENTATION_CONTEXT('2D SPACE',''
  ) );
#5135 = ADVANCED_FACE('',(#5136),#1749,.T.);
#5136 = FACE_BOUND('',#5137,.T.);
#5137 = EDGE_LOOP('',(#5138,#5161,#5162,#5185));
#5138 = ORIENTED_EDGE('',*,*,#5139,.T.);
#5139 = EDGE_CURVE('',#5140,#1732,#5142,.T.);
#5140 = VERTEX_POINT('',#5141);
#5141 = CARTESIAN_POINT('',(-0.45,-5.53,2.29));
#5142 = SURFACE_CURVE('',#5143,(#5147,#5154),.PCURVE_S1.);
#5143 = LINE('',#5144,#5145);
#5144 = CARTESIAN_POINT('',(-0.45,-5.53,2.29));
#5145 = VECTOR('',#5146,1.);
#5146 = DIRECTION('',(0.,0.,1.));
#5147 = PCURVE('',#1749,#5148);
#5148 = DEFINITIONAL_REPRESENTATION('',(#5149),#5153);
#5149 = LINE('',#5150,#5151);
#5150 = CARTESIAN_POINT('',(0.,0.));
#5151 = VECTOR('',#5152,1.);
#5152 = DIRECTION('',(0.,-1.));
#5153 = ( GEOMETRIC_REPRESENTATION_CONTEXT(2) 
PARAMETRIC_REPRESENTATION_CONTEXT() REPRESENTATION_CONTEXT('2D SPACE',''
  ) );
#5154 = PCURVE('',#1777,#5155);
#5155 = DEFINITIONAL_REPRESENTATION('',(#5156),#5160);
#5156 = LINE('',#5157,#5158);
#5157 = CARTESIAN_POINT('',(0.9,0.));
#5158 = VECTOR('',#5159,1.);
#5159 = DIRECTION('',(0.,-1.));
#5160 = ( GEOMETRIC_REPRESENTATION_CONTEXT(2) 
PARAMETRIC_REPRESENTATION_CONTEXT() REPRESENTATION_CONTEXT('2D SPACE',''
  ) );
#5161 = ORIENTED_EDGE('',*,*,#1731,.T.);
#5162 = ORIENTED_EDGE('',*,*,#5163,.F.);
#5163 = EDGE_CURVE('',#5164,#1734,#5166,.T.);
#5164 = VERTEX_POINT('',#5165);
#5165 = CARTESIAN_POINT('',(0.45,-5.53,2.29));
#5166 = SURFACE_CURVE('',#5167,(#5171,#5178),.PCURVE_S1.);
#5167 = LINE('',#5168,#5169);
#5168 = CARTESIAN_POINT('',(0.45,-5.53,2.29));
#5169 = VECTOR('',#5170,1.);
#5170 = DIRECTION('',(0.,0.,1.));
#5171 = PCURVE('',#1749,#5172);
#5172 = DEFINITIONAL_REPRESENTATION('',(#5173),#5177);
#5173 = LINE('',#5174,#5175);
#5174 = CARTESIAN_POINT('',(0.9,0.));
#5175 = VECTOR('',#5176,1.);
#5176 = DIRECTION('',(0.,-1.));
#5177 = ( GEOMETRIC_REPRESENTATION_CONTEXT(2) 
PARAMETRIC_REPRESENTATION_CONTEXT() REPRESENTATION_CONTEXT('2D SPACE',''
  ) );
#5178 = PCURVE('',#1831,#5179);
#5179 = DEFINITIONAL_REPRESENTATION('',(#5180),#5184);
#5180 = LINE('',#5181,#5182);
#5181 = CARTESIAN_POINT('',(0.,0.));
#5182 = VECTOR('',#5183,1.);
#5183 = DIRECTION('',(0.,-1.));
#5184 = ( GEOMETRIC_REPRESENTATION_CONTEXT(2) 
PARAMETRIC_REPRESENTATION_CONTEXT() REPRESENTATION_CONTEXT('2D SPACE',''
  ) );
#5185 = ORIENTED_EDGE('',*,*,#5186,.F.);
#5186 = EDGE_CURVE('',#5140,#5164,#5187,.T.);
#5187 = SURFACE_CURVE('',#5188,(#5192,#5199),.PCURVE_S1.);
#5188 = LINE('',#5189,#5190);
#5189 = CARTESIAN_POINT('',(-0.45,-5.53,2.29));
#5190 = VECTOR('',#5191,1.);
#5191 = DIRECTION('',(1.,0.,0.));
#5192 = PCURVE('',#1749,#5193);
#5193 = DEFINITIONAL_REPRESENTATION('',(#5194),#5198);
#5194 = LINE('',#5195,#5196);
#5195 = CARTESIAN_POINT('',(0.,0.));
#5196 = VECTOR('',#5197,1.);
#5197 = DIRECTION('',(1.,0.));
#5198 = ( GEOMETRIC_REPRESENTATION_CONTEXT(2) 
PARAMETRIC_REPRESENTATION_CONTEXT() REPRESENTATION_CONTEXT('2D SPACE',''
  ) );
#5199 = PCURVE('',#5200,#5205);
#5200 = PLANE('',#5201);
#5201 = AXIS2_PLACEMENT_3D('',#5202,#5203,#5204);
#5202 = CARTESIAN_POINT('',(0.,0.,2.29));
#5203 = DIRECTION('',(0.,0.,1.));
#5204 = DIRECTION('',(1.,0.,-0.));
#5205 = DEFINITIONAL_REPRESENTATION('',(#5206),#5210);
#5206 = LINE('',#5207,#5208);
#5207 = CARTESIAN_POINT('',(-0.45,-5.53));
#5208 = VECTOR('',#5209,1.);
#5209 = DIRECTION('',(1.,0.));
#5210 = ( GEOMETRIC_REPRESENTATION_CONTEXT(2) 
PARAMETRIC_REPRESENTATION_CONTEXT() REPRESENTATION_CONTEXT('2D SPACE',''
  ) );
#5211 = ADVANCED_FACE('',(#5212),#1831,.T.);
#5212 = FACE_BOUND('',#5213,.T.);
#5213 = EDGE_LOOP('',(#5214,#5215,#5216,#5239));
#5214 = ORIENTED_EDGE('',*,*,#5163,.T.);
#5215 = ORIENTED_EDGE('',*,*,#1817,.T.);
#5216 = ORIENTED_EDGE('',*,*,#5217,.F.);
#5217 = EDGE_CURVE('',#5218,#1790,#5220,.T.);
#5218 = VERTEX_POINT('',#5219);
#5219 = CARTESIAN_POINT('',(0.45,-4.63,2.29));
#5220 = SURFACE_CURVE('',#5221,(#5225,#5232),.PCURVE_S1.);
#5221 = LINE('',#5222,#5223);
#5222 = CARTESIAN_POINT('',(0.45,-4.63,2.29));
#5223 = VECTOR('',#5224,1.);
#5224 = DIRECTION('',(0.,0.,1.));
#5225 = PCURVE('',#1831,#5226);
#5226 = DEFINITIONAL_REPRESENTATION('',(#5227),#5231);
#5227 = LINE('',#5228,#5229);
#5228 = CARTESIAN_POINT('',(0.9,0.));
#5229 = VECTOR('',#5230,1.);
#5230 = DIRECTION('',(0.,-1.));
#5231 = ( GEOMETRIC_REPRESENTATION_CONTEXT(2) 
PARAMETRIC_REPRESENTATION_CONTEXT() REPRESENTATION_CONTEXT('2D SPACE',''
  ) );
#5232 = PCURVE('',#1805,#5233);
#5233 = DEFINITIONAL_REPRESENTATION('',(#5234),#5238);
#5234 = LINE('',#5235,#5236);
#5235 = CARTESIAN_POINT('',(0.,-0.));
#5236 = VECTOR('',#5237,1.);
#5237 = DIRECTION('',(0.,-1.));
#5238 = ( GEOMETRIC_REPRESENTATION_CONTEXT(2) 
PARAMETRIC_REPRESENTATION_CONTEXT() REPRESENTATION_CONTEXT('2D SPACE',''
  ) );
#5239 = ORIENTED_EDGE('',*,*,#5240,.F.);
#5240 = EDGE_CURVE('',#5164,#5218,#5241,.T.);
#5241 = SURFACE_CURVE('',#5242,(#5246,#5253),.PCURVE_S1.);
#5242 = LINE('',#5243,#5244);
#5243 = CARTESIAN_POINT('',(0.45,-5.53,2.29));
#5244 = VECTOR('',#5245,1.);
#5245 = DIRECTION('',(0.,1.,0.));
#5246 = PCURVE('',#1831,#5247);
#5247 = DEFINITIONAL_REPRESENTATION('',(#5248),#5252);
#5248 = LINE('',#5249,#5250);
#5249 = CARTESIAN_POINT('',(0.,0.));
#5250 = VECTOR('',#5251,1.);
#5251 = DIRECTION('',(1.,0.));
#5252 = ( GEOMETRIC_REPRESENTATION_CONTEXT(2) 
PARAMETRIC_REPRESENTATION_CONTEXT() REPRESENTATION_CONTEXT('2D SPACE',''
  ) );
#5253 = PCURVE('',#5200,#5254);
#5254 = DEFINITIONAL_REPRESENTATION('',(#5255),#5259);
#5255 = LINE('',#5256,#5257);
#5256 = CARTESIAN_POINT('',(0.45,-5.53));
#5257 = VECTOR('',#5258,1.);
#5258 = DIRECTION('',(0.,1.));
#5259 = ( GEOMETRIC_REPRESENTATION_CONTEXT(2) 
PARAMETRIC_REPRESENTATION_CONTEXT() REPRESENTATION_CONTEXT('2D SPACE',''
  ) );
#5260 = ADVANCED_FACE('',(#5261),#1805,.T.);
#5261 = FACE_BOUND('',#5262,.T.);
#5262 = EDGE_LOOP('',(#5263,#5264,#5265,#5288));
#5263 = ORIENTED_EDGE('',*,*,#5217,.T.);
#5264 = ORIENTED_EDGE('',*,*,#1789,.T.);
#5265 = ORIENTED_EDGE('',*,*,#5266,.F.);
#5266 = EDGE_CURVE('',#5267,#1762,#5269,.T.);
#5267 = VERTEX_POINT('',#5268);
#5268 = CARTESIAN_POINT('',(-0.45,-4.63,2.29));
#5269 = SURFACE_CURVE('',#5270,(#5274,#5281),.PCURVE_S1.);
#5270 = LINE('',#5271,#5272);
#5271 = CARTESIAN_POINT('',(-0.45,-4.63,2.29));
#5272 = VECTOR('',#5273,1.);
#5273 = DIRECTION('',(0.,0.,1.));
#5274 = PCURVE('',#1805,#5275);
#5275 = DEFINITIONAL_REPRESENTATION('',(#5276),#5280);
#5276 = LINE('',#5277,#5278);
#5277 = CARTESIAN_POINT('',(0.9,0.));
#5278 = VECTOR('',#5279,1.);
#5279 = DIRECTION('',(0.,-1.));
#5280 = ( GEOMETRIC_REPRESENTATION_CONTEXT(2) 
PARAMETRIC_REPRESENTATION_CONTEXT() REPRESENTATION_CONTEXT('2D SPACE',''
  ) );
#5281 = PCURVE('',#1777,#5282);
#5282 = DEFINITIONAL_REPRESENTATION('',(#5283),#5287);
#5283 = LINE('',#5284,#5285);
#5284 = CARTESIAN_POINT('',(0.,0.));
#5285 = VECTOR('',#5286,1.);
#5286 = DIRECTION('',(0.,-1.));
#5287 = ( GEOMETRIC_REPRESENTATION_CONTEXT(2) 
PARAMETRIC_REPRESENTATION_CONTEXT() REPRESENTATION_CONTEXT('2D SPACE',''
  ) );
#5288 = ORIENTED_EDGE('',*,*,#5289,.F.);
#5289 = EDGE_CURVE('',#5218,#5267,#5290,.T.);
#5290 = SURFACE_CURVE('',#5291,(#5295,#5302),.PCURVE_S1.);
#5291 = LINE('',#5292,#5293);
#5292 = CARTESIAN_POINT('',(0.45,-4.63,2.29));
#5293 = VECTOR('',#5294,1.);
#5294 = DIRECTION('',(-1.,0.,0.));
#5295 = PCURVE('',#1805,#5296);
#5296 = DEFINITIONAL_REPRESENTATION('',(#5297),#5301);
#5297 = LINE('',#5298,#5299);
#5298 = CARTESIAN_POINT('',(0.,-0.));
#5299 = VECTOR('',#5300,1.);
#5300 = DIRECTION('',(1.,0.));
#5301 = ( GEOMETRIC_REPRESENTATION_CONTEXT(2) 
PARAMETRIC_REPRESENTATION_CONTEXT() REPRESENTATION_CONTEXT('2D SPACE',''
  ) );
#5302 = PCURVE('',#5200,#5303);
#5303 = DEFINITIONAL_REPRESENTATION('',(#5304),#5308);
#5304 = LINE('',#5305,#5306);
#5305 = CARTESIAN_POINT('',(0.45,-4.63));
#5306 = VECTOR('',#5307,1.);
#5307 = DIRECTION('',(-1.,0.));
#5308 = ( GEOMETRIC_REPRESENTATION_CONTEXT(2) 
PARAMETRIC_REPRESENTATION_CONTEXT() REPRESENTATION_CONTEXT('2D SPACE',''
  ) );
#5309 = ADVANCED_FACE('',(#5310),#1777,.T.);
#5310 = FACE_BOUND('',#5311,.T.);
#5311 = EDGE_LOOP('',(#5312,#5313,#5314,#5315));
#5312 = ORIENTED_EDGE('',*,*,#5266,.T.);
#5313 = ORIENTED_EDGE('',*,*,#1761,.T.);
#5314 = ORIENTED_EDGE('',*,*,#5139,.F.);
#5315 = ORIENTED_EDGE('',*,*,#5316,.F.);
#5316 = EDGE_CURVE('',#5267,#5140,#5317,.T.);
#5317 = SURFACE_CURVE('',#5318,(#5322,#5329),.PCURVE_S1.);
#5318 = LINE('',#5319,#5320);
#5319 = CARTESIAN_POINT('',(-0.45,-4.63,2.29));
#5320 = VECTOR('',#5321,1.);
#5321 = DIRECTION('',(0.,-1.,0.));
#5322 = PCURVE('',#1777,#5323);
#5323 = DEFINITIONAL_REPRESENTATION('',(#5324),#5328);
#5324 = LINE('',#5325,#5326);
#5325 = CARTESIAN_POINT('',(0.,0.));
#5326 = VECTOR('',#5327,1.);
#5327 = DIRECTION('',(1.,0.));
#5328 = ( GEOMETRIC_REPRESENTATION_CONTEXT(2) 
PARAMETRIC_REPRESENTATION_CONTEXT() REPRESENTATION_CONTEXT('2D SPACE',''
  ) );
#5329 = PCURVE('',#5200,#5330);
#5330 = DEFINITIONAL_REPRESENTATION('',(#5331),#5335);
#5331 = LINE('',#5332,#5333);
#5332 = CARTESIAN_POINT('',(-0.45,-4.63));
#5333 = VECTOR('',#5334,1.);
#5334 = DIRECTION('',(0.,-1.));
#5335 = ( GEOMETRIC_REPRESENTATION_CONTEXT(2) 
PARAMETRIC_REPRESENTATION_CONTEXT() REPRESENTATION_CONTEXT('2D SPACE',''
  ) );
#5336 = ADVANCED_FACE('',(#5337),#1863,.T.);
#5337 = FACE_BOUND('',#5338,.T.);
#5338 = EDGE_LOOP('',(#5339,#5362,#5363,#5386));
#5339 = ORIENTED_EDGE('',*,*,#5340,.T.);
#5340 = EDGE_CURVE('',#5341,#1846,#5343,.T.);
#5341 = VERTEX_POINT('',#5342);
#5342 = CARTESIAN_POINT('',(-0.45,-2.99,2.29));
#5343 = SURFACE_CURVE('',#5344,(#5348,#5355),.PCURVE_S1.);
#5344 = LINE('',#5345,#5346);
#5345 = CARTESIAN_POINT('',(-0.45,-2.99,2.29));
#5346 = VECTOR('',#5347,1.);
#5347 = DIRECTION('',(0.,0.,1.));
#5348 = PCURVE('',#1863,#5349);
#5349 = DEFINITIONAL_REPRESENTATION('',(#5350),#5354);
#5350 = LINE('',#5351,#5352);
#5351 = CARTESIAN_POINT('',(0.,0.));
#5352 = VECTOR('',#5353,1.);
#5353 = DIRECTION('',(0.,-1.));
#5354 = ( GEOMETRIC_REPRESENTATION_CONTEXT(2) 
PARAMETRIC_REPRESENTATION_CONTEXT() REPRESENTATION_CONTEXT('2D SPACE',''
  ) );
#5355 = PCURVE('',#1891,#5356);
#5356 = DEFINITIONAL_REPRESENTATION('',(#5357),#5361);
#5357 = LINE('',#5358,#5359);
#5358 = CARTESIAN_POINT('',(0.9,0.));
#5359 = VECTOR('',#5360,1.);
#5360 = DIRECTION('',(0.,-1.));
#5361 = ( GEOMETRIC_REPRESENTATION_CONTEXT(2) 
PARAMETRIC_REPRESENTATION_CONTEXT() REPRESENTATION_CONTEXT('2D SPACE',''
  ) );
#5362 = ORIENTED_EDGE('',*,*,#1845,.T.);
#5363 = ORIENTED_EDGE('',*,*,#5364,.F.);
#5364 = EDGE_CURVE('',#5365,#1848,#5367,.T.);
#5365 = VERTEX_POINT('',#5366);
#5366 = CARTESIAN_POINT('',(0.45,-2.99,2.29));
#5367 = SURFACE_CURVE('',#5368,(#5372,#5379),.PCURVE_S1.);
#5368 = LINE('',#5369,#5370);
#5369 = CARTESIAN_POINT('',(0.45,-2.99,2.29));
#5370 = VECTOR('',#5371,1.);
#5371 = DIRECTION('',(0.,0.,1.));
#5372 = PCURVE('',#1863,#5373);
#5373 = DEFINITIONAL_REPRESENTATION('',(#5374),#5378);
#5374 = LINE('',#5375,#5376);
#5375 = CARTESIAN_POINT('',(0.9,0.));
#5376 = VECTOR('',#5377,1.);
#5377 = DIRECTION('',(0.,-1.));
#5378 = ( GEOMETRIC_REPRESENTATION_CONTEXT(2) 
PARAMETRIC_REPRESENTATION_CONTEXT() REPRESENTATION_CONTEXT('2D SPACE',''
  ) );
#5379 = PCURVE('',#1945,#5380);
#5380 = DEFINITIONAL_REPRESENTATION('',(#5381),#5385);
#5381 = LINE('',#5382,#5383);
#5382 = CARTESIAN_POINT('',(0.,0.));
#5383 = VECTOR('',#5384,1.);
#5384 = DIRECTION('',(0.,-1.));
#5385 = ( GEOMETRIC_REPRESENTATION_CONTEXT(2) 
PARAMETRIC_REPRESENTATION_CONTEXT() REPRESENTATION_CONTEXT('2D SPACE',''
  ) );
#5386 = ORIENTED_EDGE('',*,*,#5387,.F.);
#5387 = EDGE_CURVE('',#5341,#5365,#5388,.T.);
#5388 = SURFACE_CURVE('',#5389,(#5393,#5400),.PCURVE_S1.);
#5389 = LINE('',#5390,#5391);
#5390 = CARTESIAN_POINT('',(-0.45,-2.99,2.29));
#5391 = VECTOR('',#5392,1.);
#5392 = DIRECTION('',(1.,0.,0.));
#5393 = PCURVE('',#1863,#5394);
#5394 = DEFINITIONAL_REPRESENTATION('',(#5395),#5399);
#5395 = LINE('',#5396,#5397);
#5396 = CARTESIAN_POINT('',(0.,0.));
#5397 = VECTOR('',#5398,1.);
#5398 = DIRECTION('',(1.,0.));
#5399 = ( GEOMETRIC_REPRESENTATION_CONTEXT(2) 
PARAMETRIC_REPRESENTATION_CONTEXT() REPRESENTATION_CONTEXT('2D SPACE',''
  ) );
#5400 = PCURVE('',#5401,#5406);
#5401 = PLANE('',#5402);
#5402 = AXIS2_PLACEMENT_3D('',#5403,#5404,#5405);
#5403 = CARTESIAN_POINT('',(0.,0.,2.29));
#5404 = DIRECTION('',(0.,0.,1.));
#5405 = DIRECTION('',(1.,0.,-0.));
#5406 = DEFINITIONAL_REPRESENTATION('',(#5407),#5411);
#5407 = LINE('',#5408,#5409);
#5408 = CARTESIAN_POINT('',(-0.45,-2.99));
#5409 = VECTOR('',#5410,1.);
#5410 = DIRECTION('',(1.,0.));
#5411 = ( GEOMETRIC_REPRESENTATION_CONTEXT(2) 
PARAMETRIC_REPRESENTATION_CONTEXT() REPRESENTATION_CONTEXT('2D SPACE',''
  ) );
#5412 = ADVANCED_FACE('',(#5413),#1945,.T.);
#5413 = FACE_BOUND('',#5414,.T.);
#5414 = EDGE_LOOP('',(#5415,#5416,#5417,#5440));
#5415 = ORIENTED_EDGE('',*,*,#5364,.T.);
#5416 = ORIENTED_EDGE('',*,*,#1931,.T.);
#5417 = ORIENTED_EDGE('',*,*,#5418,.F.);
#5418 = EDGE_CURVE('',#5419,#1904,#5421,.T.);
#5419 = VERTEX_POINT('',#5420);
#5420 = CARTESIAN_POINT('',(0.45,-2.09,2.29));
#5421 = SURFACE_CURVE('',#5422,(#5426,#5433),.PCURVE_S1.);
#5422 = LINE('',#5423,#5424);
#5423 = CARTESIAN_POINT('',(0.45,-2.09,2.29));
#5424 = VECTOR('',#5425,1.);
#5425 = DIRECTION('',(0.,0.,1.));
#5426 = PCURVE('',#1945,#5427);
#5427 = DEFINITIONAL_REPRESENTATION('',(#5428),#5432);
#5428 = LINE('',#5429,#5430);
#5429 = CARTESIAN_POINT('',(0.9,0.));
#5430 = VECTOR('',#5431,1.);
#5431 = DIRECTION('',(0.,-1.));
#5432 = ( GEOMETRIC_REPRESENTATION_CONTEXT(2) 
PARAMETRIC_REPRESENTATION_CONTEXT() REPRESENTATION_CONTEXT('2D SPACE',''
  ) );
#5433 = PCURVE('',#1919,#5434);
#5434 = DEFINITIONAL_REPRESENTATION('',(#5435),#5439);
#5435 = LINE('',#5436,#5437);
#5436 = CARTESIAN_POINT('',(0.,-0.));
#5437 = VECTOR('',#5438,1.);
#5438 = DIRECTION('',(0.,-1.));
#5439 = ( GEOMETRIC_REPRESENTATION_CONTEXT(2) 
PARAMETRIC_REPRESENTATION_CONTEXT() REPRESENTATION_CONTEXT('2D SPACE',''
  ) );
#5440 = ORIENTED_EDGE('',*,*,#5441,.F.);
#5441 = EDGE_CURVE('',#5365,#5419,#5442,.T.);
#5442 = SURFACE_CURVE('',#5443,(#5447,#5454),.PCURVE_S1.);
#5443 = LINE('',#5444,#5445);
#5444 = CARTESIAN_POINT('',(0.45,-2.99,2.29));
#5445 = VECTOR('',#5446,1.);
#5446 = DIRECTION('',(0.,1.,0.));
#5447 = PCURVE('',#1945,#5448);
#5448 = DEFINITIONAL_REPRESENTATION('',(#5449),#5453);
#5449 = LINE('',#5450,#5451);
#5450 = CARTESIAN_POINT('',(0.,0.));
#5451 = VECTOR('',#5452,1.);
#5452 = DIRECTION('',(1.,0.));
#5453 = ( GEOMETRIC_REPRESENTATION_CONTEXT(2) 
PARAMETRIC_REPRESENTATION_CONTEXT() REPRESENTATION_CONTEXT('2D SPACE',''
  ) );
#5454 = PCURVE('',#5401,#5455);
#5455 = DEFINITIONAL_REPRESENTATION('',(#5456),#5460);
#5456 = LINE('',#5457,#5458);
#5457 = CARTESIAN_POINT('',(0.45,-2.99));
#5458 = VECTOR('',#5459,1.);
#5459 = DIRECTION('',(0.,1.));
#5460 = ( GEOMETRIC_REPRESENTATION_CONTEXT(2) 
PARAMETRIC_REPRESENTATION_CONTEXT() REPRESENTATION_CONTEXT('2D SPACE',''
  ) );
#5461 = ADVANCED_FACE('',(#5462),#1919,.T.);
#5462 = FACE_BOUND('',#5463,.T.);
#5463 = EDGE_LOOP('',(#5464,#5465,#5466,#5489));
#5464 = ORIENTED_EDGE('',*,*,#5418,.T.);
#5465 = ORIENTED_EDGE('',*,*,#1903,.T.);
#5466 = ORIENTED_EDGE('',*,*,#5467,.F.);
#5467 = EDGE_CURVE('',#5468,#1876,#5470,.T.);
#5468 = VERTEX_POINT('',#5469);
#5469 = CARTESIAN_POINT('',(-0.45,-2.09,2.29));
#5470 = SURFACE_CURVE('',#5471,(#5475,#5482),.PCURVE_S1.);
#5471 = LINE('',#5472,#5473);
#5472 = CARTESIAN_POINT('',(-0.45,-2.09,2.29));
#5473 = VECTOR('',#5474,1.);
#5474 = DIRECTION('',(0.,0.,1.));
#5475 = PCURVE('',#1919,#5476);
#5476 = DEFINITIONAL_REPRESENTATION('',(#5477),#5481);
#5477 = LINE('',#5478,#5479);
#5478 = CARTESIAN_POINT('',(0.9,0.));
#5479 = VECTOR('',#5480,1.);
#5480 = DIRECTION('',(0.,-1.));
#5481 = ( GEOMETRIC_REPRESENTATION_CONTEXT(2) 
PARAMETRIC_REPRESENTATION_CONTEXT() REPRESENTATION_CONTEXT('2D SPACE',''
  ) );
#5482 = PCURVE('',#1891,#5483);
#5483 = DEFINITIONAL_REPRESENTATION('',(#5484),#5488);
#5484 = LINE('',#5485,#5486);
#5485 = CARTESIAN_POINT('',(0.,0.));
#5486 = VECTOR('',#5487,1.);
#5487 = DIRECTION('',(0.,-1.));
#5488 = ( GEOMETRIC_REPRESENTATION_CONTEXT(2) 
PARAMETRIC_REPRESENTATION_CONTEXT() REPRESENTATION_CONTEXT('2D SPACE',''
  ) );
#5489 = ORIENTED_EDGE('',*,*,#5490,.F.);
#5490 = EDGE_CURVE('',#5419,#5468,#5491,.T.);
#5491 = SURFACE_CURVE('',#5492,(#5496,#5503),.PCURVE_S1.);
#5492 = LINE('',#5493,#5494);
#5493 = CARTESIAN_POINT('',(0.45,-2.09,2.29));
#5494 = VECTOR('',#5495,1.);
#5495 = DIRECTION('',(-1.,0.,0.));
#5496 = PCURVE('',#1919,#5497);
#5497 = DEFINITIONAL_REPRESENTATION('',(#5498),#5502);
#5498 = LINE('',#5499,#5500);
#5499 = CARTESIAN_POINT('',(0.,-0.));
#5500 = VECTOR('',#5501,1.);
#5501 = DIRECTION('',(1.,0.));
#5502 = ( GEOMETRIC_REPRESENTATION_CONTEXT(2) 
PARAMETRIC_REPRESENTATION_CONTEXT() REPRESENTATION_CONTEXT('2D SPACE',''
  ) );
#5503 = PCURVE('',#5401,#5504);
#5504 = DEFINITIONAL_REPRESENTATION('',(#5505),#5509);
#5505 = LINE('',#5506,#5507);
#5506 = CARTESIAN_POINT('',(0.45,-2.09));
#5507 = VECTOR('',#5508,1.);
#5508 = DIRECTION('',(-1.,0.));
#5509 = ( GEOMETRIC_REPRESENTATION_CONTEXT(2) 
PARAMETRIC_REPRESENTATION_CONTEXT() REPRESENTATION_CONTEXT('2D SPACE',''
  ) );
#5510 = ADVANCED_FACE('',(#5511),#1891,.T.);
#5511 = FACE_BOUND('',#5512,.T.);
#5512 = EDGE_LOOP('',(#5513,#5514,#5515,#5516));
#5513 = ORIENTED_EDGE('',*,*,#5467,.T.);
#5514 = ORIENTED_EDGE('',*,*,#1875,.T.);
#5515 = ORIENTED_EDGE('',*,*,#5340,.F.);
#5516 = ORIENTED_EDGE('',*,*,#5517,.F.);
#5517 = EDGE_CURVE('',#5468,#5341,#5518,.T.);
#5518 = SURFACE_CURVE('',#5519,(#5523,#5530),.PCURVE_S1.);
#5519 = LINE('',#5520,#5521);
#5520 = CARTESIAN_POINT('',(-0.45,-2.09,2.29));
#5521 = VECTOR('',#5522,1.);
#5522 = DIRECTION('',(0.,-1.,0.));
#5523 = PCURVE('',#1891,#5524);
#5524 = DEFINITIONAL_REPRESENTATION('',(#5525),#5529);
#5525 = LINE('',#5526,#5527);
#5526 = CARTESIAN_POINT('',(0.,0.));
#5527 = VECTOR('',#5528,1.);
#5528 = DIRECTION('',(1.,0.));
#5529 = ( GEOMETRIC_REPRESENTATION_CONTEXT(2) 
PARAMETRIC_REPRESENTATION_CONTEXT() REPRESENTATION_CONTEXT('2D SPACE',''
  ) );
#5530 = PCURVE('',#5401,#5531);
#5531 = DEFINITIONAL_REPRESENTATION('',(#5532),#5536);
#5532 = LINE('',#5533,#5534);
#5533 = CARTESIAN_POINT('',(-0.45,-2.09));
#5534 = VECTOR('',#5535,1.);
#5535 = DIRECTION('',(0.,-1.));
#5536 = ( GEOMETRIC_REPRESENTATION_CONTEXT(2) 
PARAMETRIC_REPRESENTATION_CONTEXT() REPRESENTATION_CONTEXT('2D SPACE',''
  ) );
#5537 = ADVANCED_FACE('',(#5538),#1977,.T.);
#5538 = FACE_BOUND('',#5539,.T.);
#5539 = EDGE_LOOP('',(#5540,#5563,#5564,#5587));
#5540 = ORIENTED_EDGE('',*,*,#5541,.T.);
#5541 = EDGE_CURVE('',#5542,#1960,#5544,.T.);
#5542 = VERTEX_POINT('',#5543);
#5543 = CARTESIAN_POINT('',(-0.45,-0.45,2.29));
#5544 = SURFACE_CURVE('',#5545,(#5549,#5556),.PCURVE_S1.);
#5545 = LINE('',#5546,#5547);
#5546 = CARTESIAN_POINT('',(-0.45,-0.45,2.29));
#5547 = VECTOR('',#5548,1.);
#5548 = DIRECTION('',(0.,0.,1.));
#5549 = PCURVE('',#1977,#5550);
#5550 = DEFINITIONAL_REPRESENTATION('',(#5551),#5555);
#5551 = LINE('',#5552,#5553);
#5552 = CARTESIAN_POINT('',(0.,0.));
#5553 = VECTOR('',#5554,1.);
#5554 = DIRECTION('',(0.,-1.));
#5555 = ( GEOMETRIC_REPRESENTATION_CONTEXT(2) 
PARAMETRIC_REPRESENTATION_CONTEXT() REPRESENTATION_CONTEXT('2D SPACE',''
  ) );
#5556 = PCURVE('',#2005,#5557);
#5557 = DEFINITIONAL_REPRESENTATION('',(#5558),#5562);
#5558 = LINE('',#5559,#5560);
#5559 = CARTESIAN_POINT('',(0.9,0.));
#5560 = VECTOR('',#5561,1.);
#5561 = DIRECTION('',(0.,-1.));
#5562 = ( GEOMETRIC_REPRESENTATION_CONTEXT(2) 
PARAMETRIC_REPRESENTATION_CONTEXT() REPRESENTATION_CONTEXT('2D SPACE',''
  ) );
#5563 = ORIENTED_EDGE('',*,*,#1959,.T.);
#5564 = ORIENTED_EDGE('',*,*,#5565,.F.);
#5565 = EDGE_CURVE('',#5566,#1962,#5568,.T.);
#5566 = VERTEX_POINT('',#5567);
#5567 = CARTESIAN_POINT('',(0.45,-0.45,2.29));
#5568 = SURFACE_CURVE('',#5569,(#5573,#5580),.PCURVE_S1.);
#5569 = LINE('',#5570,#5571);
#5570 = CARTESIAN_POINT('',(0.45,-0.45,2.29));
#5571 = VECTOR('',#5572,1.);
#5572 = DIRECTION('',(0.,0.,1.));
#5573 = PCURVE('',#1977,#5574);
#5574 = DEFINITIONAL_REPRESENTATION('',(#5575),#5579);
#5575 = LINE('',#5576,#5577);
#5576 = CARTESIAN_POINT('',(0.9,0.));
#5577 = VECTOR('',#5578,1.);
#5578 = DIRECTION('',(0.,-1.));
#5579 = ( GEOMETRIC_REPRESENTATION_CONTEXT(2) 
PARAMETRIC_REPRESENTATION_CONTEXT() REPRESENTATION_CONTEXT('2D SPACE',''
  ) );
#5580 = PCURVE('',#2059,#5581);
#5581 = DEFINITIONAL_REPRESENTATION('',(#5582),#5586);
#5582 = LINE('',#5583,#5584);
#5583 = CARTESIAN_POINT('',(0.,0.));
#5584 = VECTOR('',#5585,1.);
#5585 = DIRECTION('',(0.,-1.));
#5586 = ( GEOMETRIC_REPRESENTATION_CONTEXT(2) 
PARAMETRIC_REPRESENTATION_CONTEXT() REPRESENTATION_CONTEXT('2D SPACE',''
  ) );
#5587 = ORIENTED_EDGE('',*,*,#5588,.F.);
#5588 = EDGE_CURVE('',#5542,#5566,#5589,.T.);
#5589 = SURFACE_CURVE('',#5590,(#5594,#5601),.PCURVE_S1.);
#5590 = LINE('',#5591,#5592);
#5591 = CARTESIAN_POINT('',(-0.45,-0.45,2.29));
#5592 = VECTOR('',#5593,1.);
#5593 = DIRECTION('',(1.,0.,0.));
#5594 = PCURVE('',#1977,#5595);
#5595 = DEFINITIONAL_REPRESENTATION('',(#5596),#5600);
#5596 = LINE('',#5597,#5598);
#5597 = CARTESIAN_POINT('',(0.,0.));
#5598 = VECTOR('',#5599,1.);
#5599 = DIRECTION('',(1.,0.));
#5600 = ( GEOMETRIC_REPRESENTATION_CONTEXT(2) 
PARAMETRIC_REPRESENTATION_CONTEXT() REPRESENTATION_CONTEXT('2D SPACE',''
  ) );
#5601 = PCURVE('',#5602,#5607);
#5602 = PLANE('',#5603);
#5603 = AXIS2_PLACEMENT_3D('',#5604,#5605,#5606);
#5604 = CARTESIAN_POINT('',(0.,0.,2.29));
#5605 = DIRECTION('',(0.,0.,1.));
#5606 = DIRECTION('',(1.,0.,-0.));
#5607 = DEFINITIONAL_REPRESENTATION('',(#5608),#5612);
#5608 = LINE('',#5609,#5610);
#5609 = CARTESIAN_POINT('',(-0.45,-0.45));
#5610 = VECTOR('',#5611,1.);
#5611 = DIRECTION('',(1.,0.));
#5612 = ( GEOMETRIC_REPRESENTATION_CONTEXT(2) 
PARAMETRIC_REPRESENTATION_CONTEXT() REPRESENTATION_CONTEXT('2D SPACE',''
  ) );
#5613 = ADVANCED_FACE('',(#5614),#2059,.T.);
#5614 = FACE_BOUND('',#5615,.T.);
#5615 = EDGE_LOOP('',(#5616,#5617,#5618,#5641));
#5616 = ORIENTED_EDGE('',*,*,#5565,.T.);
#5617 = ORIENTED_EDGE('',*,*,#2045,.T.);
#5618 = ORIENTED_EDGE('',*,*,#5619,.F.);
#5619 = EDGE_CURVE('',#5620,#2018,#5622,.T.);
#5620 = VERTEX_POINT('',#5621);
#5621 = CARTESIAN_POINT('',(0.45,0.45,2.29));
#5622 = SURFACE_CURVE('',#5623,(#5627,#5634),.PCURVE_S1.);
#5623 = LINE('',#5624,#5625);
#5624 = CARTESIAN_POINT('',(0.45,0.45,2.29));
#5625 = VECTOR('',#5626,1.);
#5626 = DIRECTION('',(0.,0.,1.));
#5627 = PCURVE('',#2059,#5628);
#5628 = DEFINITIONAL_REPRESENTATION('',(#5629),#5633);
#5629 = LINE('',#5630,#5631);
#5630 = CARTESIAN_POINT('',(0.9,0.));
#5631 = VECTOR('',#5632,1.);
#5632 = DIRECTION('',(0.,-1.));
#5633 = ( GEOMETRIC_REPRESENTATION_CONTEXT(2) 
PARAMETRIC_REPRESENTATION_CONTEXT() REPRESENTATION_CONTEXT('2D SPACE',''
  ) );
#5634 = PCURVE('',#2033,#5635);
#5635 = DEFINITIONAL_REPRESENTATION('',(#5636),#5640);
#5636 = LINE('',#5637,#5638);
#5637 = CARTESIAN_POINT('',(0.,-0.));
#5638 = VECTOR('',#5639,1.);
#5639 = DIRECTION('',(0.,-1.));
#5640 = ( GEOMETRIC_REPRESENTATION_CONTEXT(2) 
PARAMETRIC_REPRESENTATION_CONTEXT() REPRESENTATION_CONTEXT('2D SPACE',''
  ) );
#5641 = ORIENTED_EDGE('',*,*,#5642,.F.);
#5642 = EDGE_CURVE('',#5566,#5620,#5643,.T.);
#5643 = SURFACE_CURVE('',#5644,(#5648,#5655),.PCURVE_S1.);
#5644 = LINE('',#5645,#5646);
#5645 = CARTESIAN_POINT('',(0.45,-0.45,2.29));
#5646 = VECTOR('',#5647,1.);
#5647 = DIRECTION('',(0.,1.,0.));
#5648 = PCURVE('',#2059,#5649);
#5649 = DEFINITIONAL_REPRESENTATION('',(#5650),#5654);
#5650 = LINE('',#5651,#5652);
#5651 = CARTESIAN_POINT('',(0.,0.));
#5652 = VECTOR('',#5653,1.);
#5653 = DIRECTION('',(1.,0.));
#5654 = ( GEOMETRIC_REPRESENTATION_CONTEXT(2) 
PARAMETRIC_REPRESENTATION_CONTEXT() REPRESENTATION_CONTEXT('2D SPACE',''
  ) );
#5655 = PCURVE('',#5602,#5656);
#5656 = DEFINITIONAL_REPRESENTATION('',(#5657),#5661);
#5657 = LINE('',#5658,#5659);
#5658 = CARTESIAN_POINT('',(0.45,-0.45));
#5659 = VECTOR('',#5660,1.);
#5660 = DIRECTION('',(0.,1.));
#5661 = ( GEOMETRIC_REPRESENTATION_CONTEXT(2) 
PARAMETRIC_REPRESENTATION_CONTEXT() REPRESENTATION_CONTEXT('2D SPACE',''
  ) );
#5662 = ADVANCED_FACE('',(#5663),#2033,.T.);
#5663 = FACE_BOUND('',#5664,.T.);
#5664 = EDGE_LOOP('',(#5665,#5666,#5667,#5690));
#5665 = ORIENTED_EDGE('',*,*,#5619,.T.);
#5666 = ORIENTED_EDGE('',*,*,#2017,.T.);
#5667 = ORIENTED_EDGE('',*,*,#5668,.F.);
#5668 = EDGE_CURVE('',#5669,#1990,#5671,.T.);
#5669 = VERTEX_POINT('',#5670);
#5670 = CARTESIAN_POINT('',(-0.45,0.45,2.29));
#5671 = SURFACE_CURVE('',#5672,(#5676,#5683),.PCURVE_S1.);
#5672 = LINE('',#5673,#5674);
#5673 = CARTESIAN_POINT('',(-0.45,0.45,2.29));
#5674 = VECTOR('',#5675,1.);
#5675 = DIRECTION('',(0.,0.,1.));
#5676 = PCURVE('',#2033,#5677);
#5677 = DEFINITIONAL_REPRESENTATION('',(#5678),#5682);
#5678 = LINE('',#5679,#5680);
#5679 = CARTESIAN_POINT('',(0.9,0.));
#5680 = VECTOR('',#5681,1.);
#5681 = DIRECTION('',(0.,-1.));
#5682 = ( GEOMETRIC_REPRESENTATION_CONTEXT(2) 
PARAMETRIC_REPRESENTATION_CONTEXT() REPRESENTATION_CONTEXT('2D SPACE',''
  ) );
#5683 = PCURVE('',#2005,#5684);
#5684 = DEFINITIONAL_REPRESENTATION('',(#5685),#5689);
#5685 = LINE('',#5686,#5687);
#5686 = CARTESIAN_POINT('',(0.,0.));
#5687 = VECTOR('',#5688,1.);
#5688 = DIRECTION('',(0.,-1.));
#5689 = ( GEOMETRIC_REPRESENTATION_CONTEXT(2) 
PARAMETRIC_REPRESENTATION_CONTEXT() REPRESENTATION_CONTEXT('2D SPACE',''
  ) );
#5690 = ORIENTED_EDGE('',*,*,#5691,.F.);
#5691 = EDGE_CURVE('',#5620,#5669,#5692,.T.);
#5692 = SURFACE_CURVE('',#5693,(#5697,#5704),.PCURVE_S1.);
#5693 = LINE('',#5694,#5695);
#5694 = CARTESIAN_POINT('',(0.45,0.45,2.29));
#5695 = VECTOR('',#5696,1.);
#5696 = DIRECTION('',(-1.,0.,0.));
#5697 = PCURVE('',#2033,#5698);
#5698 = DEFINITIONAL_REPRESENTATION('',(#5699),#5703);
#5699 = LINE('',#5700,#5701);
#5700 = CARTESIAN_POINT('',(0.,-0.));
#5701 = VECTOR('',#5702,1.);
#5702 = DIRECTION('',(1.,0.));
#5703 = ( GEOMETRIC_REPRESENTATION_CONTEXT(2) 
PARAMETRIC_REPRESENTATION_CONTEXT() REPRESENTATION_CONTEXT('2D SPACE',''
  ) );
#5704 = PCURVE('',#5602,#5705);
#5705 = DEFINITIONAL_REPRESENTATION('',(#5706),#5710);
#5706 = LINE('',#5707,#5708);
#5707 = CARTESIAN_POINT('',(0.45,0.45));
#5708 = VECTOR('',#5709,1.);
#5709 = DIRECTION('',(-1.,0.));
#5710 = ( GEOMETRIC_REPRESENTATION_CONTEXT(2) 
PARAMETRIC_REPRESENTATION_CONTEXT() REPRESENTATION_CONTEXT('2D SPACE',''
  ) );
#5711 = ADVANCED_FACE('',(#5712),#2005,.T.);
#5712 = FACE_BOUND('',#5713,.T.);
#5713 = EDGE_LOOP('',(#5714,#5715,#5716,#5717));
#5714 = ORIENTED_EDGE('',*,*,#5668,.T.);
#5715 = ORIENTED_EDGE('',*,*,#1989,.T.);
#5716 = ORIENTED_EDGE('',*,*,#5541,.F.);
#5717 = ORIENTED_EDGE('',*,*,#5718,.F.);
#5718 = EDGE_CURVE('',#5669,#5542,#5719,.T.);
#5719 = SURFACE_CURVE('',#5720,(#5724,#5731),.PCURVE_S1.);
#5720 = LINE('',#5721,#5722);
#5721 = CARTESIAN_POINT('',(-0.45,0.45,2.29));
#5722 = VECTOR('',#5723,1.);
#5723 = DIRECTION('',(0.,-1.,0.));
#5724 = PCURVE('',#2005,#5725);
#5725 = DEFINITIONAL_REPRESENTATION('',(#5726),#5730);
#5726 = LINE('',#5727,#5728);
#5727 = CARTESIAN_POINT('',(0.,0.));
#5728 = VECTOR('',#5729,1.);
#5729 = DIRECTION('',(1.,0.));
#5730 = ( GEOMETRIC_REPRESENTATION_CONTEXT(2) 
PARAMETRIC_REPRESENTATION_CONTEXT() REPRESENTATION_CONTEXT('2D SPACE',''
  ) );
#5731 = PCURVE('',#5602,#5732);
#5732 = DEFINITIONAL_REPRESENTATION('',(#5733),#5737);
#5733 = LINE('',#5734,#5735);
#5734 = CARTESIAN_POINT('',(-0.45,0.45));
#5735 = VECTOR('',#5736,1.);
#5736 = DIRECTION('',(0.,-1.));
#5737 = ( GEOMETRIC_REPRESENTATION_CONTEXT(2) 
PARAMETRIC_REPRESENTATION_CONTEXT() REPRESENTATION_CONTEXT('2D SPACE',''
  ) );
#5738 = ADVANCED_FACE('',(#5739),#2091,.T.);
#5739 = FACE_BOUND('',#5740,.T.);
#5740 = EDGE_LOOP('',(#5741,#5764,#5765,#5788));
#5741 = ORIENTED_EDGE('',*,*,#5742,.T.);
#5742 = EDGE_CURVE('',#5743,#2074,#5745,.T.);
#5743 = VERTEX_POINT('',#5744);
#5744 = CARTESIAN_POINT('',(2.09,-10.61,2.29));
#5745 = SURFACE_CURVE('',#5746,(#5750,#5757),.PCURVE_S1.);
#5746 = LINE('',#5747,#5748);
#5747 = CARTESIAN_POINT('',(2.09,-10.61,2.29));
#5748 = VECTOR('',#5749,1.);
#5749 = DIRECTION('',(0.,0.,1.));
#5750 = PCURVE('',#2091,#5751);
#5751 = DEFINITIONAL_REPRESENTATION('',(#5752),#5756);
#5752 = LINE('',#5753,#5754);
#5753 = CARTESIAN_POINT('',(0.,0.));
#5754 = VECTOR('',#5755,1.);
#5755 = DIRECTION('',(0.,-1.));
#5756 = ( GEOMETRIC_REPRESENTATION_CONTEXT(2) 
PARAMETRIC_REPRESENTATION_CONTEXT() REPRESENTATION_CONTEXT('2D SPACE',''
  ) );
#5757 = PCURVE('',#2119,#5758);
#5758 = DEFINITIONAL_REPRESENTATION('',(#5759),#5763);
#5759 = LINE('',#5760,#5761);
#5760 = CARTESIAN_POINT('',(0.9,0.));
#5761 = VECTOR('',#5762,1.);
#5762 = DIRECTION('',(0.,-1.));
#5763 = ( GEOMETRIC_REPRESENTATION_CONTEXT(2) 
PARAMETRIC_REPRESENTATION_CONTEXT() REPRESENTATION_CONTEXT('2D SPACE',''
  ) );
#5764 = ORIENTED_EDGE('',*,*,#2073,.T.);
#5765 = ORIENTED_EDGE('',*,*,#5766,.F.);
#5766 = EDGE_CURVE('',#5767,#2076,#5769,.T.);
#5767 = VERTEX_POINT('',#5768);
#5768 = CARTESIAN_POINT('',(2.99,-10.61,2.29));
#5769 = SURFACE_CURVE('',#5770,(#5774,#5781),.PCURVE_S1.);
#5770 = LINE('',#5771,#5772);
#5771 = CARTESIAN_POINT('',(2.99,-10.61,2.29));
#5772 = VECTOR('',#5773,1.);
#5773 = DIRECTION('',(0.,0.,1.));
#5774 = PCURVE('',#2091,#5775);
#5775 = DEFINITIONAL_REPRESENTATION('',(#5776),#5780);
#5776 = LINE('',#5777,#5778);
#5777 = CARTESIAN_POINT('',(0.9,0.));
#5778 = VECTOR('',#5779,1.);
#5779 = DIRECTION('',(0.,-1.));
#5780 = ( GEOMETRIC_REPRESENTATION_CONTEXT(2) 
PARAMETRIC_REPRESENTATION_CONTEXT() REPRESENTATION_CONTEXT('2D SPACE',''
  ) );
#5781 = PCURVE('',#2173,#5782);
#5782 = DEFINITIONAL_REPRESENTATION('',(#5783),#5787);
#5783 = LINE('',#5784,#5785);
#5784 = CARTESIAN_POINT('',(0.,0.));
#5785 = VECTOR('',#5786,1.);
#5786 = DIRECTION('',(0.,-1.));
#5787 = ( GEOMETRIC_REPRESENTATION_CONTEXT(2) 
PARAMETRIC_REPRESENTATION_CONTEXT() REPRESENTATION_CONTEXT('2D SPACE',''
  ) );
#5788 = ORIENTED_EDGE('',*,*,#5789,.F.);
#5789 = EDGE_CURVE('',#5743,#5767,#5790,.T.);
#5790 = SURFACE_CURVE('',#5791,(#5795,#5802),.PCURVE_S1.);
#5791 = LINE('',#5792,#5793);
#5792 = CARTESIAN_POINT('',(2.09,-10.61,2.29));
#5793 = VECTOR('',#5794,1.);
#5794 = DIRECTION('',(1.,0.,0.));
#5795 = PCURVE('',#2091,#5796);
#5796 = DEFINITIONAL_REPRESENTATION('',(#5797),#5801);
#5797 = LINE('',#5798,#5799);
#5798 = CARTESIAN_POINT('',(0.,0.));
#5799 = VECTOR('',#5800,1.);
#5800 = DIRECTION('',(1.,0.));
#5801 = ( GEOMETRIC_REPRESENTATION_CONTEXT(2) 
PARAMETRIC_REPRESENTATION_CONTEXT() REPRESENTATION_CONTEXT('2D SPACE',''
  ) );
#5802 = PCURVE('',#5803,#5808);
#5803 = PLANE('',#5804);
#5804 = AXIS2_PLACEMENT_3D('',#5805,#5806,#5807);
#5805 = CARTESIAN_POINT('',(0.,0.,2.29));
#5806 = DIRECTION('',(0.,0.,1.));
#5807 = DIRECTION('',(1.,0.,-0.));
#5808 = DEFINITIONAL_REPRESENTATION('',(#5809),#5813);
#5809 = LINE('',#5810,#5811);
#5810 = CARTESIAN_POINT('',(2.09,-10.61));
#5811 = VECTOR('',#5812,1.);
#5812 = DIRECTION('',(1.,0.));
#5813 = ( GEOMETRIC_REPRESENTATION_CONTEXT(2) 
PARAMETRIC_REPRESENTATION_CONTEXT() REPRESENTATION_CONTEXT('2D SPACE',''
  ) );
#5814 = ADVANCED_FACE('',(#5815),#2173,.T.);
#5815 = FACE_BOUND('',#5816,.T.);
#5816 = EDGE_LOOP('',(#5817,#5818,#5819,#5842));
#5817 = ORIENTED_EDGE('',*,*,#5766,.T.);
#5818 = ORIENTED_EDGE('',*,*,#2159,.T.);
#5819 = ORIENTED_EDGE('',*,*,#5820,.F.);
#5820 = EDGE_CURVE('',#5821,#2132,#5823,.T.);
#5821 = VERTEX_POINT('',#5822);
#5822 = CARTESIAN_POINT('',(2.99,-9.71,2.29));
#5823 = SURFACE_CURVE('',#5824,(#5828,#5835),.PCURVE_S1.);
#5824 = LINE('',#5825,#5826);
#5825 = CARTESIAN_POINT('',(2.99,-9.71,2.29));
#5826 = VECTOR('',#5827,1.);
#5827 = DIRECTION('',(0.,0.,1.));
#5828 = PCURVE('',#2173,#5829);
#5829 = DEFINITIONAL_REPRESENTATION('',(#5830),#5834);
#5830 = LINE('',#5831,#5832);
#5831 = CARTESIAN_POINT('',(0.9,0.));
#5832 = VECTOR('',#5833,1.);
#5833 = DIRECTION('',(0.,-1.));
#5834 = ( GEOMETRIC_REPRESENTATION_CONTEXT(2) 
PARAMETRIC_REPRESENTATION_CONTEXT() REPRESENTATION_CONTEXT('2D SPACE',''
  ) );
#5835 = PCURVE('',#2147,#5836);
#5836 = DEFINITIONAL_REPRESENTATION('',(#5837),#5841);
#5837 = LINE('',#5838,#5839);
#5838 = CARTESIAN_POINT('',(0.,-0.));
#5839 = VECTOR('',#5840,1.);
#5840 = DIRECTION('',(0.,-1.));
#5841 = ( GEOMETRIC_REPRESENTATION_CONTEXT(2) 
PARAMETRIC_REPRESENTATION_CONTEXT() REPRESENTATION_CONTEXT('2D SPACE',''
  ) );
#5842 = ORIENTED_EDGE('',*,*,#5843,.F.);
#5843 = EDGE_CURVE('',#5767,#5821,#5844,.T.);
#5844 = SURFACE_CURVE('',#5845,(#5849,#5856),.PCURVE_S1.);
#5845 = LINE('',#5846,#5847);
#5846 = CARTESIAN_POINT('',(2.99,-10.61,2.29));
#5847 = VECTOR('',#5848,1.);
#5848 = DIRECTION('',(0.,1.,0.));
#5849 = PCURVE('',#2173,#5850);
#5850 = DEFINITIONAL_REPRESENTATION('',(#5851),#5855);
#5851 = LINE('',#5852,#5853);
#5852 = CARTESIAN_POINT('',(0.,0.));
#5853 = VECTOR('',#5854,1.);
#5854 = DIRECTION('',(1.,0.));
#5855 = ( GEOMETRIC_REPRESENTATION_CONTEXT(2) 
PARAMETRIC_REPRESENTATION_CONTEXT() REPRESENTATION_CONTEXT('2D SPACE',''
  ) );
#5856 = PCURVE('',#5803,#5857);
#5857 = DEFINITIONAL_REPRESENTATION('',(#5858),#5862);
#5858 = LINE('',#5859,#5860);
#5859 = CARTESIAN_POINT('',(2.99,-10.61));
#5860 = VECTOR('',#5861,1.);
#5861 = DIRECTION('',(0.,1.));
#5862 = ( GEOMETRIC_REPRESENTATION_CONTEXT(2) 
PARAMETRIC_REPRESENTATION_CONTEXT() REPRESENTATION_CONTEXT('2D SPACE',''
  ) );
#5863 = ADVANCED_FACE('',(#5864),#2147,.T.);
#5864 = FACE_BOUND('',#5865,.T.);
#5865 = EDGE_LOOP('',(#5866,#5867,#5868,#5891));
#5866 = ORIENTED_EDGE('',*,*,#5820,.T.);
#5867 = ORIENTED_EDGE('',*,*,#2131,.T.);
#5868 = ORIENTED_EDGE('',*,*,#5869,.F.);
#5869 = EDGE_CURVE('',#5870,#2104,#5872,.T.);
#5870 = VERTEX_POINT('',#5871);
#5871 = CARTESIAN_POINT('',(2.09,-9.71,2.29));
#5872 = SURFACE_CURVE('',#5873,(#5877,#5884),.PCURVE_S1.);
#5873 = LINE('',#5874,#5875);
#5874 = CARTESIAN_POINT('',(2.09,-9.71,2.29));
#5875 = VECTOR('',#5876,1.);
#5876 = DIRECTION('',(0.,0.,1.));
#5877 = PCURVE('',#2147,#5878);
#5878 = DEFINITIONAL_REPRESENTATION('',(#5879),#5883);
#5879 = LINE('',#5880,#5881);
#5880 = CARTESIAN_POINT('',(0.9,0.));
#5881 = VECTOR('',#5882,1.);
#5882 = DIRECTION('',(0.,-1.));
#5883 = ( GEOMETRIC_REPRESENTATION_CONTEXT(2) 
PARAMETRIC_REPRESENTATION_CONTEXT() REPRESENTATION_CONTEXT('2D SPACE',''
  ) );
#5884 = PCURVE('',#2119,#5885);
#5885 = DEFINITIONAL_REPRESENTATION('',(#5886),#5890);
#5886 = LINE('',#5887,#5888);
#5887 = CARTESIAN_POINT('',(0.,0.));
#5888 = VECTOR('',#5889,1.);
#5889 = DIRECTION('',(0.,-1.));
#5890 = ( GEOMETRIC_REPRESENTATION_CONTEXT(2) 
PARAMETRIC_REPRESENTATION_CONTEXT() REPRESENTATION_CONTEXT('2D SPACE',''
  ) );
#5891 = ORIENTED_EDGE('',*,*,#5892,.F.);
#5892 = EDGE_CURVE('',#5821,#5870,#5893,.T.);
#5893 = SURFACE_CURVE('',#5894,(#5898,#5905),.PCURVE_S1.);
#5894 = LINE('',#5895,#5896);
#5895 = CARTESIAN_POINT('',(2.99,-9.71,2.29));
#5896 = VECTOR('',#5897,1.);
#5897 = DIRECTION('',(-1.,0.,0.));
#5898 = PCURVE('',#2147,#5899);
#5899 = DEFINITIONAL_REPRESENTATION('',(#5900),#5904);
#5900 = LINE('',#5901,#5902);
#5901 = CARTESIAN_POINT('',(0.,-0.));
#5902 = VECTOR('',#5903,1.);
#5903 = DIRECTION('',(1.,0.));
#5904 = ( GEOMETRIC_REPRESENTATION_CONTEXT(2) 
PARAMETRIC_REPRESENTATION_CONTEXT() REPRESENTATION_CONTEXT('2D SPACE',''
  ) );
#5905 = PCURVE('',#5803,#5906);
#5906 = DEFINITIONAL_REPRESENTATION('',(#5907),#5911);
#5907 = LINE('',#5908,#5909);
#5908 = CARTESIAN_POINT('',(2.99,-9.71));
#5909 = VECTOR('',#5910,1.);
#5910 = DIRECTION('',(-1.,0.));
#5911 = ( GEOMETRIC_REPRESENTATION_CONTEXT(2) 
PARAMETRIC_REPRESENTATION_CONTEXT() REPRESENTATION_CONTEXT('2D SPACE',''
  ) );
#5912 = ADVANCED_FACE('',(#5913),#2119,.T.);
#5913 = FACE_BOUND('',#5914,.T.);
#5914 = EDGE_LOOP('',(#5915,#5916,#5917,#5918));
#5915 = ORIENTED_EDGE('',*,*,#5869,.T.);
#5916 = ORIENTED_EDGE('',*,*,#2103,.T.);
#5917 = ORIENTED_EDGE('',*,*,#5742,.F.);
#5918 = ORIENTED_EDGE('',*,*,#5919,.F.);
#5919 = EDGE_CURVE('',#5870,#5743,#5920,.T.);
#5920 = SURFACE_CURVE('',#5921,(#5925,#5932),.PCURVE_S1.);
#5921 = LINE('',#5922,#5923);
#5922 = CARTESIAN_POINT('',(2.09,-9.71,2.29));
#5923 = VECTOR('',#5924,1.);
#5924 = DIRECTION('',(0.,-1.,0.));
#5925 = PCURVE('',#2119,#5926);
#5926 = DEFINITIONAL_REPRESENTATION('',(#5927),#5931);
#5927 = LINE('',#5928,#5929);
#5928 = CARTESIAN_POINT('',(0.,0.));
#5929 = VECTOR('',#5930,1.);
#5930 = DIRECTION('',(1.,0.));
#5931 = ( GEOMETRIC_REPRESENTATION_CONTEXT(2) 
PARAMETRIC_REPRESENTATION_CONTEXT() REPRESENTATION_CONTEXT('2D SPACE',''
  ) );
#5932 = PCURVE('',#5803,#5933);
#5933 = DEFINITIONAL_REPRESENTATION('',(#5934),#5938);
#5934 = LINE('',#5935,#5936);
#5935 = CARTESIAN_POINT('',(2.09,-9.71));
#5936 = VECTOR('',#5937,1.);
#5937 = DIRECTION('',(0.,-1.));
#5938 = ( GEOMETRIC_REPRESENTATION_CONTEXT(2) 
PARAMETRIC_REPRESENTATION_CONTEXT() REPRESENTATION_CONTEXT('2D SPACE',''
  ) );
#5939 = ADVANCED_FACE('',(#5940),#2205,.T.);
#5940 = FACE_BOUND('',#5941,.T.);
#5941 = EDGE_LOOP('',(#5942,#5965,#5966,#5989));
#5942 = ORIENTED_EDGE('',*,*,#5943,.T.);
#5943 = EDGE_CURVE('',#5944,#2188,#5946,.T.);
#5944 = VERTEX_POINT('',#5945);
#5945 = CARTESIAN_POINT('',(2.09,-8.07,2.29));
#5946 = SURFACE_CURVE('',#5947,(#5951,#5958),.PCURVE_S1.);
#5947 = LINE('',#5948,#5949);
#5948 = CARTESIAN_POINT('',(2.09,-8.07,2.29));
#5949 = VECTOR('',#5950,1.);
#5950 = DIRECTION('',(0.,0.,1.));
#5951 = PCURVE('',#2205,#5952);
#5952 = DEFINITIONAL_REPRESENTATION('',(#5953),#5957);
#5953 = LINE('',#5954,#5955);
#5954 = CARTESIAN_POINT('',(0.,0.));
#5955 = VECTOR('',#5956,1.);
#5956 = DIRECTION('',(0.,-1.));
#5957 = ( GEOMETRIC_REPRESENTATION_CONTEXT(2) 
PARAMETRIC_REPRESENTATION_CONTEXT() REPRESENTATION_CONTEXT('2D SPACE',''
  ) );
#5958 = PCURVE('',#2233,#5959);
#5959 = DEFINITIONAL_REPRESENTATION('',(#5960),#5964);
#5960 = LINE('',#5961,#5962);
#5961 = CARTESIAN_POINT('',(0.9,0.));
#5962 = VECTOR('',#5963,1.);
#5963 = DIRECTION('',(0.,-1.));
#5964 = ( GEOMETRIC_REPRESENTATION_CONTEXT(2) 
PARAMETRIC_REPRESENTATION_CONTEXT() REPRESENTATION_CONTEXT('2D SPACE',''
  ) );
#5965 = ORIENTED_EDGE('',*,*,#2187,.T.);
#5966 = ORIENTED_EDGE('',*,*,#5967,.F.);
#5967 = EDGE_CURVE('',#5968,#2190,#5970,.T.);
#5968 = VERTEX_POINT('',#5969);
#5969 = CARTESIAN_POINT('',(2.99,-8.07,2.29));
#5970 = SURFACE_CURVE('',#5971,(#5975,#5982),.PCURVE_S1.);
#5971 = LINE('',#5972,#5973);
#5972 = CARTESIAN_POINT('',(2.99,-8.07,2.29));
#5973 = VECTOR('',#5974,1.);
#5974 = DIRECTION('',(0.,0.,1.));
#5975 = PCURVE('',#2205,#5976);
#5976 = DEFINITIONAL_REPRESENTATION('',(#5977),#5981);
#5977 = LINE('',#5978,#5979);
#5978 = CARTESIAN_POINT('',(0.9,0.));
#5979 = VECTOR('',#5980,1.);
#5980 = DIRECTION('',(0.,-1.));
#5981 = ( GEOMETRIC_REPRESENTATION_CONTEXT(2) 
PARAMETRIC_REPRESENTATION_CONTEXT() REPRESENTATION_CONTEXT('2D SPACE',''
  ) );
#5982 = PCURVE('',#2287,#5983);
#5983 = DEFINITIONAL_REPRESENTATION('',(#5984),#5988);
#5984 = LINE('',#5985,#5986);
#5985 = CARTESIAN_POINT('',(0.,0.));
#5986 = VECTOR('',#5987,1.);
#5987 = DIRECTION('',(0.,-1.));
#5988 = ( GEOMETRIC_REPRESENTATION_CONTEXT(2) 
PARAMETRIC_REPRESENTATION_CONTEXT() REPRESENTATION_CONTEXT('2D SPACE',''
  ) );
#5989 = ORIENTED_EDGE('',*,*,#5990,.F.);
#5990 = EDGE_CURVE('',#5944,#5968,#5991,.T.);
#5991 = SURFACE_CURVE('',#5992,(#5996,#6003),.PCURVE_S1.);
#5992 = LINE('',#5993,#5994);
#5993 = CARTESIAN_POINT('',(2.09,-8.07,2.29));
#5994 = VECTOR('',#5995,1.);
#5995 = DIRECTION('',(1.,0.,0.));
#5996 = PCURVE('',#2205,#5997);
#5997 = DEFINITIONAL_REPRESENTATION('',(#5998),#6002);
#5998 = LINE('',#5999,#6000);
#5999 = CARTESIAN_POINT('',(0.,0.));
#6000 = VECTOR('',#6001,1.);
#6001 = DIRECTION('',(1.,0.));
#6002 = ( GEOMETRIC_REPRESENTATION_CONTEXT(2) 
PARAMETRIC_REPRESENTATION_CONTEXT() REPRESENTATION_CONTEXT('2D SPACE',''
  ) );
#6003 = PCURVE('',#6004,#6009);
#6004 = PLANE('',#6005);
#6005 = AXIS2_PLACEMENT_3D('',#6006,#6007,#6008);
#6006 = CARTESIAN_POINT('',(0.,0.,2.29));
#6007 = DIRECTION('',(0.,0.,1.));
#6008 = DIRECTION('',(1.,0.,-0.));
#6009 = DEFINITIONAL_REPRESENTATION('',(#6010),#6014);
#6010 = LINE('',#6011,#6012);
#6011 = CARTESIAN_POINT('',(2.09,-8.07));
#6012 = VECTOR('',#6013,1.);
#6013 = DIRECTION('',(1.,0.));
#6014 = ( GEOMETRIC_REPRESENTATION_CONTEXT(2) 
PARAMETRIC_REPRESENTATION_CONTEXT() REPRESENTATION_CONTEXT('2D SPACE',''
  ) );
#6015 = ADVANCED_FACE('',(#6016),#2287,.T.);
#6016 = FACE_BOUND('',#6017,.T.);
#6017 = EDGE_LOOP('',(#6018,#6019,#6020,#6043));
#6018 = ORIENTED_EDGE('',*,*,#5967,.T.);
#6019 = ORIENTED_EDGE('',*,*,#2273,.T.);
#6020 = ORIENTED_EDGE('',*,*,#6021,.F.);
#6021 = EDGE_CURVE('',#6022,#2246,#6024,.T.);
#6022 = VERTEX_POINT('',#6023);
#6023 = CARTESIAN_POINT('',(2.99,-7.17,2.29));
#6024 = SURFACE_CURVE('',#6025,(#6029,#6036),.PCURVE_S1.);
#6025 = LINE('',#6026,#6027);
#6026 = CARTESIAN_POINT('',(2.99,-7.17,2.29));
#6027 = VECTOR('',#6028,1.);
#6028 = DIRECTION('',(0.,0.,1.));
#6029 = PCURVE('',#2287,#6030);
#6030 = DEFINITIONAL_REPRESENTATION('',(#6031),#6035);
#6031 = LINE('',#6032,#6033);
#6032 = CARTESIAN_POINT('',(0.9,0.));
#6033 = VECTOR('',#6034,1.);
#6034 = DIRECTION('',(0.,-1.));
#6035 = ( GEOMETRIC_REPRESENTATION_CONTEXT(2) 
PARAMETRIC_REPRESENTATION_CONTEXT() REPRESENTATION_CONTEXT('2D SPACE',''
  ) );
#6036 = PCURVE('',#2261,#6037);
#6037 = DEFINITIONAL_REPRESENTATION('',(#6038),#6042);
#6038 = LINE('',#6039,#6040);
#6039 = CARTESIAN_POINT('',(0.,-0.));
#6040 = VECTOR('',#6041,1.);
#6041 = DIRECTION('',(0.,-1.));
#6042 = ( GEOMETRIC_REPRESENTATION_CONTEXT(2) 
PARAMETRIC_REPRESENTATION_CONTEXT() REPRESENTATION_CONTEXT('2D SPACE',''
  ) );
#6043 = ORIENTED_EDGE('',*,*,#6044,.F.);
#6044 = EDGE_CURVE('',#5968,#6022,#6045,.T.);
#6045 = SURFACE_CURVE('',#6046,(#6050,#6057),.PCURVE_S1.);
#6046 = LINE('',#6047,#6048);
#6047 = CARTESIAN_POINT('',(2.99,-8.07,2.29));
#6048 = VECTOR('',#6049,1.);
#6049 = DIRECTION('',(0.,1.,0.));
#6050 = PCURVE('',#2287,#6051);
#6051 = DEFINITIONAL_REPRESENTATION('',(#6052),#6056);
#6052 = LINE('',#6053,#6054);
#6053 = CARTESIAN_POINT('',(0.,0.));
#6054 = VECTOR('',#6055,1.);
#6055 = DIRECTION('',(1.,0.));
#6056 = ( GEOMETRIC_REPRESENTATION_CONTEXT(2) 
PARAMETRIC_REPRESENTATION_CONTEXT() REPRESENTATION_CONTEXT('2D SPACE',''
  ) );
#6057 = PCURVE('',#6004,#6058);
#6058 = DEFINITIONAL_REPRESENTATION('',(#6059),#6063);
#6059 = LINE('',#6060,#6061);
#6060 = CARTESIAN_POINT('',(2.99,-8.07));
#6061 = VECTOR('',#6062,1.);
#6062 = DIRECTION('',(0.,1.));
#6063 = ( GEOMETRIC_REPRESENTATION_CONTEXT(2) 
PARAMETRIC_REPRESENTATION_CONTEXT() REPRESENTATION_CONTEXT('2D SPACE',''
  ) );
#6064 = ADVANCED_FACE('',(#6065),#2261,.T.);
#6065 = FACE_BOUND('',#6066,.T.);
#6066 = EDGE_LOOP('',(#6067,#6068,#6069,#6092));
#6067 = ORIENTED_EDGE('',*,*,#6021,.T.);
#6068 = ORIENTED_EDGE('',*,*,#2245,.T.);
#6069 = ORIENTED_EDGE('',*,*,#6070,.F.);
#6070 = EDGE_CURVE('',#6071,#2218,#6073,.T.);
#6071 = VERTEX_POINT('',#6072);
#6072 = CARTESIAN_POINT('',(2.09,-7.17,2.29));
#6073 = SURFACE_CURVE('',#6074,(#6078,#6085),.PCURVE_S1.);
#6074 = LINE('',#6075,#6076);
#6075 = CARTESIAN_POINT('',(2.09,-7.17,2.29));
#6076 = VECTOR('',#6077,1.);
#6077 = DIRECTION('',(0.,0.,1.));
#6078 = PCURVE('',#2261,#6079);
#6079 = DEFINITIONAL_REPRESENTATION('',(#6080),#6084);
#6080 = LINE('',#6081,#6082);
#6081 = CARTESIAN_POINT('',(0.9,0.));
#6082 = VECTOR('',#6083,1.);
#6083 = DIRECTION('',(0.,-1.));
#6084 = ( GEOMETRIC_REPRESENTATION_CONTEXT(2) 
PARAMETRIC_REPRESENTATION_CONTEXT() REPRESENTATION_CONTEXT('2D SPACE',''
  ) );
#6085 = PCURVE('',#2233,#6086);
#6086 = DEFINITIONAL_REPRESENTATION('',(#6087),#6091);
#6087 = LINE('',#6088,#6089);
#6088 = CARTESIAN_POINT('',(0.,0.));
#6089 = VECTOR('',#6090,1.);
#6090 = DIRECTION('',(0.,-1.));
#6091 = ( GEOMETRIC_REPRESENTATION_CONTEXT(2) 
PARAMETRIC_REPRESENTATION_CONTEXT() REPRESENTATION_CONTEXT('2D SPACE',''
  ) );
#6092 = ORIENTED_EDGE('',*,*,#6093,.F.);
#6093 = EDGE_CURVE('',#6022,#6071,#6094,.T.);
#6094 = SURFACE_CURVE('',#6095,(#6099,#6106),.PCURVE_S1.);
#6095 = LINE('',#6096,#6097);
#6096 = CARTESIAN_POINT('',(2.99,-7.17,2.29));
#6097 = VECTOR('',#6098,1.);
#6098 = DIRECTION('',(-1.,0.,0.));
#6099 = PCURVE('',#2261,#6100);
#6100 = DEFINITIONAL_REPRESENTATION('',(#6101),#6105);
#6101 = LINE('',#6102,#6103);
#6102 = CARTESIAN_POINT('',(0.,-0.));
#6103 = VECTOR('',#6104,1.);
#6104 = DIRECTION('',(1.,0.));
#6105 = ( GEOMETRIC_REPRESENTATION_CONTEXT(2) 
PARAMETRIC_REPRESENTATION_CONTEXT() REPRESENTATION_CONTEXT('2D SPACE',''
  ) );
#6106 = PCURVE('',#6004,#6107);
#6107 = DEFINITIONAL_REPRESENTATION('',(#6108),#6112);
#6108 = LINE('',#6109,#6110);
#6109 = CARTESIAN_POINT('',(2.99,-7.17));
#6110 = VECTOR('',#6111,1.);
#6111 = DIRECTION('',(-1.,0.));
#6112 = ( GEOMETRIC_REPRESENTATION_CONTEXT(2) 
PARAMETRIC_REPRESENTATION_CONTEXT() REPRESENTATION_CONTEXT('2D SPACE',''
  ) );
#6113 = ADVANCED_FACE('',(#6114),#2233,.T.);
#6114 = FACE_BOUND('',#6115,.T.);
#6115 = EDGE_LOOP('',(#6116,#6117,#6118,#6119));
#6116 = ORIENTED_EDGE('',*,*,#6070,.T.);
#6117 = ORIENTED_EDGE('',*,*,#2217,.T.);
#6118 = ORIENTED_EDGE('',*,*,#5943,.F.);
#6119 = ORIENTED_EDGE('',*,*,#6120,.F.);
#6120 = EDGE_CURVE('',#6071,#5944,#6121,.T.);
#6121 = SURFACE_CURVE('',#6122,(#6126,#6133),.PCURVE_S1.);
#6122 = LINE('',#6123,#6124);
#6123 = CARTESIAN_POINT('',(2.09,-7.17,2.29));
#6124 = VECTOR('',#6125,1.);
#6125 = DIRECTION('',(0.,-1.,0.));
#6126 = PCURVE('',#2233,#6127);
#6127 = DEFINITIONAL_REPRESENTATION('',(#6128),#6132);
#6128 = LINE('',#6129,#6130);
#6129 = CARTESIAN_POINT('',(0.,0.));
#6130 = VECTOR('',#6131,1.);
#6131 = DIRECTION('',(1.,0.));
#6132 = ( GEOMETRIC_REPRESENTATION_CONTEXT(2) 
PARAMETRIC_REPRESENTATION_CONTEXT() REPRESENTATION_CONTEXT('2D SPACE',''
  ) );
#6133 = PCURVE('',#6004,#6134);
#6134 = DEFINITIONAL_REPRESENTATION('',(#6135),#6139);
#6135 = LINE('',#6136,#6137);
#6136 = CARTESIAN_POINT('',(2.09,-7.17));
#6137 = VECTOR('',#6138,1.);
#6138 = DIRECTION('',(0.,-1.));
#6139 = ( GEOMETRIC_REPRESENTATION_CONTEXT(2) 
PARAMETRIC_REPRESENTATION_CONTEXT() REPRESENTATION_CONTEXT('2D SPACE',''
  ) );
#6140 = ADVANCED_FACE('',(#6141),#2319,.T.);
#6141 = FACE_BOUND('',#6142,.T.);
#6142 = EDGE_LOOP('',(#6143,#6166,#6167,#6190));
#6143 = ORIENTED_EDGE('',*,*,#6144,.T.);
#6144 = EDGE_CURVE('',#6145,#2302,#6147,.T.);
#6145 = VERTEX_POINT('',#6146);
#6146 = CARTESIAN_POINT('',(2.09,-5.53,2.29));
#6147 = SURFACE_CURVE('',#6148,(#6152,#6159),.PCURVE_S1.);
#6148 = LINE('',#6149,#6150);
#6149 = CARTESIAN_POINT('',(2.09,-5.53,2.29));
#6150 = VECTOR('',#6151,1.);
#6151 = DIRECTION('',(0.,0.,1.));
#6152 = PCURVE('',#2319,#6153);
#6153 = DEFINITIONAL_REPRESENTATION('',(#6154),#6158);
#6154 = LINE('',#6155,#6156);
#6155 = CARTESIAN_POINT('',(0.,0.));
#6156 = VECTOR('',#6157,1.);
#6157 = DIRECTION('',(0.,-1.));
#6158 = ( GEOMETRIC_REPRESENTATION_CONTEXT(2) 
PARAMETRIC_REPRESENTATION_CONTEXT() REPRESENTATION_CONTEXT('2D SPACE',''
  ) );
#6159 = PCURVE('',#2347,#6160);
#6160 = DEFINITIONAL_REPRESENTATION('',(#6161),#6165);
#6161 = LINE('',#6162,#6163);
#6162 = CARTESIAN_POINT('',(0.9,0.));
#6163 = VECTOR('',#6164,1.);
#6164 = DIRECTION('',(0.,-1.));
#6165 = ( GEOMETRIC_REPRESENTATION_CONTEXT(2) 
PARAMETRIC_REPRESENTATION_CONTEXT() REPRESENTATION_CONTEXT('2D SPACE',''
  ) );
#6166 = ORIENTED_EDGE('',*,*,#2301,.T.);
#6167 = ORIENTED_EDGE('',*,*,#6168,.F.);
#6168 = EDGE_CURVE('',#6169,#2304,#6171,.T.);
#6169 = VERTEX_POINT('',#6170);
#6170 = CARTESIAN_POINT('',(2.99,-5.53,2.29));
#6171 = SURFACE_CURVE('',#6172,(#6176,#6183),.PCURVE_S1.);
#6172 = LINE('',#6173,#6174);
#6173 = CARTESIAN_POINT('',(2.99,-5.53,2.29));
#6174 = VECTOR('',#6175,1.);
#6175 = DIRECTION('',(0.,0.,1.));
#6176 = PCURVE('',#2319,#6177);
#6177 = DEFINITIONAL_REPRESENTATION('',(#6178),#6182);
#6178 = LINE('',#6179,#6180);
#6179 = CARTESIAN_POINT('',(0.9,0.));
#6180 = VECTOR('',#6181,1.);
#6181 = DIRECTION('',(0.,-1.));
#6182 = ( GEOMETRIC_REPRESENTATION_CONTEXT(2) 
PARAMETRIC_REPRESENTATION_CONTEXT() REPRESENTATION_CONTEXT('2D SPACE',''
  ) );
#6183 = PCURVE('',#2401,#6184);
#6184 = DEFINITIONAL_REPRESENTATION('',(#6185),#6189);
#6185 = LINE('',#6186,#6187);
#6186 = CARTESIAN_POINT('',(0.,0.));
#6187 = VECTOR('',#6188,1.);
#6188 = DIRECTION('',(0.,-1.));
#6189 = ( GEOMETRIC_REPRESENTATION_CONTEXT(2) 
PARAMETRIC_REPRESENTATION_CONTEXT() REPRESENTATION_CONTEXT('2D SPACE',''
  ) );
#6190 = ORIENTED_EDGE('',*,*,#6191,.F.);
#6191 = EDGE_CURVE('',#6145,#6169,#6192,.T.);
#6192 = SURFACE_CURVE('',#6193,(#6197,#6204),.PCURVE_S1.);
#6193 = LINE('',#6194,#6195);
#6194 = CARTESIAN_POINT('',(2.09,-5.53,2.29));
#6195 = VECTOR('',#6196,1.);
#6196 = DIRECTION('',(1.,0.,0.));
#6197 = PCURVE('',#2319,#6198);
#6198 = DEFINITIONAL_REPRESENTATION('',(#6199),#6203);
#6199 = LINE('',#6200,#6201);
#6200 = CARTESIAN_POINT('',(0.,0.));
#6201 = VECTOR('',#6202,1.);
#6202 = DIRECTION('',(1.,0.));
#6203 = ( GEOMETRIC_REPRESENTATION_CONTEXT(2) 
PARAMETRIC_REPRESENTATION_CONTEXT() REPRESENTATION_CONTEXT('2D SPACE',''
  ) );
#6204 = PCURVE('',#6205,#6210);
#6205 = PLANE('',#6206);
#6206 = AXIS2_PLACEMENT_3D('',#6207,#6208,#6209);
#6207 = CARTESIAN_POINT('',(0.,0.,2.29));
#6208 = DIRECTION('',(0.,0.,1.));
#6209 = DIRECTION('',(1.,0.,-0.));
#6210 = DEFINITIONAL_REPRESENTATION('',(#6211),#6215);
#6211 = LINE('',#6212,#6213);
#6212 = CARTESIAN_POINT('',(2.09,-5.53));
#6213 = VECTOR('',#6214,1.);
#6214 = DIRECTION('',(1.,0.));
#6215 = ( GEOMETRIC_REPRESENTATION_CONTEXT(2) 
PARAMETRIC_REPRESENTATION_CONTEXT() REPRESENTATION_CONTEXT('2D SPACE',''
  ) );
#6216 = ADVANCED_FACE('',(#6217),#2401,.T.);
#6217 = FACE_BOUND('',#6218,.T.);
#6218 = EDGE_LOOP('',(#6219,#6220,#6221,#6244));
#6219 = ORIENTED_EDGE('',*,*,#6168,.T.);
#6220 = ORIENTED_EDGE('',*,*,#2387,.T.);
#6221 = ORIENTED_EDGE('',*,*,#6222,.F.);
#6222 = EDGE_CURVE('',#6223,#2360,#6225,.T.);
#6223 = VERTEX_POINT('',#6224);
#6224 = CARTESIAN_POINT('',(2.99,-4.63,2.29));
#6225 = SURFACE_CURVE('',#6226,(#6230,#6237),.PCURVE_S1.);
#6226 = LINE('',#6227,#6228);
#6227 = CARTESIAN_POINT('',(2.99,-4.63,2.29));
#6228 = VECTOR('',#6229,1.);
#6229 = DIRECTION('',(0.,0.,1.));
#6230 = PCURVE('',#2401,#6231);
#6231 = DEFINITIONAL_REPRESENTATION('',(#6232),#6236);
#6232 = LINE('',#6233,#6234);
#6233 = CARTESIAN_POINT('',(0.9,0.));
#6234 = VECTOR('',#6235,1.);
#6235 = DIRECTION('',(0.,-1.));
#6236 = ( GEOMETRIC_REPRESENTATION_CONTEXT(2) 
PARAMETRIC_REPRESENTATION_CONTEXT() REPRESENTATION_CONTEXT('2D SPACE',''
  ) );
#6237 = PCURVE('',#2375,#6238);
#6238 = DEFINITIONAL_REPRESENTATION('',(#6239),#6243);
#6239 = LINE('',#6240,#6241);
#6240 = CARTESIAN_POINT('',(0.,-0.));
#6241 = VECTOR('',#6242,1.);
#6242 = DIRECTION('',(0.,-1.));
#6243 = ( GEOMETRIC_REPRESENTATION_CONTEXT(2) 
PARAMETRIC_REPRESENTATION_CONTEXT() REPRESENTATION_CONTEXT('2D SPACE',''
  ) );
#6244 = ORIENTED_EDGE('',*,*,#6245,.F.);
#6245 = EDGE_CURVE('',#6169,#6223,#6246,.T.);
#6246 = SURFACE_CURVE('',#6247,(#6251,#6258),.PCURVE_S1.);
#6247 = LINE('',#6248,#6249);
#6248 = CARTESIAN_POINT('',(2.99,-5.53,2.29));
#6249 = VECTOR('',#6250,1.);
#6250 = DIRECTION('',(0.,1.,0.));
#6251 = PCURVE('',#2401,#6252);
#6252 = DEFINITIONAL_REPRESENTATION('',(#6253),#6257);
#6253 = LINE('',#6254,#6255);
#6254 = CARTESIAN_POINT('',(0.,0.));
#6255 = VECTOR('',#6256,1.);
#6256 = DIRECTION('',(1.,0.));
#6257 = ( GEOMETRIC_REPRESENTATION_CONTEXT(2) 
PARAMETRIC_REPRESENTATION_CONTEXT() REPRESENTATION_CONTEXT('2D SPACE',''
  ) );
#6258 = PCURVE('',#6205,#6259);
#6259 = DEFINITIONAL_REPRESENTATION('',(#6260),#6264);
#6260 = LINE('',#6261,#6262);
#6261 = CARTESIAN_POINT('',(2.99,-5.53));
#6262 = VECTOR('',#6263,1.);
#6263 = DIRECTION('',(0.,1.));
#6264 = ( GEOMETRIC_REPRESENTATION_CONTEXT(2) 
PARAMETRIC_REPRESENTATION_CONTEXT() REPRESENTATION_CONTEXT('2D SPACE',''
  ) );
#6265 = ADVANCED_FACE('',(#6266),#2375,.T.);
#6266 = FACE_BOUND('',#6267,.T.);
#6267 = EDGE_LOOP('',(#6268,#6269,#6270,#6293));
#6268 = ORIENTED_EDGE('',*,*,#6222,.T.);
#6269 = ORIENTED_EDGE('',*,*,#2359,.T.);
#6270 = ORIENTED_EDGE('',*,*,#6271,.F.);
#6271 = EDGE_CURVE('',#6272,#2332,#6274,.T.);
#6272 = VERTEX_POINT('',#6273);
#6273 = CARTESIAN_POINT('',(2.09,-4.63,2.29));
#6274 = SURFACE_CURVE('',#6275,(#6279,#6286),.PCURVE_S1.);
#6275 = LINE('',#6276,#6277);
#6276 = CARTESIAN_POINT('',(2.09,-4.63,2.29));
#6277 = VECTOR('',#6278,1.);
#6278 = DIRECTION('',(0.,0.,1.));
#6279 = PCURVE('',#2375,#6280);
#6280 = DEFINITIONAL_REPRESENTATION('',(#6281),#6285);
#6281 = LINE('',#6282,#6283);
#6282 = CARTESIAN_POINT('',(0.9,0.));
#6283 = VECTOR('',#6284,1.);
#6284 = DIRECTION('',(0.,-1.));
#6285 = ( GEOMETRIC_REPRESENTATION_CONTEXT(2) 
PARAMETRIC_REPRESENTATION_CONTEXT() REPRESENTATION_CONTEXT('2D SPACE',''
  ) );
#6286 = PCURVE('',#2347,#6287);
#6287 = DEFINITIONAL_REPRESENTATION('',(#6288),#6292);
#6288 = LINE('',#6289,#6290);
#6289 = CARTESIAN_POINT('',(0.,0.));
#6290 = VECTOR('',#6291,1.);
#6291 = DIRECTION('',(0.,-1.));
#6292 = ( GEOMETRIC_REPRESENTATION_CONTEXT(2) 
PARAMETRIC_REPRESENTATION_CONTEXT() REPRESENTATION_CONTEXT('2D SPACE',''
  ) );
#6293 = ORIENTED_EDGE('',*,*,#6294,.F.);
#6294 = EDGE_CURVE('',#6223,#6272,#6295,.T.);
#6295 = SURFACE_CURVE('',#6296,(#6300,#6307),.PCURVE_S1.);
#6296 = LINE('',#6297,#6298);
#6297 = CARTESIAN_POINT('',(2.99,-4.63,2.29));
#6298 = VECTOR('',#6299,1.);
#6299 = DIRECTION('',(-1.,0.,0.));
#6300 = PCURVE('',#2375,#6301);
#6301 = DEFINITIONAL_REPRESENTATION('',(#6302),#6306);
#6302 = LINE('',#6303,#6304);
#6303 = CARTESIAN_POINT('',(0.,-0.));
#6304 = VECTOR('',#6305,1.);
#6305 = DIRECTION('',(1.,0.));
#6306 = ( GEOMETRIC_REPRESENTATION_CONTEXT(2) 
PARAMETRIC_REPRESENTATION_CONTEXT() REPRESENTATION_CONTEXT('2D SPACE',''
  ) );
#6307 = PCURVE('',#6205,#6308);
#6308 = DEFINITIONAL_REPRESENTATION('',(#6309),#6313);
#6309 = LINE('',#6310,#6311);
#6310 = CARTESIAN_POINT('',(2.99,-4.63));
#6311 = VECTOR('',#6312,1.);
#6312 = DIRECTION('',(-1.,0.));
#6313 = ( GEOMETRIC_REPRESENTATION_CONTEXT(2) 
PARAMETRIC_REPRESENTATION_CONTEXT() REPRESENTATION_CONTEXT('2D SPACE',''
  ) );
#6314 = ADVANCED_FACE('',(#6315),#2347,.T.);
#6315 = FACE_BOUND('',#6316,.T.);
#6316 = EDGE_LOOP('',(#6317,#6318,#6319,#6320));
#6317 = ORIENTED_EDGE('',*,*,#6271,.T.);
#6318 = ORIENTED_EDGE('',*,*,#2331,.T.);
#6319 = ORIENTED_EDGE('',*,*,#6144,.F.);
#6320 = ORIENTED_EDGE('',*,*,#6321,.F.);
#6321 = EDGE_CURVE('',#6272,#6145,#6322,.T.);
#6322 = SURFACE_CURVE('',#6323,(#6327,#6334),.PCURVE_S1.);
#6323 = LINE('',#6324,#6325);
#6324 = CARTESIAN_POINT('',(2.09,-4.63,2.29));
#6325 = VECTOR('',#6326,1.);
#6326 = DIRECTION('',(0.,-1.,0.));
#6327 = PCURVE('',#2347,#6328);
#6328 = DEFINITIONAL_REPRESENTATION('',(#6329),#6333);
#6329 = LINE('',#6330,#6331);
#6330 = CARTESIAN_POINT('',(0.,0.));
#6331 = VECTOR('',#6332,1.);
#6332 = DIRECTION('',(1.,0.));
#6333 = ( GEOMETRIC_REPRESENTATION_CONTEXT(2) 
PARAMETRIC_REPRESENTATION_CONTEXT() REPRESENTATION_CONTEXT('2D SPACE',''
  ) );
#6334 = PCURVE('',#6205,#6335);
#6335 = DEFINITIONAL_REPRESENTATION('',(#6336),#6340);
#6336 = LINE('',#6337,#6338);
#6337 = CARTESIAN_POINT('',(2.09,-4.63));
#6338 = VECTOR('',#6339,1.);
#6339 = DIRECTION('',(0.,-1.));
#6340 = ( GEOMETRIC_REPRESENTATION_CONTEXT(2) 
PARAMETRIC_REPRESENTATION_CONTEXT() REPRESENTATION_CONTEXT('2D SPACE',''
  ) );
#6341 = ADVANCED_FACE('',(#6342),#2433,.T.);
#6342 = FACE_BOUND('',#6343,.T.);
#6343 = EDGE_LOOP('',(#6344,#6367,#6368,#6391));
#6344 = ORIENTED_EDGE('',*,*,#6345,.T.);
#6345 = EDGE_CURVE('',#6346,#2416,#6348,.T.);
#6346 = VERTEX_POINT('',#6347);
#6347 = CARTESIAN_POINT('',(2.09,-2.99,2.29));
#6348 = SURFACE_CURVE('',#6349,(#6353,#6360),.PCURVE_S1.);
#6349 = LINE('',#6350,#6351);
#6350 = CARTESIAN_POINT('',(2.09,-2.99,2.29));
#6351 = VECTOR('',#6352,1.);
#6352 = DIRECTION('',(0.,0.,1.));
#6353 = PCURVE('',#2433,#6354);
#6354 = DEFINITIONAL_REPRESENTATION('',(#6355),#6359);
#6355 = LINE('',#6356,#6357);
#6356 = CARTESIAN_POINT('',(0.,0.));
#6357 = VECTOR('',#6358,1.);
#6358 = DIRECTION('',(0.,-1.));
#6359 = ( GEOMETRIC_REPRESENTATION_CONTEXT(2) 
PARAMETRIC_REPRESENTATION_CONTEXT() REPRESENTATION_CONTEXT('2D SPACE',''
  ) );
#6360 = PCURVE('',#2461,#6361);
#6361 = DEFINITIONAL_REPRESENTATION('',(#6362),#6366);
#6362 = LINE('',#6363,#6364);
#6363 = CARTESIAN_POINT('',(0.9,0.));
#6364 = VECTOR('',#6365,1.);
#6365 = DIRECTION('',(0.,-1.));
#6366 = ( GEOMETRIC_REPRESENTATION_CONTEXT(2) 
PARAMETRIC_REPRESENTATION_CONTEXT() REPRESENTATION_CONTEXT('2D SPACE',''
  ) );
#6367 = ORIENTED_EDGE('',*,*,#2415,.T.);
#6368 = ORIENTED_EDGE('',*,*,#6369,.F.);
#6369 = EDGE_CURVE('',#6370,#2418,#6372,.T.);
#6370 = VERTEX_POINT('',#6371);
#6371 = CARTESIAN_POINT('',(2.99,-2.99,2.29));
#6372 = SURFACE_CURVE('',#6373,(#6377,#6384),.PCURVE_S1.);
#6373 = LINE('',#6374,#6375);
#6374 = CARTESIAN_POINT('',(2.99,-2.99,2.29));
#6375 = VECTOR('',#6376,1.);
#6376 = DIRECTION('',(0.,0.,1.));
#6377 = PCURVE('',#2433,#6378);
#6378 = DEFINITIONAL_REPRESENTATION('',(#6379),#6383);
#6379 = LINE('',#6380,#6381);
#6380 = CARTESIAN_POINT('',(0.9,0.));
#6381 = VECTOR('',#6382,1.);
#6382 = DIRECTION('',(0.,-1.));
#6383 = ( GEOMETRIC_REPRESENTATION_CONTEXT(2) 
PARAMETRIC_REPRESENTATION_CONTEXT() REPRESENTATION_CONTEXT('2D SPACE',''
  ) );
#6384 = PCURVE('',#2515,#6385);
#6385 = DEFINITIONAL_REPRESENTATION('',(#6386),#6390);
#6386 = LINE('',#6387,#6388);
#6387 = CARTESIAN_POINT('',(0.,0.));
#6388 = VECTOR('',#6389,1.);
#6389 = DIRECTION('',(0.,-1.));
#6390 = ( GEOMETRIC_REPRESENTATION_CONTEXT(2) 
PARAMETRIC_REPRESENTATION_CONTEXT() REPRESENTATION_CONTEXT('2D SPACE',''
  ) );
#6391 = ORIENTED_EDGE('',*,*,#6392,.F.);
#6392 = EDGE_CURVE('',#6346,#6370,#6393,.T.);
#6393 = SURFACE_CURVE('',#6394,(#6398,#6405),.PCURVE_S1.);
#6394 = LINE('',#6395,#6396);
#6395 = CARTESIAN_POINT('',(2.09,-2.99,2.29));
#6396 = VECTOR('',#6397,1.);
#6397 = DIRECTION('',(1.,0.,0.));
#6398 = PCURVE('',#2433,#6399);
#6399 = DEFINITIONAL_REPRESENTATION('',(#6400),#6404);
#6400 = LINE('',#6401,#6402);
#6401 = CARTESIAN_POINT('',(0.,0.));
#6402 = VECTOR('',#6403,1.);
#6403 = DIRECTION('',(1.,0.));
#6404 = ( GEOMETRIC_REPRESENTATION_CONTEXT(2) 
PARAMETRIC_REPRESENTATION_CONTEXT() REPRESENTATION_CONTEXT('2D SPACE',''
  ) );
#6405 = PCURVE('',#6406,#6411);
#6406 = PLANE('',#6407);
#6407 = AXIS2_PLACEMENT_3D('',#6408,#6409,#6410);
#6408 = CARTESIAN_POINT('',(0.,0.,2.29));
#6409 = DIRECTION('',(0.,0.,1.));
#6410 = DIRECTION('',(1.,0.,-0.));
#6411 = DEFINITIONAL_REPRESENTATION('',(#6412),#6416);
#6412 = LINE('',#6413,#6414);
#6413 = CARTESIAN_POINT('',(2.09,-2.99));
#6414 = VECTOR('',#6415,1.);
#6415 = DIRECTION('',(1.,0.));
#6416 = ( GEOMETRIC_REPRESENTATION_CONTEXT(2) 
PARAMETRIC_REPRESENTATION_CONTEXT() REPRESENTATION_CONTEXT('2D SPACE',''
  ) );
#6417 = ADVANCED_FACE('',(#6418),#2515,.T.);
#6418 = FACE_BOUND('',#6419,.T.);
#6419 = EDGE_LOOP('',(#6420,#6421,#6422,#6445));
#6420 = ORIENTED_EDGE('',*,*,#6369,.T.);
#6421 = ORIENTED_EDGE('',*,*,#2501,.T.);
#6422 = ORIENTED_EDGE('',*,*,#6423,.F.);
#6423 = EDGE_CURVE('',#6424,#2474,#6426,.T.);
#6424 = VERTEX_POINT('',#6425);
#6425 = CARTESIAN_POINT('',(2.99,-2.09,2.29));
#6426 = SURFACE_CURVE('',#6427,(#6431,#6438),.PCURVE_S1.);
#6427 = LINE('',#6428,#6429);
#6428 = CARTESIAN_POINT('',(2.99,-2.09,2.29));
#6429 = VECTOR('',#6430,1.);
#6430 = DIRECTION('',(0.,0.,1.));
#6431 = PCURVE('',#2515,#6432);
#6432 = DEFINITIONAL_REPRESENTATION('',(#6433),#6437);
#6433 = LINE('',#6434,#6435);
#6434 = CARTESIAN_POINT('',(0.9,0.));
#6435 = VECTOR('',#6436,1.);
#6436 = DIRECTION('',(0.,-1.));
#6437 = ( GEOMETRIC_REPRESENTATION_CONTEXT(2) 
PARAMETRIC_REPRESENTATION_CONTEXT() REPRESENTATION_CONTEXT('2D SPACE',''
  ) );
#6438 = PCURVE('',#2489,#6439);
#6439 = DEFINITIONAL_REPRESENTATION('',(#6440),#6444);
#6440 = LINE('',#6441,#6442);
#6441 = CARTESIAN_POINT('',(0.,-0.));
#6442 = VECTOR('',#6443,1.);
#6443 = DIRECTION('',(0.,-1.));
#6444 = ( GEOMETRIC_REPRESENTATION_CONTEXT(2) 
PARAMETRIC_REPRESENTATION_CONTEXT() REPRESENTATION_CONTEXT('2D SPACE',''
  ) );
#6445 = ORIENTED_EDGE('',*,*,#6446,.F.);
#6446 = EDGE_CURVE('',#6370,#6424,#6447,.T.);
#6447 = SURFACE_CURVE('',#6448,(#6452,#6459),.PCURVE_S1.);
#6448 = LINE('',#6449,#6450);
#6449 = CARTESIAN_POINT('',(2.99,-2.99,2.29));
#6450 = VECTOR('',#6451,1.);
#6451 = DIRECTION('',(0.,1.,0.));
#6452 = PCURVE('',#2515,#6453);
#6453 = DEFINITIONAL_REPRESENTATION('',(#6454),#6458);
#6454 = LINE('',#6455,#6456);
#6455 = CARTESIAN_POINT('',(0.,0.));
#6456 = VECTOR('',#6457,1.);
#6457 = DIRECTION('',(1.,0.));
#6458 = ( GEOMETRIC_REPRESENTATION_CONTEXT(2) 
PARAMETRIC_REPRESENTATION_CONTEXT() REPRESENTATION_CONTEXT('2D SPACE',''
  ) );
#6459 = PCURVE('',#6406,#6460);
#6460 = DEFINITIONAL_REPRESENTATION('',(#6461),#6465);
#6461 = LINE('',#6462,#6463);
#6462 = CARTESIAN_POINT('',(2.99,-2.99));
#6463 = VECTOR('',#6464,1.);
#6464 = DIRECTION('',(0.,1.));
#6465 = ( GEOMETRIC_REPRESENTATION_CONTEXT(2) 
PARAMETRIC_REPRESENTATION_CONTEXT() REPRESENTATION_CONTEXT('2D SPACE',''
  ) );
#6466 = ADVANCED_FACE('',(#6467),#2489,.T.);
#6467 = FACE_BOUND('',#6468,.T.);
#6468 = EDGE_LOOP('',(#6469,#6470,#6471,#6494));
#6469 = ORIENTED_EDGE('',*,*,#6423,.T.);
#6470 = ORIENTED_EDGE('',*,*,#2473,.T.);
#6471 = ORIENTED_EDGE('',*,*,#6472,.F.);
#6472 = EDGE_CURVE('',#6473,#2446,#6475,.T.);
#6473 = VERTEX_POINT('',#6474);
#6474 = CARTESIAN_POINT('',(2.09,-2.09,2.29));
#6475 = SURFACE_CURVE('',#6476,(#6480,#6487),.PCURVE_S1.);
#6476 = LINE('',#6477,#6478);
#6477 = CARTESIAN_POINT('',(2.09,-2.09,2.29));
#6478 = VECTOR('',#6479,1.);
#6479 = DIRECTION('',(0.,0.,1.));
#6480 = PCURVE('',#2489,#6481);
#6481 = DEFINITIONAL_REPRESENTATION('',(#6482),#6486);
#6482 = LINE('',#6483,#6484);
#6483 = CARTESIAN_POINT('',(0.9,0.));
#6484 = VECTOR('',#6485,1.);
#6485 = DIRECTION('',(0.,-1.));
#6486 = ( GEOMETRIC_REPRESENTATION_CONTEXT(2) 
PARAMETRIC_REPRESENTATION_CONTEXT() REPRESENTATION_CONTEXT('2D SPACE',''
  ) );
#6487 = PCURVE('',#2461,#6488);
#6488 = DEFINITIONAL_REPRESENTATION('',(#6489),#6493);
#6489 = LINE('',#6490,#6491);
#6490 = CARTESIAN_POINT('',(0.,0.));
#6491 = VECTOR('',#6492,1.);
#6492 = DIRECTION('',(0.,-1.));
#6493 = ( GEOMETRIC_REPRESENTATION_CONTEXT(2) 
PARAMETRIC_REPRESENTATION_CONTEXT() REPRESENTATION_CONTEXT('2D SPACE',''
  ) );
#6494 = ORIENTED_EDGE('',*,*,#6495,.F.);
#6495 = EDGE_CURVE('',#6424,#6473,#6496,.T.);
#6496 = SURFACE_CURVE('',#6497,(#6501,#6508),.PCURVE_S1.);
#6497 = LINE('',#6498,#6499);
#6498 = CARTESIAN_POINT('',(2.99,-2.09,2.29));
#6499 = VECTOR('',#6500,1.);
#6500 = DIRECTION('',(-1.,0.,0.));
#6501 = PCURVE('',#2489,#6502);
#6502 = DEFINITIONAL_REPRESENTATION('',(#6503),#6507);
#6503 = LINE('',#6504,#6505);
#6504 = CARTESIAN_POINT('',(0.,-0.));
#6505 = VECTOR('',#6506,1.);
#6506 = DIRECTION('',(1.,0.));
#6507 = ( GEOMETRIC_REPRESENTATION_CONTEXT(2) 
PARAMETRIC_REPRESENTATION_CONTEXT() REPRESENTATION_CONTEXT('2D SPACE',''
  ) );
#6508 = PCURVE('',#6406,#6509);
#6509 = DEFINITIONAL_REPRESENTATION('',(#6510),#6514);
#6510 = LINE('',#6511,#6512);
#6511 = CARTESIAN_POINT('',(2.99,-2.09));
#6512 = VECTOR('',#6513,1.);
#6513 = DIRECTION('',(-1.,0.));
#6514 = ( GEOMETRIC_REPRESENTATION_CONTEXT(2) 
PARAMETRIC_REPRESENTATION_CONTEXT() REPRESENTATION_CONTEXT('2D SPACE',''
  ) );
#6515 = ADVANCED_FACE('',(#6516),#2461,.T.);
#6516 = FACE_BOUND('',#6517,.T.);
#6517 = EDGE_LOOP('',(#6518,#6519,#6520,#6521));
#6518 = ORIENTED_EDGE('',*,*,#6472,.T.);
#6519 = ORIENTED_EDGE('',*,*,#2445,.T.);
#6520 = ORIENTED_EDGE('',*,*,#6345,.F.);
#6521 = ORIENTED_EDGE('',*,*,#6522,.F.);
#6522 = EDGE_CURVE('',#6473,#6346,#6523,.T.);
#6523 = SURFACE_CURVE('',#6524,(#6528,#6535),.PCURVE_S1.);
#6524 = LINE('',#6525,#6526);
#6525 = CARTESIAN_POINT('',(2.09,-2.09,2.29));
#6526 = VECTOR('',#6527,1.);
#6527 = DIRECTION('',(0.,-1.,0.));
#6528 = PCURVE('',#2461,#6529);
#6529 = DEFINITIONAL_REPRESENTATION('',(#6530),#6534);
#6530 = LINE('',#6531,#6532);
#6531 = CARTESIAN_POINT('',(0.,0.));
#6532 = VECTOR('',#6533,1.);
#6533 = DIRECTION('',(1.,0.));
#6534 = ( GEOMETRIC_REPRESENTATION_CONTEXT(2) 
PARAMETRIC_REPRESENTATION_CONTEXT() REPRESENTATION_CONTEXT('2D SPACE',''
  ) );
#6535 = PCURVE('',#6406,#6536);
#6536 = DEFINITIONAL_REPRESENTATION('',(#6537),#6541);
#6537 = LINE('',#6538,#6539);
#6538 = CARTESIAN_POINT('',(2.09,-2.09));
#6539 = VECTOR('',#6540,1.);
#6540 = DIRECTION('',(0.,-1.));
#6541 = ( GEOMETRIC_REPRESENTATION_CONTEXT(2) 
PARAMETRIC_REPRESENTATION_CONTEXT() REPRESENTATION_CONTEXT('2D SPACE',''
  ) );
#6542 = ADVANCED_FACE('',(#6543),#2547,.T.);
#6543 = FACE_BOUND('',#6544,.T.);
#6544 = EDGE_LOOP('',(#6545,#6568,#6569,#6592));
#6545 = ORIENTED_EDGE('',*,*,#6546,.T.);
#6546 = EDGE_CURVE('',#6547,#2530,#6549,.T.);
#6547 = VERTEX_POINT('',#6548);
#6548 = CARTESIAN_POINT('',(2.09,-0.45,2.29));
#6549 = SURFACE_CURVE('',#6550,(#6554,#6561),.PCURVE_S1.);
#6550 = LINE('',#6551,#6552);
#6551 = CARTESIAN_POINT('',(2.09,-0.45,2.29));
#6552 = VECTOR('',#6553,1.);
#6553 = DIRECTION('',(0.,0.,1.));
#6554 = PCURVE('',#2547,#6555);
#6555 = DEFINITIONAL_REPRESENTATION('',(#6556),#6560);
#6556 = LINE('',#6557,#6558);
#6557 = CARTESIAN_POINT('',(0.,0.));
#6558 = VECTOR('',#6559,1.);
#6559 = DIRECTION('',(0.,-1.));
#6560 = ( GEOMETRIC_REPRESENTATION_CONTEXT(2) 
PARAMETRIC_REPRESENTATION_CONTEXT() REPRESENTATION_CONTEXT('2D SPACE',''
  ) );
#6561 = PCURVE('',#2575,#6562);
#6562 = DEFINITIONAL_REPRESENTATION('',(#6563),#6567);
#6563 = LINE('',#6564,#6565);
#6564 = CARTESIAN_POINT('',(0.9,0.));
#6565 = VECTOR('',#6566,1.);
#6566 = DIRECTION('',(0.,-1.));
#6567 = ( GEOMETRIC_REPRESENTATION_CONTEXT(2) 
PARAMETRIC_REPRESENTATION_CONTEXT() REPRESENTATION_CONTEXT('2D SPACE',''
  ) );
#6568 = ORIENTED_EDGE('',*,*,#2529,.T.);
#6569 = ORIENTED_EDGE('',*,*,#6570,.F.);
#6570 = EDGE_CURVE('',#6571,#2532,#6573,.T.);
#6571 = VERTEX_POINT('',#6572);
#6572 = CARTESIAN_POINT('',(2.99,-0.45,2.29));
#6573 = SURFACE_CURVE('',#6574,(#6578,#6585),.PCURVE_S1.);
#6574 = LINE('',#6575,#6576);
#6575 = CARTESIAN_POINT('',(2.99,-0.45,2.29));
#6576 = VECTOR('',#6577,1.);
#6577 = DIRECTION('',(0.,0.,1.));
#6578 = PCURVE('',#2547,#6579);
#6579 = DEFINITIONAL_REPRESENTATION('',(#6580),#6584);
#6580 = LINE('',#6581,#6582);
#6581 = CARTESIAN_POINT('',(0.9,0.));
#6582 = VECTOR('',#6583,1.);
#6583 = DIRECTION('',(0.,-1.));
#6584 = ( GEOMETRIC_REPRESENTATION_CONTEXT(2) 
PARAMETRIC_REPRESENTATION_CONTEXT() REPRESENTATION_CONTEXT('2D SPACE',''
  ) );
#6585 = PCURVE('',#2629,#6586);
#6586 = DEFINITIONAL_REPRESENTATION('',(#6587),#6591);
#6587 = LINE('',#6588,#6589);
#6588 = CARTESIAN_POINT('',(0.,0.));
#6589 = VECTOR('',#6590,1.);
#6590 = DIRECTION('',(0.,-1.));
#6591 = ( GEOMETRIC_REPRESENTATION_CONTEXT(2) 
PARAMETRIC_REPRESENTATION_CONTEXT() REPRESENTATION_CONTEXT('2D SPACE',''
  ) );
#6592 = ORIENTED_EDGE('',*,*,#6593,.F.);
#6593 = EDGE_CURVE('',#6547,#6571,#6594,.T.);
#6594 = SURFACE_CURVE('',#6595,(#6599,#6606),.PCURVE_S1.);
#6595 = LINE('',#6596,#6597);
#6596 = CARTESIAN_POINT('',(2.09,-0.45,2.29));
#6597 = VECTOR('',#6598,1.);
#6598 = DIRECTION('',(1.,0.,0.));
#6599 = PCURVE('',#2547,#6600);
#6600 = DEFINITIONAL_REPRESENTATION('',(#6601),#6605);
#6601 = LINE('',#6602,#6603);
#6602 = CARTESIAN_POINT('',(0.,0.));
#6603 = VECTOR('',#6604,1.);
#6604 = DIRECTION('',(1.,0.));
#6605 = ( GEOMETRIC_REPRESENTATION_CONTEXT(2) 
PARAMETRIC_REPRESENTATION_CONTEXT() REPRESENTATION_CONTEXT('2D SPACE',''
  ) );
#6606 = PCURVE('',#6607,#6612);
#6607 = PLANE('',#6608);
#6608 = AXIS2_PLACEMENT_3D('',#6609,#6610,#6611);
#6609 = CARTESIAN_POINT('',(0.,0.,2.29));
#6610 = DIRECTION('',(0.,0.,1.));
#6611 = DIRECTION('',(1.,0.,-0.));
#6612 = DEFINITIONAL_REPRESENTATION('',(#6613),#6617);
#6613 = LINE('',#6614,#6615);
#6614 = CARTESIAN_POINT('',(2.09,-0.45));
#6615 = VECTOR('',#6616,1.);
#6616 = DIRECTION('',(1.,0.));
#6617 = ( GEOMETRIC_REPRESENTATION_CONTEXT(2) 
PARAMETRIC_REPRESENTATION_CONTEXT() REPRESENTATION_CONTEXT('2D SPACE',''
  ) );
#6618 = ADVANCED_FACE('',(#6619),#2629,.T.);
#6619 = FACE_BOUND('',#6620,.T.);
#6620 = EDGE_LOOP('',(#6621,#6622,#6623,#6646));
#6621 = ORIENTED_EDGE('',*,*,#6570,.T.);
#6622 = ORIENTED_EDGE('',*,*,#2615,.T.);
#6623 = ORIENTED_EDGE('',*,*,#6624,.F.);
#6624 = EDGE_CURVE('',#6625,#2588,#6627,.T.);
#6625 = VERTEX_POINT('',#6626);
#6626 = CARTESIAN_POINT('',(2.99,0.45,2.29));
#6627 = SURFACE_CURVE('',#6628,(#6632,#6639),.PCURVE_S1.);
#6628 = LINE('',#6629,#6630);
#6629 = CARTESIAN_POINT('',(2.99,0.45,2.29));
#6630 = VECTOR('',#6631,1.);
#6631 = DIRECTION('',(0.,0.,1.));
#6632 = PCURVE('',#2629,#6633);
#6633 = DEFINITIONAL_REPRESENTATION('',(#6634),#6638);
#6634 = LINE('',#6635,#6636);
#6635 = CARTESIAN_POINT('',(0.9,0.));
#6636 = VECTOR('',#6637,1.);
#6637 = DIRECTION('',(0.,-1.));
#6638 = ( GEOMETRIC_REPRESENTATION_CONTEXT(2) 
PARAMETRIC_REPRESENTATION_CONTEXT() REPRESENTATION_CONTEXT('2D SPACE',''
  ) );
#6639 = PCURVE('',#2603,#6640);
#6640 = DEFINITIONAL_REPRESENTATION('',(#6641),#6645);
#6641 = LINE('',#6642,#6643);
#6642 = CARTESIAN_POINT('',(0.,-0.));
#6643 = VECTOR('',#6644,1.);
#6644 = DIRECTION('',(0.,-1.));
#6645 = ( GEOMETRIC_REPRESENTATION_CONTEXT(2) 
PARAMETRIC_REPRESENTATION_CONTEXT() REPRESENTATION_CONTEXT('2D SPACE',''
  ) );
#6646 = ORIENTED_EDGE('',*,*,#6647,.F.);
#6647 = EDGE_CURVE('',#6571,#6625,#6648,.T.);
#6648 = SURFACE_CURVE('',#6649,(#6653,#6660),.PCURVE_S1.);
#6649 = LINE('',#6650,#6651);
#6650 = CARTESIAN_POINT('',(2.99,-0.45,2.29));
#6651 = VECTOR('',#6652,1.);
#6652 = DIRECTION('',(0.,1.,0.));
#6653 = PCURVE('',#2629,#6654);
#6654 = DEFINITIONAL_REPRESENTATION('',(#6655),#6659);
#6655 = LINE('',#6656,#6657);
#6656 = CARTESIAN_POINT('',(0.,0.));
#6657 = VECTOR('',#6658,1.);
#6658 = DIRECTION('',(1.,0.));
#6659 = ( GEOMETRIC_REPRESENTATION_CONTEXT(2) 
PARAMETRIC_REPRESENTATION_CONTEXT() REPRESENTATION_CONTEXT('2D SPACE',''
  ) );
#6660 = PCURVE('',#6607,#6661);
#6661 = DEFINITIONAL_REPRESENTATION('',(#6662),#6666);
#6662 = LINE('',#6663,#6664);
#6663 = CARTESIAN_POINT('',(2.99,-0.45));
#6664 = VECTOR('',#6665,1.);
#6665 = DIRECTION('',(0.,1.));
#6666 = ( GEOMETRIC_REPRESENTATION_CONTEXT(2) 
PARAMETRIC_REPRESENTATION_CONTEXT() REPRESENTATION_CONTEXT('2D SPACE',''
  ) );
#6667 = ADVANCED_FACE('',(#6668),#2603,.T.);
#6668 = FACE_BOUND('',#6669,.T.);
#6669 = EDGE_LOOP('',(#6670,#6671,#6672,#6695));
#6670 = ORIENTED_EDGE('',*,*,#6624,.T.);
#6671 = ORIENTED_EDGE('',*,*,#2587,.T.);
#6672 = ORIENTED_EDGE('',*,*,#6673,.F.);
#6673 = EDGE_CURVE('',#6674,#2560,#6676,.T.);
#6674 = VERTEX_POINT('',#6675);
#6675 = CARTESIAN_POINT('',(2.09,0.45,2.29));
#6676 = SURFACE_CURVE('',#6677,(#6681,#6688),.PCURVE_S1.);
#6677 = LINE('',#6678,#6679);
#6678 = CARTESIAN_POINT('',(2.09,0.45,2.29));
#6679 = VECTOR('',#6680,1.);
#6680 = DIRECTION('',(0.,0.,1.));
#6681 = PCURVE('',#2603,#6682);
#6682 = DEFINITIONAL_REPRESENTATION('',(#6683),#6687);
#6683 = LINE('',#6684,#6685);
#6684 = CARTESIAN_POINT('',(0.9,0.));
#6685 = VECTOR('',#6686,1.);
#6686 = DIRECTION('',(0.,-1.));
#6687 = ( GEOMETRIC_REPRESENTATION_CONTEXT(2) 
PARAMETRIC_REPRESENTATION_CONTEXT() REPRESENTATION_CONTEXT('2D SPACE',''
  ) );
#6688 = PCURVE('',#2575,#6689);
#6689 = DEFINITIONAL_REPRESENTATION('',(#6690),#6694);
#6690 = LINE('',#6691,#6692);
#6691 = CARTESIAN_POINT('',(0.,0.));
#6692 = VECTOR('',#6693,1.);
#6693 = DIRECTION('',(0.,-1.));
#6694 = ( GEOMETRIC_REPRESENTATION_CONTEXT(2) 
PARAMETRIC_REPRESENTATION_CONTEXT() REPRESENTATION_CONTEXT('2D SPACE',''
  ) );
#6695 = ORIENTED_EDGE('',*,*,#6696,.F.);
#6696 = EDGE_CURVE('',#6625,#6674,#6697,.T.);
#6697 = SURFACE_CURVE('',#6698,(#6702,#6709),.PCURVE_S1.);
#6698 = LINE('',#6699,#6700);
#6699 = CARTESIAN_POINT('',(2.99,0.45,2.29));
#6700 = VECTOR('',#6701,1.);
#6701 = DIRECTION('',(-1.,0.,0.));
#6702 = PCURVE('',#2603,#6703);
#6703 = DEFINITIONAL_REPRESENTATION('',(#6704),#6708);
#6704 = LINE('',#6705,#6706);
#6705 = CARTESIAN_POINT('',(0.,-0.));
#6706 = VECTOR('',#6707,1.);
#6707 = DIRECTION('',(1.,0.));
#6708 = ( GEOMETRIC_REPRESENTATION_CONTEXT(2) 
PARAMETRIC_REPRESENTATION_CONTEXT() REPRESENTATION_CONTEXT('2D SPACE',''
  ) );
#6709 = PCURVE('',#6607,#6710);
#6710 = DEFINITIONAL_REPRESENTATION('',(#6711),#6715);
#6711 = LINE('',#6712,#6713);
#6712 = CARTESIAN_POINT('',(2.99,0.45));
#6713 = VECTOR('',#6714,1.);
#6714 = DIRECTION('',(-1.,0.));
#6715 = ( GEOMETRIC_REPRESENTATION_CONTEXT(2) 
PARAMETRIC_REPRESENTATION_CONTEXT() REPRESENTATION_CONTEXT('2D SPACE',''
  ) );
#6716 = ADVANCED_FACE('',(#6717),#2575,.T.);
#6717 = FACE_BOUND('',#6718,.T.);
#6718 = EDGE_LOOP('',(#6719,#6720,#6721,#6722));
#6719 = ORIENTED_EDGE('',*,*,#6673,.T.);
#6720 = ORIENTED_EDGE('',*,*,#2559,.T.);
#6721 = ORIENTED_EDGE('',*,*,#6546,.F.);
#6722 = ORIENTED_EDGE('',*,*,#6723,.F.);
#6723 = EDGE_CURVE('',#6674,#6547,#6724,.T.);
#6724 = SURFACE_CURVE('',#6725,(#6729,#6736),.PCURVE_S1.);
#6725 = LINE('',#6726,#6727);
#6726 = CARTESIAN_POINT('',(2.09,0.45,2.29));
#6727 = VECTOR('',#6728,1.);
#6728 = DIRECTION('',(0.,-1.,0.));
#6729 = PCURVE('',#2575,#6730);
#6730 = DEFINITIONAL_REPRESENTATION('',(#6731),#6735);
#6731 = LINE('',#6732,#6733);
#6732 = CARTESIAN_POINT('',(0.,0.));
#6733 = VECTOR('',#6734,1.);
#6734 = DIRECTION('',(1.,0.));
#6735 = ( GEOMETRIC_REPRESENTATION_CONTEXT(2) 
PARAMETRIC_REPRESENTATION_CONTEXT() REPRESENTATION_CONTEXT('2D SPACE',''
  ) );
#6736 = PCURVE('',#6607,#6737);
#6737 = DEFINITIONAL_REPRESENTATION('',(#6738),#6742);
#6738 = LINE('',#6739,#6740);
#6739 = CARTESIAN_POINT('',(2.09,0.45));
#6740 = VECTOR('',#6741,1.);
#6741 = DIRECTION('',(0.,-1.));
#6742 = ( GEOMETRIC_REPRESENTATION_CONTEXT(2) 
PARAMETRIC_REPRESENTATION_CONTEXT() REPRESENTATION_CONTEXT('2D SPACE',''
  ) );
#6743 = ADVANCED_FACE('',(#6744),#2788,.T.);
#6744 = FACE_BOUND('',#6745,.T.);
#6745 = EDGE_LOOP('',(#6746,#6747,#6748,#6749));
#6746 = ORIENTED_EDGE('',*,*,#2774,.T.);
#6747 = ORIENTED_EDGE('',*,*,#2828,.T.);
#6748 = ORIENTED_EDGE('',*,*,#2877,.T.);
#6749 = ORIENTED_EDGE('',*,*,#2904,.T.);
#6750 = ADVANCED_FACE('',(#6751),#2989,.T.);
#6751 = FACE_BOUND('',#6752,.T.);
#6752 = EDGE_LOOP('',(#6753,#6754,#6755,#6756));
#6753 = ORIENTED_EDGE('',*,*,#2975,.T.);
#6754 = ORIENTED_EDGE('',*,*,#3029,.T.);
#6755 = ORIENTED_EDGE('',*,*,#3078,.T.);
#6756 = ORIENTED_EDGE('',*,*,#3105,.T.);
#6757 = ADVANCED_FACE('',(#6758),#3190,.T.);
#6758 = FACE_BOUND('',#6759,.T.);
#6759 = EDGE_LOOP('',(#6760,#6761,#6762,#6763));
#6760 = ORIENTED_EDGE('',*,*,#3176,.T.);
#6761 = ORIENTED_EDGE('',*,*,#3230,.T.);
#6762 = ORIENTED_EDGE('',*,*,#3279,.T.);
#6763 = ORIENTED_EDGE('',*,*,#3306,.T.);
#6764 = ADVANCED_FACE('',(#6765),#3391,.T.);
#6765 = FACE_BOUND('',#6766,.T.);
#6766 = EDGE_LOOP('',(#6767,#6768,#6769,#6770));
#6767 = ORIENTED_EDGE('',*,*,#3377,.T.);
#6768 = ORIENTED_EDGE('',*,*,#3431,.T.);
#6769 = ORIENTED_EDGE('',*,*,#3480,.T.);
#6770 = ORIENTED_EDGE('',*,*,#3507,.T.);
#6771 = ADVANCED_FACE('',(#6772),#3592,.T.);
#6772 = FACE_BOUND('',#6773,.T.);
#6773 = EDGE_LOOP('',(#6774,#6775,#6776,#6777));
#6774 = ORIENTED_EDGE('',*,*,#3578,.T.);
#6775 = ORIENTED_EDGE('',*,*,#3632,.T.);
#6776 = ORIENTED_EDGE('',*,*,#3681,.T.);
#6777 = ORIENTED_EDGE('',*,*,#3708,.T.);
#6778 = ADVANCED_FACE('',(#6779),#3793,.T.);
#6779 = FACE_BOUND('',#6780,.T.);
#6780 = EDGE_LOOP('',(#6781,#6782,#6783,#6784));
#6781 = ORIENTED_EDGE('',*,*,#3779,.T.);
#6782 = ORIENTED_EDGE('',*,*,#3833,.T.);
#6783 = ORIENTED_EDGE('',*,*,#3882,.T.);
#6784 = ORIENTED_EDGE('',*,*,#3909,.T.);
#6785 = ADVANCED_FACE('',(#6786),#3994,.T.);
#6786 = FACE_BOUND('',#6787,.T.);
#6787 = EDGE_LOOP('',(#6788,#6789,#6790,#6791));
#6788 = ORIENTED_EDGE('',*,*,#3980,.T.);
#6789 = ORIENTED_EDGE('',*,*,#4034,.T.);
#6790 = ORIENTED_EDGE('',*,*,#4083,.T.);
#6791 = ORIENTED_EDGE('',*,*,#4110,.T.);
#6792 = ADVANCED_FACE('',(#6793),#4195,.T.);
#6793 = FACE_BOUND('',#6794,.T.);
#6794 = EDGE_LOOP('',(#6795,#6796,#6797,#6798));
#6795 = ORIENTED_EDGE('',*,*,#4181,.T.);
#6796 = ORIENTED_EDGE('',*,*,#4235,.T.);
#6797 = ORIENTED_EDGE('',*,*,#4284,.T.);
#6798 = ORIENTED_EDGE('',*,*,#4311,.T.);
#6799 = ADVANCED_FACE('',(#6800),#4396,.T.);
#6800 = FACE_BOUND('',#6801,.T.);
#6801 = EDGE_LOOP('',(#6802,#6803,#6804,#6805));
#6802 = ORIENTED_EDGE('',*,*,#4382,.T.);
#6803 = ORIENTED_EDGE('',*,*,#4436,.T.);
#6804 = ORIENTED_EDGE('',*,*,#4485,.T.);
#6805 = ORIENTED_EDGE('',*,*,#4512,.T.);
#6806 = ADVANCED_FACE('',(#6807),#4597,.T.);
#6807 = FACE_BOUND('',#6808,.T.);
#6808 = EDGE_LOOP('',(#6809,#6810,#6811,#6812));
#6809 = ORIENTED_EDGE('',*,*,#4583,.T.);
#6810 = ORIENTED_EDGE('',*,*,#4637,.T.);
#6811 = ORIENTED_EDGE('',*,*,#4686,.T.);
#6812 = ORIENTED_EDGE('',*,*,#4713,.T.);
#6813 = ADVANCED_FACE('',(#6814),#4798,.T.);
#6814 = FACE_BOUND('',#6815,.T.);
#6815 = EDGE_LOOP('',(#6816,#6817,#6818,#6819));
#6816 = ORIENTED_EDGE('',*,*,#4784,.T.);
#6817 = ORIENTED_EDGE('',*,*,#4838,.T.);
#6818 = ORIENTED_EDGE('',*,*,#4887,.T.);
#6819 = ORIENTED_EDGE('',*,*,#4914,.T.);
#6820 = ADVANCED_FACE('',(#6821),#4999,.T.);
#6821 = FACE_BOUND('',#6822,.T.);
#6822 = EDGE_LOOP('',(#6823,#6824,#6825,#6826));
#6823 = ORIENTED_EDGE('',*,*,#4985,.T.);
#6824 = ORIENTED_EDGE('',*,*,#5039,.T.);
#6825 = ORIENTED_EDGE('',*,*,#5088,.T.);
#6826 = ORIENTED_EDGE('',*,*,#5115,.T.);
#6827 = ADVANCED_FACE('',(#6828),#5200,.T.);
#6828 = FACE_BOUND('',#6829,.T.);
#6829 = EDGE_LOOP('',(#6830,#6831,#6832,#6833));
#6830 = ORIENTED_EDGE('',*,*,#5186,.T.);
#6831 = ORIENTED_EDGE('',*,*,#5240,.T.);
#6832 = ORIENTED_EDGE('',*,*,#5289,.T.);
#6833 = ORIENTED_EDGE('',*,*,#5316,.T.);
#6834 = ADVANCED_FACE('',(#6835),#5401,.T.);
#6835 = FACE_BOUND('',#6836,.T.);
#6836 = EDGE_LOOP('',(#6837,#6838,#6839,#6840));
#6837 = ORIENTED_EDGE('',*,*,#5387,.T.);
#6838 = ORIENTED_EDGE('',*,*,#5441,.T.);
#6839 = ORIENTED_EDGE('',*,*,#5490,.T.);
#6840 = ORIENTED_EDGE('',*,*,#5517,.T.);
#6841 = ADVANCED_FACE('',(#6842),#5602,.T.);
#6842 = FACE_BOUND('',#6843,.T.);
#6843 = EDGE_LOOP('',(#6844,#6845,#6846,#6847));
#6844 = ORIENTED_EDGE('',*,*,#5588,.T.);
#6845 = ORIENTED_EDGE('',*,*,#5642,.T.);
#6846 = ORIENTED_EDGE('',*,*,#5691,.T.);
#6847 = ORIENTED_EDGE('',*,*,#5718,.T.);
#6848 = ADVANCED_FACE('',(#6849),#5803,.T.);
#6849 = FACE_BOUND('',#6850,.T.);
#6850 = EDGE_LOOP('',(#6851,#6852,#6853,#6854));
#6851 = ORIENTED_EDGE('',*,*,#5789,.T.);
#6852 = ORIENTED_EDGE('',*,*,#5843,.T.);
#6853 = ORIENTED_EDGE('',*,*,#5892,.T.);
#6854 = ORIENTED_EDGE('',*,*,#5919,.T.);
#6855 = ADVANCED_FACE('',(#6856),#6004,.T.);
#6856 = FACE_BOUND('',#6857,.T.);
#6857 = EDGE_LOOP('',(#6858,#6859,#6860,#6861));
#6858 = ORIENTED_EDGE('',*,*,#5990,.T.);
#6859 = ORIENTED_EDGE('',*,*,#6044,.T.);
#6860 = ORIENTED_EDGE('',*,*,#6093,.T.);
#6861 = ORIENTED_EDGE('',*,*,#6120,.T.);
#6862 = ADVANCED_FACE('',(#6863),#6205,.T.);
#6863 = FACE_BOUND('',#6864,.T.);
#6864 = EDGE_LOOP('',(#6865,#6866,#6867,#6868));
#6865 = ORIENTED_EDGE('',*,*,#6191,.T.);
#6866 = ORIENTED_EDGE('',*,*,#6245,.T.);
#6867 = ORIENTED_EDGE('',*,*,#6294,.T.);
#6868 = ORIENTED_EDGE('',*,*,#6321,.T.);
#6869 = ADVANCED_FACE('',(#6870),#6406,.T.);
#6870 = FACE_BOUND('',#6871,.T.);
#6871 = EDGE_LOOP('',(#6872,#6873,#6874,#6875));
#6872 = ORIENTED_EDGE('',*,*,#6392,.T.);
#6873 = ORIENTED_EDGE('',*,*,#6446,.T.);
#6874 = ORIENTED_EDGE('',*,*,#6495,.T.);
#6875 = ORIENTED_EDGE('',*,*,#6522,.T.);
#6876 = ADVANCED_FACE('',(#6877),#6607,.T.);
#6877 = FACE_BOUND('',#6878,.T.);
#6878 = EDGE_LOOP('',(#6879,#6880,#6881,#6882));
#6879 = ORIENTED_EDGE('',*,*,#6593,.T.);
#6880 = ORIENTED_EDGE('',*,*,#6647,.T.);
#6881 = ORIENTED_EDGE('',*,*,#6696,.T.);
#6882 = ORIENTED_EDGE('',*,*,#6723,.T.);
#6883 = ( GEOMETRIC_REPRESENTATION_CONTEXT(3) 
GLOBAL_UNCERTAINTY_ASSIGNED_CONTEXT((#6887)) 
GLOBAL_UNIT_ASSIGNED_CONTEXT((#6884,#6885,#6886)) REPRESENTATION_CONTEXT
('Context #1','3D Context with UNIT and UNCERTAINTY') );
#6884 = ( LENGTH_UNIT() NAMED_UNIT(*) SI_UNIT(.MILLI.,.METRE.) );
#6885 = ( NAMED_UNIT(*) PLANE_ANGLE_UNIT() SI_UNIT($,.RADIAN.) );
#6886 = ( NAMED_UNIT(*) SI_UNIT($,.STERADIAN.) SOLID_ANGLE_UNIT() );
#6887 = UNCERTAINTY_MEASURE_WITH_UNIT(LENGTH_MEASURE(1.E-07),#6884,
  'distance_accuracy_value','confusion accuracy');
#6888 = CONTEXT_DEPENDENT_SHAPE_REPRESENTATION(#6889,#6891);
#6889 = ( REPRESENTATION_RELATIONSHIP('','',#112,#10) 
REPRESENTATION_RELATIONSHIP_WITH_TRANSFORMATION(#6890) 
SHAPE_REPRESENTATION_RELATIONSHIP() );
#6890 = ITEM_DEFINED_TRANSFORMATION('','',#11,#15);
#6891 = PRODUCT_DEFINITION_SHAPE('Placement','Placement of an item',
  #6892);
#6892 = NEXT_ASSEMBLY_USAGE_OCCURRENCE('84','insulator','',#5,#107,$);
#6893 = PRODUCT_RELATED_PRODUCT_CATEGORY('part',$,(#109));
#6894 = SHAPE_DEFINITION_REPRESENTATION(#6895,#6901);
#6895 = PRODUCT_DEFINITION_SHAPE('','',#6896);
#6896 = PRODUCT_DEFINITION('design','',#6897,#6900);
#6897 = PRODUCT_DEFINITION_FORMATION('','',#6898);
#6898 = PRODUCT('contact_1','contact_1','',(#6899));
#6899 = PRODUCT_CONTEXT('',#2,'mechanical');
#6900 = PRODUCT_DEFINITION_CONTEXT('part definition',#2,'design');
#6901 = ADVANCED_BREP_SHAPE_REPRESENTATION('',(#11,#6902),#7232);
#6902 = MANIFOLD_SOLID_BREP('',#6903);
#6903 = CLOSED_SHELL('',(#6904,#7024,#7124,#7171,#7218,#7225));
#6904 = ADVANCED_FACE('',(#6905),#6919,.F.);
#6905 = FACE_BOUND('',#6906,.F.);
#6906 = EDGE_LOOP('',(#6907,#6942,#6970,#6998));
#6907 = ORIENTED_EDGE('',*,*,#6908,.F.);
#6908 = EDGE_CURVE('',#6909,#6911,#6913,.T.);
#6909 = VERTEX_POINT('',#6910);
#6910 = CARTESIAN_POINT('',(-0.205,-0.395,-2.51));
#6911 = VERTEX_POINT('',#6912);
#6912 = CARTESIAN_POINT('',(-0.205,-0.395,0.13));
#6913 = SURFACE_CURVE('',#6914,(#6918,#6930),.PCURVE_S1.);
#6914 = LINE('',#6915,#6916);
#6915 = CARTESIAN_POINT('',(-0.205,-0.395,-2.51));
#6916 = VECTOR('',#6917,1.);
#6917 = DIRECTION('',(0.,0.,1.));
#6918 = PCURVE('',#6919,#6924);
#6919 = PLANE('',#6920);
#6920 = AXIS2_PLACEMENT_3D('',#6921,#6922,#6923);
#6921 = CARTESIAN_POINT('',(-0.205,-0.395,-2.51));
#6922 = DIRECTION('',(1.,0.,0.));
#6923 = DIRECTION('',(0.,0.,1.));
#6924 = DEFINITIONAL_REPRESENTATION('',(#6925),#6929);
#6925 = LINE('',#6926,#6927);
#6926 = CARTESIAN_POINT('',(0.,0.));
#6927 = VECTOR('',#6928,1.);
#6928 = DIRECTION('',(1.,0.));
#6929 = ( GEOMETRIC_REPRESENTATION_CONTEXT(2) 
PARAMETRIC_REPRESENTATION_CONTEXT() REPRESENTATION_CONTEXT('2D SPACE',''
  ) );
#6930 = PCURVE('',#6931,#6936);
#6931 = PLANE('',#6932);
#6932 = AXIS2_PLACEMENT_3D('',#6933,#6934,#6935);
#6933 = CARTESIAN_POINT('',(-0.205,-0.395,-2.51));
#6934 = DIRECTION('',(0.,1.,0.));
#6935 = DIRECTION('',(0.,0.,1.));
#6936 = DEFINITIONAL_REPRESENTATION('',(#6937),#6941);
#6937 = LINE('',#6938,#6939);
#6938 = CARTESIAN_POINT('',(0.,0.));
#6939 = VECTOR('',#6940,1.);
#6940 = DIRECTION('',(1.,0.));
#6941 = ( GEOMETRIC_REPRESENTATION_CONTEXT(2) 
PARAMETRIC_REPRESENTATION_CONTEXT() REPRESENTATION_CONTEXT('2D SPACE',''
  ) );
#6942 = ORIENTED_EDGE('',*,*,#6943,.T.);
#6943 = EDGE_CURVE('',#6909,#6944,#6946,.T.);
#6944 = VERTEX_POINT('',#6945);
#6945 = CARTESIAN_POINT('',(-0.205,0.395,-2.51));
#6946 = SURFACE_CURVE('',#6947,(#6951,#6958),.PCURVE_S1.);
#6947 = LINE('',#6948,#6949);
#6948 = CARTESIAN_POINT('',(-0.205,-0.395,-2.51));
#6949 = VECTOR('',#6950,1.);
#6950 = DIRECTION('',(0.,1.,0.));
#6951 = PCURVE('',#6919,#6952);
#6952 = DEFINITIONAL_REPRESENTATION('',(#6953),#6957);
#6953 = LINE('',#6954,#6955);
#6954 = CARTESIAN_POINT('',(0.,0.));
#6955 = VECTOR('',#6956,1.);
#6956 = DIRECTION('',(0.,-1.));
#6957 = ( GEOMETRIC_REPRESENTATION_CONTEXT(2) 
PARAMETRIC_REPRESENTATION_CONTEXT() REPRESENTATION_CONTEXT('2D SPACE',''
  ) );
#6958 = PCURVE('',#6959,#6964);
#6959 = PLANE('',#6960);
#6960 = AXIS2_PLACEMENT_3D('',#6961,#6962,#6963);
#6961 = CARTESIAN_POINT('',(-0.205,-0.395,-2.51));
#6962 = DIRECTION('',(0.,0.,1.));
#6963 = DIRECTION('',(1.,0.,0.));
#6964 = DEFINITIONAL_REPRESENTATION('',(#6965),#6969);
#6965 = LINE('',#6966,#6967);
#6966 = CARTESIAN_POINT('',(0.,0.));
#6967 = VECTOR('',#6968,1.);
#6968 = DIRECTION('',(0.,1.));
#6969 = ( GEOMETRIC_REPRESENTATION_CONTEXT(2) 
PARAMETRIC_REPRESENTATION_CONTEXT() REPRESENTATION_CONTEXT('2D SPACE',''
  ) );
#6970 = ORIENTED_EDGE('',*,*,#6971,.T.);
#6971 = EDGE_CURVE('',#6944,#6972,#6974,.T.);
#6972 = VERTEX_POINT('',#6973);
#6973 = CARTESIAN_POINT('',(-0.205,0.395,0.13));
#6974 = SURFACE_CURVE('',#6975,(#6979,#6986),.PCURVE_S1.);
#6975 = LINE('',#6976,#6977);
#6976 = CARTESIAN_POINT('',(-0.205,0.395,-2.51));
#6977 = VECTOR('',#6978,1.);
#6978 = DIRECTION('',(0.,0.,1.));
#6979 = PCURVE('',#6919,#6980);
#6980 = DEFINITIONAL_REPRESENTATION('',(#6981),#6985);
#6981 = LINE('',#6982,#6983);
#6982 = CARTESIAN_POINT('',(0.,-0.79));
#6983 = VECTOR('',#6984,1.);
#6984 = DIRECTION('',(1.,0.));
#6985 = ( GEOMETRIC_REPRESENTATION_CONTEXT(2) 
PARAMETRIC_REPRESENTATION_CONTEXT() REPRESENTATION_CONTEXT('2D SPACE',''
  ) );
#6986 = PCURVE('',#6987,#6992);
#6987 = PLANE('',#6988);
#6988 = AXIS2_PLACEMENT_3D('',#6989,#6990,#6991);
#6989 = CARTESIAN_POINT('',(-0.205,0.395,-2.51));
#6990 = DIRECTION('',(0.,1.,0.));
#6991 = DIRECTION('',(0.,0.,1.));
#6992 = DEFINITIONAL_REPRESENTATION('',(#6993),#6997);
#6993 = LINE('',#6994,#6995);
#6994 = CARTESIAN_POINT('',(0.,0.));
#6995 = VECTOR('',#6996,1.);
#6996 = DIRECTION('',(1.,0.));
#6997 = ( GEOMETRIC_REPRESENTATION_CONTEXT(2) 
PARAMETRIC_REPRESENTATION_CONTEXT() REPRESENTATION_CONTEXT('2D SPACE',''
  ) );
#6998 = ORIENTED_EDGE('',*,*,#6999,.F.);
#6999 = EDGE_CURVE('',#6911,#6972,#7000,.T.);
#7000 = SURFACE_CURVE('',#7001,(#7005,#7012),.PCURVE_S1.);
#7001 = LINE('',#7002,#7003);
#7002 = CARTESIAN_POINT('',(-0.205,-0.395,0.13));
#7003 = VECTOR('',#7004,1.);
#7004 = DIRECTION('',(0.,1.,0.));
#7005 = PCURVE('',#6919,#7006);
#7006 = DEFINITIONAL_REPRESENTATION('',(#7007),#7011);
#7007 = LINE('',#7008,#7009);
#7008 = CARTESIAN_POINT('',(2.64,0.));
#7009 = VECTOR('',#7010,1.);
#7010 = DIRECTION('',(0.,-1.));
#7011 = ( GEOMETRIC_REPRESENTATION_CONTEXT(2) 
PARAMETRIC_REPRESENTATION_CONTEXT() REPRESENTATION_CONTEXT('2D SPACE',''
  ) );
#7012 = PCURVE('',#7013,#7018);
#7013 = PLANE('',#7014);
#7014 = AXIS2_PLACEMENT_3D('',#7015,#7016,#7017);
#7015 = CARTESIAN_POINT('',(-0.205,-0.395,0.13));
#7016 = DIRECTION('',(0.,0.,1.));
#7017 = DIRECTION('',(1.,0.,0.));
#7018 = DEFINITIONAL_REPRESENTATION('',(#7019),#7023);
#7019 = LINE('',#7020,#7021);
#7020 = CARTESIAN_POINT('',(0.,0.));
#7021 = VECTOR('',#7022,1.);
#7022 = DIRECTION('',(0.,1.));
#7023 = ( GEOMETRIC_REPRESENTATION_CONTEXT(2) 
PARAMETRIC_REPRESENTATION_CONTEXT() REPRESENTATION_CONTEXT('2D SPACE',''
  ) );
#7024 = ADVANCED_FACE('',(#7025),#7039,.T.);
#7025 = FACE_BOUND('',#7026,.T.);
#7026 = EDGE_LOOP('',(#7027,#7057,#7080,#7103));
#7027 = ORIENTED_EDGE('',*,*,#7028,.F.);
#7028 = EDGE_CURVE('',#7029,#7031,#7033,.T.);
#7029 = VERTEX_POINT('',#7030);
#7030 = CARTESIAN_POINT('',(0.205,-0.395,-2.51));
#7031 = VERTEX_POINT('',#7032);
#7032 = CARTESIAN_POINT('',(0.205,-0.395,0.13));
#7033 = SURFACE_CURVE('',#7034,(#7038,#7050),.PCURVE_S1.);
#7034 = LINE('',#7035,#7036);
#7035 = CARTESIAN_POINT('',(0.205,-0.395,-2.51));
#7036 = VECTOR('',#7037,1.);
#7037 = DIRECTION('',(0.,0.,1.));
#7038 = PCURVE('',#7039,#7044);
#7039 = PLANE('',#7040);
#7040 = AXIS2_PLACEMENT_3D('',#7041,#7042,#7043);
#7041 = CARTESIAN_POINT('',(0.205,-0.395,-2.51));
#7042 = DIRECTION('',(1.,0.,0.));
#7043 = DIRECTION('',(0.,0.,1.));
#7044 = DEFINITIONAL_REPRESENTATION('',(#7045),#7049);
#7045 = LINE('',#7046,#7047);
#7046 = CARTESIAN_POINT('',(0.,0.));
#7047 = VECTOR('',#7048,1.);
#7048 = DIRECTION('',(1.,0.));
#7049 = ( GEOMETRIC_REPRESENTATION_CONTEXT(2) 
PARAMETRIC_REPRESENTATION_CONTEXT() REPRESENTATION_CONTEXT('2D SPACE',''
  ) );
#7050 = PCURVE('',#6931,#7051);
#7051 = DEFINITIONAL_REPRESENTATION('',(#7052),#7056);
#7052 = LINE('',#7053,#7054);
#7053 = CARTESIAN_POINT('',(0.,0.41));
#7054 = VECTOR('',#7055,1.);
#7055 = DIRECTION('',(1.,0.));
#7056 = ( GEOMETRIC_REPRESENTATION_CONTEXT(2) 
PARAMETRIC_REPRESENTATION_CONTEXT() REPRESENTATION_CONTEXT('2D SPACE',''
  ) );
#7057 = ORIENTED_EDGE('',*,*,#7058,.T.);
#7058 = EDGE_CURVE('',#7029,#7059,#7061,.T.);
#7059 = VERTEX_POINT('',#7060);
#7060 = CARTESIAN_POINT('',(0.205,0.395,-2.51));
#7061 = SURFACE_CURVE('',#7062,(#7066,#7073),.PCURVE_S1.);
#7062 = LINE('',#7063,#7064);
#7063 = CARTESIAN_POINT('',(0.205,-0.395,-2.51));
#7064 = VECTOR('',#7065,1.);
#7065 = DIRECTION('',(0.,1.,0.));
#7066 = PCURVE('',#7039,#7067);
#7067 = DEFINITIONAL_REPRESENTATION('',(#7068),#7072);
#7068 = LINE('',#7069,#7070);
#7069 = CARTESIAN_POINT('',(0.,0.));
#7070 = VECTOR('',#7071,1.);
#7071 = DIRECTION('',(0.,-1.));
#7072 = ( GEOMETRIC_REPRESENTATION_CONTEXT(2) 
PARAMETRIC_REPRESENTATION_CONTEXT() REPRESENTATION_CONTEXT('2D SPACE',''
  ) );
#7073 = PCURVE('',#6959,#7074);
#7074 = DEFINITIONAL_REPRESENTATION('',(#7075),#7079);
#7075 = LINE('',#7076,#7077);
#7076 = CARTESIAN_POINT('',(0.41,0.));
#7077 = VECTOR('',#7078,1.);
#7078 = DIRECTION('',(0.,1.));
#7079 = ( GEOMETRIC_REPRESENTATION_CONTEXT(2) 
PARAMETRIC_REPRESENTATION_CONTEXT() REPRESENTATION_CONTEXT('2D SPACE',''
  ) );
#7080 = ORIENTED_EDGE('',*,*,#7081,.T.);
#7081 = EDGE_CURVE('',#7059,#7082,#7084,.T.);
#7082 = VERTEX_POINT('',#7083);
#7083 = CARTESIAN_POINT('',(0.205,0.395,0.13));
#7084 = SURFACE_CURVE('',#7085,(#7089,#7096),.PCURVE_S1.);
#7085 = LINE('',#7086,#7087);
#7086 = CARTESIAN_POINT('',(0.205,0.395,-2.51));
#7087 = VECTOR('',#7088,1.);
#7088 = DIRECTION('',(0.,0.,1.));
#7089 = PCURVE('',#7039,#7090);
#7090 = DEFINITIONAL_REPRESENTATION('',(#7091),#7095);
#7091 = LINE('',#7092,#7093);
#7092 = CARTESIAN_POINT('',(0.,-0.79));
#7093 = VECTOR('',#7094,1.);
#7094 = DIRECTION('',(1.,0.));
#7095 = ( GEOMETRIC_REPRESENTATION_CONTEXT(2) 
PARAMETRIC_REPRESENTATION_CONTEXT() REPRESENTATION_CONTEXT('2D SPACE',''
  ) );
#7096 = PCURVE('',#6987,#7097);
#7097 = DEFINITIONAL_REPRESENTATION('',(#7098),#7102);
#7098 = LINE('',#7099,#7100);
#7099 = CARTESIAN_POINT('',(0.,0.41));
#7100 = VECTOR('',#7101,1.);
#7101 = DIRECTION('',(1.,0.));
#7102 = ( GEOMETRIC_REPRESENTATION_CONTEXT(2) 
PARAMETRIC_REPRESENTATION_CONTEXT() REPRESENTATION_CONTEXT('2D SPACE',''
  ) );
#7103 = ORIENTED_EDGE('',*,*,#7104,.F.);
#7104 = EDGE_CURVE('',#7031,#7082,#7105,.T.);
#7105 = SURFACE_CURVE('',#7106,(#7110,#7117),.PCURVE_S1.);
#7106 = LINE('',#7107,#7108);
#7107 = CARTESIAN_POINT('',(0.205,-0.395,0.13));
#7108 = VECTOR('',#7109,1.);
#7109 = DIRECTION('',(0.,1.,0.));
#7110 = PCURVE('',#7039,#7111);
#7111 = DEFINITIONAL_REPRESENTATION('',(#7112),#7116);
#7112 = LINE('',#7113,#7114);
#7113 = CARTESIAN_POINT('',(2.64,0.));
#7114 = VECTOR('',#7115,1.);
#7115 = DIRECTION('',(0.,-1.));
#7116 = ( GEOMETRIC_REPRESENTATION_CONTEXT(2) 
PARAMETRIC_REPRESENTATION_CONTEXT() REPRESENTATION_CONTEXT('2D SPACE',''
  ) );
#7117 = PCURVE('',#7013,#7118);
#7118 = DEFINITIONAL_REPRESENTATION('',(#7119),#7123);
#7119 = LINE('',#7120,#7121);
#7120 = CARTESIAN_POINT('',(0.41,0.));
#7121 = VECTOR('',#7122,1.);
#7122 = DIRECTION('',(0.,1.));
#7123 = ( GEOMETRIC_REPRESENTATION_CONTEXT(2) 
PARAMETRIC_REPRESENTATION_CONTEXT() REPRESENTATION_CONTEXT('2D SPACE',''
  ) );
#7124 = ADVANCED_FACE('',(#7125),#6931,.F.);
#7125 = FACE_BOUND('',#7126,.F.);
#7126 = EDGE_LOOP('',(#7127,#7148,#7149,#7170));
#7127 = ORIENTED_EDGE('',*,*,#7128,.F.);
#7128 = EDGE_CURVE('',#6909,#7029,#7129,.T.);
#7129 = SURFACE_CURVE('',#7130,(#7134,#7141),.PCURVE_S1.);
#7130 = LINE('',#7131,#7132);
#7131 = CARTESIAN_POINT('',(-0.205,-0.395,-2.51));
#7132 = VECTOR('',#7133,1.);
#7133 = DIRECTION('',(1.,0.,0.));
#7134 = PCURVE('',#6931,#7135);
#7135 = DEFINITIONAL_REPRESENTATION('',(#7136),#7140);
#7136 = LINE('',#7137,#7138);
#7137 = CARTESIAN_POINT('',(0.,0.));
#7138 = VECTOR('',#7139,1.);
#7139 = DIRECTION('',(0.,1.));
#7140 = ( GEOMETRIC_REPRESENTATION_CONTEXT(2) 
PARAMETRIC_REPRESENTATION_CONTEXT() REPRESENTATION_CONTEXT('2D SPACE',''
  ) );
#7141 = PCURVE('',#6959,#7142);
#7142 = DEFINITIONAL_REPRESENTATION('',(#7143),#7147);
#7143 = LINE('',#7144,#7145);
#7144 = CARTESIAN_POINT('',(0.,0.));
#7145 = VECTOR('',#7146,1.);
#7146 = DIRECTION('',(1.,0.));
#7147 = ( GEOMETRIC_REPRESENTATION_CONTEXT(2) 
PARAMETRIC_REPRESENTATION_CONTEXT() REPRESENTATION_CONTEXT('2D SPACE',''
  ) );
#7148 = ORIENTED_EDGE('',*,*,#6908,.T.);
#7149 = ORIENTED_EDGE('',*,*,#7150,.T.);
#7150 = EDGE_CURVE('',#6911,#7031,#7151,.T.);
#7151 = SURFACE_CURVE('',#7152,(#7156,#7163),.PCURVE_S1.);
#7152 = LINE('',#7153,#7154);
#7153 = CARTESIAN_POINT('',(-0.205,-0.395,0.13));
#7154 = VECTOR('',#7155,1.);
#7155 = DIRECTION('',(1.,0.,0.));
#7156 = PCURVE('',#6931,#7157);
#7157 = DEFINITIONAL_REPRESENTATION('',(#7158),#7162);
#7158 = LINE('',#7159,#7160);
#7159 = CARTESIAN_POINT('',(2.64,0.));
#7160 = VECTOR('',#7161,1.);
#7161 = DIRECTION('',(0.,1.));
#7162 = ( GEOMETRIC_REPRESENTATION_CONTEXT(2) 
PARAMETRIC_REPRESENTATION_CONTEXT() REPRESENTATION_CONTEXT('2D SPACE',''
  ) );
#7163 = PCURVE('',#7013,#7164);
#7164 = DEFINITIONAL_REPRESENTATION('',(#7165),#7169);
#7165 = LINE('',#7166,#7167);
#7166 = CARTESIAN_POINT('',(0.,0.));
#7167 = VECTOR('',#7168,1.);
#7168 = DIRECTION('',(1.,0.));
#7169 = ( GEOMETRIC_REPRESENTATION_CONTEXT(2) 
PARAMETRIC_REPRESENTATION_CONTEXT() REPRESENTATION_CONTEXT('2D SPACE',''
  ) );
#7170 = ORIENTED_EDGE('',*,*,#7028,.F.);
#7171 = ADVANCED_FACE('',(#7172),#6987,.T.);
#7172 = FACE_BOUND('',#7173,.T.);
#7173 = EDGE_LOOP('',(#7174,#7195,#7196,#7217));
#7174 = ORIENTED_EDGE('',*,*,#7175,.F.);
#7175 = EDGE_CURVE('',#6944,#7059,#7176,.T.);
#7176 = SURFACE_CURVE('',#7177,(#7181,#7188),.PCURVE_S1.);
#7177 = LINE('',#7178,#7179);
#7178 = CARTESIAN_POINT('',(-0.205,0.395,-2.51));
#7179 = VECTOR('',#7180,1.);
#7180 = DIRECTION('',(1.,0.,0.));
#7181 = PCURVE('',#6987,#7182);
#7182 = DEFINITIONAL_REPRESENTATION('',(#7183),#7187);
#7183 = LINE('',#7184,#7185);
#7184 = CARTESIAN_POINT('',(0.,0.));
#7185 = VECTOR('',#7186,1.);
#7186 = DIRECTION('',(0.,1.));
#7187 = ( GEOMETRIC_REPRESENTATION_CONTEXT(2) 
PARAMETRIC_REPRESENTATION_CONTEXT() REPRESENTATION_CONTEXT('2D SPACE',''
  ) );
#7188 = PCURVE('',#6959,#7189);
#7189 = DEFINITIONAL_REPRESENTATION('',(#7190),#7194);
#7190 = LINE('',#7191,#7192);
#7191 = CARTESIAN_POINT('',(0.,0.79));
#7192 = VECTOR('',#7193,1.);
#7193 = DIRECTION('',(1.,0.));
#7194 = ( GEOMETRIC_REPRESENTATION_CONTEXT(2) 
PARAMETRIC_REPRESENTATION_CONTEXT() REPRESENTATION_CONTEXT('2D SPACE',''
  ) );
#7195 = ORIENTED_EDGE('',*,*,#6971,.T.);
#7196 = ORIENTED_EDGE('',*,*,#7197,.T.);
#7197 = EDGE_CURVE('',#6972,#7082,#7198,.T.);
#7198 = SURFACE_CURVE('',#7199,(#7203,#7210),.PCURVE_S1.);
#7199 = LINE('',#7200,#7201);
#7200 = CARTESIAN_POINT('',(-0.205,0.395,0.13));
#7201 = VECTOR('',#7202,1.);
#7202 = DIRECTION('',(1.,0.,0.));
#7203 = PCURVE('',#6987,#7204);
#7204 = DEFINITIONAL_REPRESENTATION('',(#7205),#7209);
#7205 = LINE('',#7206,#7207);
#7206 = CARTESIAN_POINT('',(2.64,0.));
#7207 = VECTOR('',#7208,1.);
#7208 = DIRECTION('',(0.,1.));
#7209 = ( GEOMETRIC_REPRESENTATION_CONTEXT(2) 
PARAMETRIC_REPRESENTATION_CONTEXT() REPRESENTATION_CONTEXT('2D SPACE',''
  ) );
#7210 = PCURVE('',#7013,#7211);
#7211 = DEFINITIONAL_REPRESENTATION('',(#7212),#7216);
#7212 = LINE('',#7213,#7214);
#7213 = CARTESIAN_POINT('',(0.,0.79));
#7214 = VECTOR('',#7215,1.);
#7215 = DIRECTION('',(1.,0.));
#7216 = ( GEOMETRIC_REPRESENTATION_CONTEXT(2) 
PARAMETRIC_REPRESENTATION_CONTEXT() REPRESENTATION_CONTEXT('2D SPACE',''
  ) );
#7217 = ORIENTED_EDGE('',*,*,#7081,.F.);
#7218 = ADVANCED_FACE('',(#7219),#6959,.F.);
#7219 = FACE_BOUND('',#7220,.F.);
#7220 = EDGE_LOOP('',(#7221,#7222,#7223,#7224));
#7221 = ORIENTED_EDGE('',*,*,#6943,.F.);
#7222 = ORIENTED_EDGE('',*,*,#7128,.T.);
#7223 = ORIENTED_EDGE('',*,*,#7058,.T.);
#7224 = ORIENTED_EDGE('',*,*,#7175,.F.);
#7225 = ADVANCED_FACE('',(#7226),#7013,.T.);
#7226 = FACE_BOUND('',#7227,.T.);
#7227 = EDGE_LOOP('',(#7228,#7229,#7230,#7231));
#7228 = ORIENTED_EDGE('',*,*,#6999,.F.);
#7229 = ORIENTED_EDGE('',*,*,#7150,.T.);
#7230 = ORIENTED_EDGE('',*,*,#7104,.T.);
#7231 = ORIENTED_EDGE('',*,*,#7197,.F.);
#7232 = ( GEOMETRIC_REPRESENTATION_CONTEXT(3) 
GLOBAL_UNCERTAINTY_ASSIGNED_CONTEXT((#7236)) 
GLOBAL_UNIT_ASSIGNED_CONTEXT((#7233,#7234,#7235)) REPRESENTATION_CONTEXT
('Context #1','3D Context with UNIT and UNCERTAINTY') );
#7233 = ( LENGTH_UNIT() NAMED_UNIT(*) SI_UNIT(.MILLI.,.METRE.) );
#7234 = ( NAMED_UNIT(*) PLANE_ANGLE_UNIT() SI_UNIT($,.RADIAN.) );
#7235 = ( NAMED_UNIT(*) SI_UNIT($,.STERADIAN.) SOLID_ANGLE_UNIT() );
#7236 = UNCERTAINTY_MEASURE_WITH_UNIT(LENGTH_MEASURE(1.E-07),#7233,
  'distance_accuracy_value','confusion accuracy');
#7237 = CONTEXT_DEPENDENT_SHAPE_REPRESENTATION(#7238,#7240);
#7238 = ( REPRESENTATION_RELATIONSHIP('','',#6901,#10) 
REPRESENTATION_RELATIONSHIP_WITH_TRANSFORMATION(#7239) 
SHAPE_REPRESENTATION_RELATIONSHIP() );
#7239 = ITEM_DEFINED_TRANSFORMATION('','',#11,#19);
#7240 = PRODUCT_DEFINITION_SHAPE('Placement','Placement of an item',
  #7241);
#7241 = NEXT_ASSEMBLY_USAGE_OCCURRENCE('85','contact_1','',#5,#6896,$);
#7242 = PRODUCT_RELATED_PRODUCT_CATEGORY('part',$,(#6898));
#7243 = SHAPE_DEFINITION_REPRESENTATION(#7244,#7250);
#7244 = PRODUCT_DEFINITION_SHAPE('','',#7245);
#7245 = PRODUCT_DEFINITION('design','',#7246,#7249);
#7246 = PRODUCT_DEFINITION_FORMATION('','',#7247);
#7247 = PRODUCT('contact_2','contact_2','',(#7248));
#7248 = PRODUCT_CONTEXT('',#2,'mechanical');
#7249 = PRODUCT_DEFINITION_CONTEXT('part definition',#2,'design');
#7250 = ADVANCED_BREP_SHAPE_REPRESENTATION('',(#11,#7251),#7581);
#7251 = MANIFOLD_SOLID_BREP('',#7252);
#7252 = CLOSED_SHELL('',(#7253,#7373,#7473,#7520,#7567,#7574));
#7253 = ADVANCED_FACE('',(#7254),#7268,.F.);
#7254 = FACE_BOUND('',#7255,.F.);
#7255 = EDGE_LOOP('',(#7256,#7291,#7319,#7347));
#7256 = ORIENTED_EDGE('',*,*,#7257,.F.);
#7257 = EDGE_CURVE('',#7258,#7260,#7262,.T.);
#7258 = VERTEX_POINT('',#7259);
#7259 = CARTESIAN_POINT('',(2.335,-0.395,-2.51));
#7260 = VERTEX_POINT('',#7261);
#7261 = CARTESIAN_POINT('',(2.335,-0.395,0.13));
#7262 = SURFACE_CURVE('',#7263,(#7267,#7279),.PCURVE_S1.);
#7263 = LINE('',#7264,#7265);
#7264 = CARTESIAN_POINT('',(2.335,-0.395,-2.51));
#7265 = VECTOR('',#7266,1.);
#7266 = DIRECTION('',(0.,0.,1.));
#7267 = PCURVE('',#7268,#7273);
#7268 = PLANE('',#7269);
#7269 = AXIS2_PLACEMENT_3D('',#7270,#7271,#7272);
#7270 = CARTESIAN_POINT('',(2.335,-0.395,-2.51));
#7271 = DIRECTION('',(1.,0.,0.));
#7272 = DIRECTION('',(0.,0.,1.));
#7273 = DEFINITIONAL_REPRESENTATION('',(#7274),#7278);
#7274 = LINE('',#7275,#7276);
#7275 = CARTESIAN_POINT('',(0.,0.));
#7276 = VECTOR('',#7277,1.);
#7277 = DIRECTION('',(1.,0.));
#7278 = ( GEOMETRIC_REPRESENTATION_CONTEXT(2) 
PARAMETRIC_REPRESENTATION_CONTEXT() REPRESENTATION_CONTEXT('2D SPACE',''
  ) );
#7279 = PCURVE('',#7280,#7285);
#7280 = PLANE('',#7281);
#7281 = AXIS2_PLACEMENT_3D('',#7282,#7283,#7284);
#7282 = CARTESIAN_POINT('',(2.335,-0.395,-2.51));
#7283 = DIRECTION('',(0.,1.,0.));
#7284 = DIRECTION('',(0.,0.,1.));
#7285 = DEFINITIONAL_REPRESENTATION('',(#7286),#7290);
#7286 = LINE('',#7287,#7288);
#7287 = CARTESIAN_POINT('',(0.,0.));
#7288 = VECTOR('',#7289,1.);
#7289 = DIRECTION('',(1.,0.));
#7290 = ( GEOMETRIC_REPRESENTATION_CONTEXT(2) 
PARAMETRIC_REPRESENTATION_CONTEXT() REPRESENTATION_CONTEXT('2D SPACE',''
  ) );
#7291 = ORIENTED_EDGE('',*,*,#7292,.T.);
#7292 = EDGE_CURVE('',#7258,#7293,#7295,.T.);
#7293 = VERTEX_POINT('',#7294);
#7294 = CARTESIAN_POINT('',(2.335,0.395,-2.51));
#7295 = SURFACE_CURVE('',#7296,(#7300,#7307),.PCURVE_S1.);
#7296 = LINE('',#7297,#7298);
#7297 = CARTESIAN_POINT('',(2.335,-0.395,-2.51));
#7298 = VECTOR('',#7299,1.);
#7299 = DIRECTION('',(0.,1.,0.));
#7300 = PCURVE('',#7268,#7301);
#7301 = DEFINITIONAL_REPRESENTATION('',(#7302),#7306);
#7302 = LINE('',#7303,#7304);
#7303 = CARTESIAN_POINT('',(0.,0.));
#7304 = VECTOR('',#7305,1.);
#7305 = DIRECTION('',(0.,-1.));
#7306 = ( GEOMETRIC_REPRESENTATION_CONTEXT(2) 
PARAMETRIC_REPRESENTATION_CONTEXT() REPRESENTATION_CONTEXT('2D SPACE',''
  ) );
#7307 = PCURVE('',#7308,#7313);
#7308 = PLANE('',#7309);
#7309 = AXIS2_PLACEMENT_3D('',#7310,#7311,#7312);
#7310 = CARTESIAN_POINT('',(2.335,-0.395,-2.51));
#7311 = DIRECTION('',(0.,0.,1.));
#7312 = DIRECTION('',(1.,0.,0.));
#7313 = DEFINITIONAL_REPRESENTATION('',(#7314),#7318);
#7314 = LINE('',#7315,#7316);
#7315 = CARTESIAN_POINT('',(0.,0.));
#7316 = VECTOR('',#7317,1.);
#7317 = DIRECTION('',(0.,1.));
#7318 = ( GEOMETRIC_REPRESENTATION_CONTEXT(2) 
PARAMETRIC_REPRESENTATION_CONTEXT() REPRESENTATION_CONTEXT('2D SPACE',''
  ) );
#7319 = ORIENTED_EDGE('',*,*,#7320,.T.);
#7320 = EDGE_CURVE('',#7293,#7321,#7323,.T.);
#7321 = VERTEX_POINT('',#7322);
#7322 = CARTESIAN_POINT('',(2.335,0.395,0.13));
#7323 = SURFACE_CURVE('',#7324,(#7328,#7335),.PCURVE_S1.);
#7324 = LINE('',#7325,#7326);
#7325 = CARTESIAN_POINT('',(2.335,0.395,-2.51));
#7326 = VECTOR('',#7327,1.);
#7327 = DIRECTION('',(0.,0.,1.));
#7328 = PCURVE('',#7268,#7329);
#7329 = DEFINITIONAL_REPRESENTATION('',(#7330),#7334);
#7330 = LINE('',#7331,#7332);
#7331 = CARTESIAN_POINT('',(0.,-0.79));
#7332 = VECTOR('',#7333,1.);
#7333 = DIRECTION('',(1.,0.));
#7334 = ( GEOMETRIC_REPRESENTATION_CONTEXT(2) 
PARAMETRIC_REPRESENTATION_CONTEXT() REPRESENTATION_CONTEXT('2D SPACE',''
  ) );
#7335 = PCURVE('',#7336,#7341);
#7336 = PLANE('',#7337);
#7337 = AXIS2_PLACEMENT_3D('',#7338,#7339,#7340);
#7338 = CARTESIAN_POINT('',(2.335,0.395,-2.51));
#7339 = DIRECTION('',(0.,1.,0.));
#7340 = DIRECTION('',(0.,0.,1.));
#7341 = DEFINITIONAL_REPRESENTATION('',(#7342),#7346);
#7342 = LINE('',#7343,#7344);
#7343 = CARTESIAN_POINT('',(0.,0.));
#7344 = VECTOR('',#7345,1.);
#7345 = DIRECTION('',(1.,0.));
#7346 = ( GEOMETRIC_REPRESENTATION_CONTEXT(2) 
PARAMETRIC_REPRESENTATION_CONTEXT() REPRESENTATION_CONTEXT('2D SPACE',''
  ) );
#7347 = ORIENTED_EDGE('',*,*,#7348,.F.);
#7348 = EDGE_CURVE('',#7260,#7321,#7349,.T.);
#7349 = SURFACE_CURVE('',#7350,(#7354,#7361),.PCURVE_S1.);
#7350 = LINE('',#7351,#7352);
#7351 = CARTESIAN_POINT('',(2.335,-0.395,0.13));
#7352 = VECTOR('',#7353,1.);
#7353 = DIRECTION('',(0.,1.,0.));
#7354 = PCURVE('',#7268,#7355);
#7355 = DEFINITIONAL_REPRESENTATION('',(#7356),#7360);
#7356 = LINE('',#7357,#7358);
#7357 = CARTESIAN_POINT('',(2.64,0.));
#7358 = VECTOR('',#7359,1.);
#7359 = DIRECTION('',(0.,-1.));
#7360 = ( GEOMETRIC_REPRESENTATION_CONTEXT(2) 
PARAMETRIC_REPRESENTATION_CONTEXT() REPRESENTATION_CONTEXT('2D SPACE',''
  ) );
#7361 = PCURVE('',#7362,#7367);
#7362 = PLANE('',#7363);
#7363 = AXIS2_PLACEMENT_3D('',#7364,#7365,#7366);
#7364 = CARTESIAN_POINT('',(2.335,-0.395,0.13));
#7365 = DIRECTION('',(0.,0.,1.));
#7366 = DIRECTION('',(1.,0.,0.));
#7367 = DEFINITIONAL_REPRESENTATION('',(#7368),#7372);
#7368 = LINE('',#7369,#7370);
#7369 = CARTESIAN_POINT('',(0.,0.));
#7370 = VECTOR('',#7371,1.);
#7371 = DIRECTION('',(0.,1.));
#7372 = ( GEOMETRIC_REPRESENTATION_CONTEXT(2) 
PARAMETRIC_REPRESENTATION_CONTEXT() REPRESENTATION_CONTEXT('2D SPACE',''
  ) );
#7373 = ADVANCED_FACE('',(#7374),#7388,.T.);
#7374 = FACE_BOUND('',#7375,.T.);
#7375 = EDGE_LOOP('',(#7376,#7406,#7429,#7452));
#7376 = ORIENTED_EDGE('',*,*,#7377,.F.);
#7377 = EDGE_CURVE('',#7378,#7380,#7382,.T.);
#7378 = VERTEX_POINT('',#7379);
#7379 = CARTESIAN_POINT('',(2.745,-0.395,-2.51));
#7380 = VERTEX_POINT('',#7381);
#7381 = CARTESIAN_POINT('',(2.745,-0.395,0.13));
#7382 = SURFACE_CURVE('',#7383,(#7387,#7399),.PCURVE_S1.);
#7383 = LINE('',#7384,#7385);
#7384 = CARTESIAN_POINT('',(2.745,-0.395,-2.51));
#7385 = VECTOR('',#7386,1.);
#7386 = DIRECTION('',(0.,0.,1.));
#7387 = PCURVE('',#7388,#7393);
#7388 = PLANE('',#7389);
#7389 = AXIS2_PLACEMENT_3D('',#7390,#7391,#7392);
#7390 = CARTESIAN_POINT('',(2.745,-0.395,-2.51));
#7391 = DIRECTION('',(1.,0.,0.));
#7392 = DIRECTION('',(0.,0.,1.));
#7393 = DEFINITIONAL_REPRESENTATION('',(#7394),#7398);
#7394 = LINE('',#7395,#7396);
#7395 = CARTESIAN_POINT('',(0.,0.));
#7396 = VECTOR('',#7397,1.);
#7397 = DIRECTION('',(1.,0.));
#7398 = ( GEOMETRIC_REPRESENTATION_CONTEXT(2) 
PARAMETRIC_REPRESENTATION_CONTEXT() REPRESENTATION_CONTEXT('2D SPACE',''
  ) );
#7399 = PCURVE('',#7280,#7400);
#7400 = DEFINITIONAL_REPRESENTATION('',(#7401),#7405);
#7401 = LINE('',#7402,#7403);
#7402 = CARTESIAN_POINT('',(0.,0.41));
#7403 = VECTOR('',#7404,1.);
#7404 = DIRECTION('',(1.,0.));
#7405 = ( GEOMETRIC_REPRESENTATION_CONTEXT(2) 
PARAMETRIC_REPRESENTATION_CONTEXT() REPRESENTATION_CONTEXT('2D SPACE',''
  ) );
#7406 = ORIENTED_EDGE('',*,*,#7407,.T.);
#7407 = EDGE_CURVE('',#7378,#7408,#7410,.T.);
#7408 = VERTEX_POINT('',#7409);
#7409 = CARTESIAN_POINT('',(2.745,0.395,-2.51));
#7410 = SURFACE_CURVE('',#7411,(#7415,#7422),.PCURVE_S1.);
#7411 = LINE('',#7412,#7413);
#7412 = CARTESIAN_POINT('',(2.745,-0.395,-2.51));
#7413 = VECTOR('',#7414,1.);
#7414 = DIRECTION('',(0.,1.,0.));
#7415 = PCURVE('',#7388,#7416);
#7416 = DEFINITIONAL_REPRESENTATION('',(#7417),#7421);
#7417 = LINE('',#7418,#7419);
#7418 = CARTESIAN_POINT('',(0.,0.));
#7419 = VECTOR('',#7420,1.);
#7420 = DIRECTION('',(0.,-1.));
#7421 = ( GEOMETRIC_REPRESENTATION_CONTEXT(2) 
PARAMETRIC_REPRESENTATION_CONTEXT() REPRESENTATION_CONTEXT('2D SPACE',''
  ) );
#7422 = PCURVE('',#7308,#7423);
#7423 = DEFINITIONAL_REPRESENTATION('',(#7424),#7428);
#7424 = LINE('',#7425,#7426);
#7425 = CARTESIAN_POINT('',(0.41,0.));
#7426 = VECTOR('',#7427,1.);
#7427 = DIRECTION('',(0.,1.));
#7428 = ( GEOMETRIC_REPRESENTATION_CONTEXT(2) 
PARAMETRIC_REPRESENTATION_CONTEXT() REPRESENTATION_CONTEXT('2D SPACE',''
  ) );
#7429 = ORIENTED_EDGE('',*,*,#7430,.T.);
#7430 = EDGE_CURVE('',#7408,#7431,#7433,.T.);
#7431 = VERTEX_POINT('',#7432);
#7432 = CARTESIAN_POINT('',(2.745,0.395,0.13));
#7433 = SURFACE_CURVE('',#7434,(#7438,#7445),.PCURVE_S1.);
#7434 = LINE('',#7435,#7436);
#7435 = CARTESIAN_POINT('',(2.745,0.395,-2.51));
#7436 = VECTOR('',#7437,1.);
#7437 = DIRECTION('',(0.,0.,1.));
#7438 = PCURVE('',#7388,#7439);
#7439 = DEFINITIONAL_REPRESENTATION('',(#7440),#7444);
#7440 = LINE('',#7441,#7442);
#7441 = CARTESIAN_POINT('',(0.,-0.79));
#7442 = VECTOR('',#7443,1.);
#7443 = DIRECTION('',(1.,0.));
#7444 = ( GEOMETRIC_REPRESENTATION_CONTEXT(2) 
PARAMETRIC_REPRESENTATION_CONTEXT() REPRESENTATION_CONTEXT('2D SPACE',''
  ) );
#7445 = PCURVE('',#7336,#7446);
#7446 = DEFINITIONAL_REPRESENTATION('',(#7447),#7451);
#7447 = LINE('',#7448,#7449);
#7448 = CARTESIAN_POINT('',(0.,0.41));
#7449 = VECTOR('',#7450,1.);
#7450 = DIRECTION('',(1.,0.));
#7451 = ( GEOMETRIC_REPRESENTATION_CONTEXT(2) 
PARAMETRIC_REPRESENTATION_CONTEXT() REPRESENTATION_CONTEXT('2D SPACE',''
  ) );
#7452 = ORIENTED_EDGE('',*,*,#7453,.F.);
#7453 = EDGE_CURVE('',#7380,#7431,#7454,.T.);
#7454 = SURFACE_CURVE('',#7455,(#7459,#7466),.PCURVE_S1.);
#7455 = LINE('',#7456,#7457);
#7456 = CARTESIAN_POINT('',(2.745,-0.395,0.13));
#7457 = VECTOR('',#7458,1.);
#7458 = DIRECTION('',(0.,1.,0.));
#7459 = PCURVE('',#7388,#7460);
#7460 = DEFINITIONAL_REPRESENTATION('',(#7461),#7465);
#7461 = LINE('',#7462,#7463);
#7462 = CARTESIAN_POINT('',(2.64,0.));
#7463 = VECTOR('',#7464,1.);
#7464 = DIRECTION('',(0.,-1.));
#7465 = ( GEOMETRIC_REPRESENTATION_CONTEXT(2) 
PARAMETRIC_REPRESENTATION_CONTEXT() REPRESENTATION_CONTEXT('2D SPACE',''
  ) );
#7466 = PCURVE('',#7362,#7467);
#7467 = DEFINITIONAL_REPRESENTATION('',(#7468),#7472);
#7468 = LINE('',#7469,#7470);
#7469 = CARTESIAN_POINT('',(0.41,0.));
#7470 = VECTOR('',#7471,1.);
#7471 = DIRECTION('',(0.,1.));
#7472 = ( GEOMETRIC_REPRESENTATION_CONTEXT(2) 
PARAMETRIC_REPRESENTATION_CONTEXT() REPRESENTATION_CONTEXT('2D SPACE',''
  ) );
#7473 = ADVANCED_FACE('',(#7474),#7280,.F.);
#7474 = FACE_BOUND('',#7475,.F.);
#7475 = EDGE_LOOP('',(#7476,#7497,#7498,#7519));
#7476 = ORIENTED_EDGE('',*,*,#7477,.F.);
#7477 = EDGE_CURVE('',#7258,#7378,#7478,.T.);
#7478 = SURFACE_CURVE('',#7479,(#7483,#7490),.PCURVE_S1.);
#7479 = LINE('',#7480,#7481);
#7480 = CARTESIAN_POINT('',(2.335,-0.395,-2.51));
#7481 = VECTOR('',#7482,1.);
#7482 = DIRECTION('',(1.,0.,0.));
#7483 = PCURVE('',#7280,#7484);
#7484 = DEFINITIONAL_REPRESENTATION('',(#7485),#7489);
#7485 = LINE('',#7486,#7487);
#7486 = CARTESIAN_POINT('',(0.,0.));
#7487 = VECTOR('',#7488,1.);
#7488 = DIRECTION('',(0.,1.));
#7489 = ( GEOMETRIC_REPRESENTATION_CONTEXT(2) 
PARAMETRIC_REPRESENTATION_CONTEXT() REPRESENTATION_CONTEXT('2D SPACE',''
  ) );
#7490 = PCURVE('',#7308,#7491);
#7491 = DEFINITIONAL_REPRESENTATION('',(#7492),#7496);
#7492 = LINE('',#7493,#7494);
#7493 = CARTESIAN_POINT('',(0.,0.));
#7494 = VECTOR('',#7495,1.);
#7495 = DIRECTION('',(1.,0.));
#7496 = ( GEOMETRIC_REPRESENTATION_CONTEXT(2) 
PARAMETRIC_REPRESENTATION_CONTEXT() REPRESENTATION_CONTEXT('2D SPACE',''
  ) );
#7497 = ORIENTED_EDGE('',*,*,#7257,.T.);
#7498 = ORIENTED_EDGE('',*,*,#7499,.T.);
#7499 = EDGE_CURVE('',#7260,#7380,#7500,.T.);
#7500 = SURFACE_CURVE('',#7501,(#7505,#7512),.PCURVE_S1.);
#7501 = LINE('',#7502,#7503);
#7502 = CARTESIAN_POINT('',(2.335,-0.395,0.13));
#7503 = VECTOR('',#7504,1.);
#7504 = DIRECTION('',(1.,0.,0.));
#7505 = PCURVE('',#7280,#7506);
#7506 = DEFINITIONAL_REPRESENTATION('',(#7507),#7511);
#7507 = LINE('',#7508,#7509);
#7508 = CARTESIAN_POINT('',(2.64,0.));
#7509 = VECTOR('',#7510,1.);
#7510 = DIRECTION('',(0.,1.));
#7511 = ( GEOMETRIC_REPRESENTATION_CONTEXT(2) 
PARAMETRIC_REPRESENTATION_CONTEXT() REPRESENTATION_CONTEXT('2D SPACE',''
  ) );
#7512 = PCURVE('',#7362,#7513);
#7513 = DEFINITIONAL_REPRESENTATION('',(#7514),#7518);
#7514 = LINE('',#7515,#7516);
#7515 = CARTESIAN_POINT('',(0.,0.));
#7516 = VECTOR('',#7517,1.);
#7517 = DIRECTION('',(1.,0.));
#7518 = ( GEOMETRIC_REPRESENTATION_CONTEXT(2) 
PARAMETRIC_REPRESENTATION_CONTEXT() REPRESENTATION_CONTEXT('2D SPACE',''
  ) );
#7519 = ORIENTED_EDGE('',*,*,#7377,.F.);
#7520 = ADVANCED_FACE('',(#7521),#7336,.T.);
#7521 = FACE_BOUND('',#7522,.T.);
#7522 = EDGE_LOOP('',(#7523,#7544,#7545,#7566));
#7523 = ORIENTED_EDGE('',*,*,#7524,.F.);
#7524 = EDGE_CURVE('',#7293,#7408,#7525,.T.);
#7525 = SURFACE_CURVE('',#7526,(#7530,#7537),.PCURVE_S1.);
#7526 = LINE('',#7527,#7528);
#7527 = CARTESIAN_POINT('',(2.335,0.395,-2.51));
#7528 = VECTOR('',#7529,1.);
#7529 = DIRECTION('',(1.,0.,0.));
#7530 = PCURVE('',#7336,#7531);
#7531 = DEFINITIONAL_REPRESENTATION('',(#7532),#7536);
#7532 = LINE('',#7533,#7534);
#7533 = CARTESIAN_POINT('',(0.,0.));
#7534 = VECTOR('',#7535,1.);
#7535 = DIRECTION('',(0.,1.));
#7536 = ( GEOMETRIC_REPRESENTATION_CONTEXT(2) 
PARAMETRIC_REPRESENTATION_CONTEXT() REPRESENTATION_CONTEXT('2D SPACE',''
  ) );
#7537 = PCURVE('',#7308,#7538);
#7538 = DEFINITIONAL_REPRESENTATION('',(#7539),#7543);
#7539 = LINE('',#7540,#7541);
#7540 = CARTESIAN_POINT('',(0.,0.79));
#7541 = VECTOR('',#7542,1.);
#7542 = DIRECTION('',(1.,0.));
#7543 = ( GEOMETRIC_REPRESENTATION_CONTEXT(2) 
PARAMETRIC_REPRESENTATION_CONTEXT() REPRESENTATION_CONTEXT('2D SPACE',''
  ) );
#7544 = ORIENTED_EDGE('',*,*,#7320,.T.);
#7545 = ORIENTED_EDGE('',*,*,#7546,.T.);
#7546 = EDGE_CURVE('',#7321,#7431,#7547,.T.);
#7547 = SURFACE_CURVE('',#7548,(#7552,#7559),.PCURVE_S1.);
#7548 = LINE('',#7549,#7550);
#7549 = CARTESIAN_POINT('',(2.335,0.395,0.13));
#7550 = VECTOR('',#7551,1.);
#7551 = DIRECTION('',(1.,0.,0.));
#7552 = PCURVE('',#7336,#7553);
#7553 = DEFINITIONAL_REPRESENTATION('',(#7554),#7558);
#7554 = LINE('',#7555,#7556);
#7555 = CARTESIAN_POINT('',(2.64,0.));
#7556 = VECTOR('',#7557,1.);
#7557 = DIRECTION('',(0.,1.));
#7558 = ( GEOMETRIC_REPRESENTATION_CONTEXT(2) 
PARAMETRIC_REPRESENTATION_CONTEXT() REPRESENTATION_CONTEXT('2D SPACE',''
  ) );
#7559 = PCURVE('',#7362,#7560);
#7560 = DEFINITIONAL_REPRESENTATION('',(#7561),#7565);
#7561 = LINE('',#7562,#7563);
#7562 = CARTESIAN_POINT('',(0.,0.79));
#7563 = VECTOR('',#7564,1.);
#7564 = DIRECTION('',(1.,0.));
#7565 = ( GEOMETRIC_REPRESENTATION_CONTEXT(2) 
PARAMETRIC_REPRESENTATION_CONTEXT() REPRESENTATION_CONTEXT('2D SPACE',''
  ) );
#7566 = ORIENTED_EDGE('',*,*,#7430,.F.);
#7567 = ADVANCED_FACE('',(#7568),#7308,.F.);
#7568 = FACE_BOUND('',#7569,.F.);
#7569 = EDGE_LOOP('',(#7570,#7571,#7572,#7573));
#7570 = ORIENTED_EDGE('',*,*,#7292,.F.);
#7571 = ORIENTED_EDGE('',*,*,#7477,.T.);
#7572 = ORIENTED_EDGE('',*,*,#7407,.T.);
#7573 = ORIENTED_EDGE('',*,*,#7524,.F.);
#7574 = ADVANCED_FACE('',(#7575),#7362,.T.);
#7575 = FACE_BOUND('',#7576,.T.);
#7576 = EDGE_LOOP('',(#7577,#7578,#7579,#7580));
#7577 = ORIENTED_EDGE('',*,*,#7348,.F.);
#7578 = ORIENTED_EDGE('',*,*,#7499,.T.);
#7579 = ORIENTED_EDGE('',*,*,#7453,.T.);
#7580 = ORIENTED_EDGE('',*,*,#7546,.F.);
#7581 = ( GEOMETRIC_REPRESENTATION_CONTEXT(3) 
GLOBAL_UNCERTAINTY_ASSIGNED_CONTEXT((#7585)) 
GLOBAL_UNIT_ASSIGNED_CONTEXT((#7582,#7583,#7584)) REPRESENTATION_CONTEXT
('Context #1','3D Context with UNIT and UNCERTAINTY') );
#7582 = ( LENGTH_UNIT() NAMED_UNIT(*) SI_UNIT(.MILLI.,.METRE.) );
#7583 = ( NAMED_UNIT(*) PLANE_ANGLE_UNIT() SI_UNIT($,.RADIAN.) );
#7584 = ( NAMED_UNIT(*) SI_UNIT($,.STERADIAN.) SOLID_ANGLE_UNIT() );
#7585 = UNCERTAINTY_MEASURE_WITH_UNIT(LENGTH_MEASURE(1.E-07),#7582,
  'distance_accuracy_value','confusion accuracy');
#7586 = CONTEXT_DEPENDENT_SHAPE_REPRESENTATION(#7587,#7589);
#7587 = ( REPRESENTATION_RELATIONSHIP('','',#7250,#10) 
REPRESENTATION_RELATIONSHIP_WITH_TRANSFORMATION(#7588) 
SHAPE_REPRESENTATION_RELATIONSHIP() );
#7588 = ITEM_DEFINED_TRANSFORMATION('','',#11,#23);
#7589 = PRODUCT_DEFINITION_SHAPE('Placement','Placement of an item',
  #7590);
#7590 = NEXT_ASSEMBLY_USAGE_OCCURRENCE('86','contact_2','',#5,#7245,$);
#7591 = PRODUCT_RELATED_PRODUCT_CATEGORY('part',$,(#7247));
#7592 = SHAPE_DEFINITION_REPRESENTATION(#7593,#7599);
#7593 = PRODUCT_DEFINITION_SHAPE('','',#7594);
#7594 = PRODUCT_DEFINITION('design','',#7595,#7598);
#7595 = PRODUCT_DEFINITION_FORMATION('','',#7596);
#7596 = PRODUCT('contact_3','contact_3','',(#7597));
#7597 = PRODUCT_CONTEXT('',#2,'mechanical');
#7598 = PRODUCT_DEFINITION_CONTEXT('part definition',#2,'design');
#7599 = ADVANCED_BREP_SHAPE_REPRESENTATION('',(#11,#7600),#7930);
#7600 = MANIFOLD_SOLID_BREP('',#7601);
#7601 = CLOSED_SHELL('',(#7602,#7722,#7822,#7869,#7916,#7923));
#7602 = ADVANCED_FACE('',(#7603),#7617,.F.);
#7603 = FACE_BOUND('',#7604,.F.);
#7604 = EDGE_LOOP('',(#7605,#7640,#7668,#7696));
#7605 = ORIENTED_EDGE('',*,*,#7606,.F.);
#7606 = EDGE_CURVE('',#7607,#7609,#7611,.T.);
#7607 = VERTEX_POINT('',#7608);
#7608 = CARTESIAN_POINT('',(-0.205,-2.935,-2.51));
#7609 = VERTEX_POINT('',#7610);
#7610 = CARTESIAN_POINT('',(-0.205,-2.935,0.13));
#7611 = SURFACE_CURVE('',#7612,(#7616,#7628),.PCURVE_S1.);
#7612 = LINE('',#7613,#7614);
#7613 = CARTESIAN_POINT('',(-0.205,-2.935,-2.51));
#7614 = VECTOR('',#7615,1.);
#7615 = DIRECTION('',(0.,0.,1.));
#7616 = PCURVE('',#7617,#7622);
#7617 = PLANE('',#7618);
#7618 = AXIS2_PLACEMENT_3D('',#7619,#7620,#7621);
#7619 = CARTESIAN_POINT('',(-0.205,-2.935,-2.51));
#7620 = DIRECTION('',(1.,0.,0.));
#7621 = DIRECTION('',(0.,0.,1.));
#7622 = DEFINITIONAL_REPRESENTATION('',(#7623),#7627);
#7623 = LINE('',#7624,#7625);
#7624 = CARTESIAN_POINT('',(0.,0.));
#7625 = VECTOR('',#7626,1.);
#7626 = DIRECTION('',(1.,0.));
#7627 = ( GEOMETRIC_REPRESENTATION_CONTEXT(2) 
PARAMETRIC_REPRESENTATION_CONTEXT() REPRESENTATION_CONTEXT('2D SPACE',''
  ) );
#7628 = PCURVE('',#7629,#7634);
#7629 = PLANE('',#7630);
#7630 = AXIS2_PLACEMENT_3D('',#7631,#7632,#7633);
#7631 = CARTESIAN_POINT('',(-0.205,-2.935,-2.51));
#7632 = DIRECTION('',(0.,1.,0.));
#7633 = DIRECTION('',(0.,0.,1.));
#7634 = DEFINITIONAL_REPRESENTATION('',(#7635),#7639);
#7635 = LINE('',#7636,#7637);
#7636 = CARTESIAN_POINT('',(0.,0.));
#7637 = VECTOR('',#7638,1.);
#7638 = DIRECTION('',(1.,0.));
#7639 = ( GEOMETRIC_REPRESENTATION_CONTEXT(2) 
PARAMETRIC_REPRESENTATION_CONTEXT() REPRESENTATION_CONTEXT('2D SPACE',''
  ) );
#7640 = ORIENTED_EDGE('',*,*,#7641,.T.);
#7641 = EDGE_CURVE('',#7607,#7642,#7644,.T.);
#7642 = VERTEX_POINT('',#7643);
#7643 = CARTESIAN_POINT('',(-0.205,-2.145,-2.51));
#7644 = SURFACE_CURVE('',#7645,(#7649,#7656),.PCURVE_S1.);
#7645 = LINE('',#7646,#7647);
#7646 = CARTESIAN_POINT('',(-0.205,-2.935,-2.51));
#7647 = VECTOR('',#7648,1.);
#7648 = DIRECTION('',(0.,1.,0.));
#7649 = PCURVE('',#7617,#7650);
#7650 = DEFINITIONAL_REPRESENTATION('',(#7651),#7655);
#7651 = LINE('',#7652,#7653);
#7652 = CARTESIAN_POINT('',(0.,0.));
#7653 = VECTOR('',#7654,1.);
#7654 = DIRECTION('',(0.,-1.));
#7655 = ( GEOMETRIC_REPRESENTATION_CONTEXT(2) 
PARAMETRIC_REPRESENTATION_CONTEXT() REPRESENTATION_CONTEXT('2D SPACE',''
  ) );
#7656 = PCURVE('',#7657,#7662);
#7657 = PLANE('',#7658);
#7658 = AXIS2_PLACEMENT_3D('',#7659,#7660,#7661);
#7659 = CARTESIAN_POINT('',(-0.205,-2.935,-2.51));
#7660 = DIRECTION('',(0.,0.,1.));
#7661 = DIRECTION('',(1.,0.,0.));
#7662 = DEFINITIONAL_REPRESENTATION('',(#7663),#7667);
#7663 = LINE('',#7664,#7665);
#7664 = CARTESIAN_POINT('',(0.,0.));
#7665 = VECTOR('',#7666,1.);
#7666 = DIRECTION('',(0.,1.));
#7667 = ( GEOMETRIC_REPRESENTATION_CONTEXT(2) 
PARAMETRIC_REPRESENTATION_CONTEXT() REPRESENTATION_CONTEXT('2D SPACE',''
  ) );
#7668 = ORIENTED_EDGE('',*,*,#7669,.T.);
#7669 = EDGE_CURVE('',#7642,#7670,#7672,.T.);
#7670 = VERTEX_POINT('',#7671);
#7671 = CARTESIAN_POINT('',(-0.205,-2.145,0.13));
#7672 = SURFACE_CURVE('',#7673,(#7677,#7684),.PCURVE_S1.);
#7673 = LINE('',#7674,#7675);
#7674 = CARTESIAN_POINT('',(-0.205,-2.145,-2.51));
#7675 = VECTOR('',#7676,1.);
#7676 = DIRECTION('',(0.,0.,1.));
#7677 = PCURVE('',#7617,#7678);
#7678 = DEFINITIONAL_REPRESENTATION('',(#7679),#7683);
#7679 = LINE('',#7680,#7681);
#7680 = CARTESIAN_POINT('',(0.,-0.79));
#7681 = VECTOR('',#7682,1.);
#7682 = DIRECTION('',(1.,0.));
#7683 = ( GEOMETRIC_REPRESENTATION_CONTEXT(2) 
PARAMETRIC_REPRESENTATION_CONTEXT() REPRESENTATION_CONTEXT('2D SPACE',''
  ) );
#7684 = PCURVE('',#7685,#7690);
#7685 = PLANE('',#7686);
#7686 = AXIS2_PLACEMENT_3D('',#7687,#7688,#7689);
#7687 = CARTESIAN_POINT('',(-0.205,-2.145,-2.51));
#7688 = DIRECTION('',(0.,1.,0.));
#7689 = DIRECTION('',(0.,0.,1.));
#7690 = DEFINITIONAL_REPRESENTATION('',(#7691),#7695);
#7691 = LINE('',#7692,#7693);
#7692 = CARTESIAN_POINT('',(0.,0.));
#7693 = VECTOR('',#7694,1.);
#7694 = DIRECTION('',(1.,0.));
#7695 = ( GEOMETRIC_REPRESENTATION_CONTEXT(2) 
PARAMETRIC_REPRESENTATION_CONTEXT() REPRESENTATION_CONTEXT('2D SPACE',''
  ) );
#7696 = ORIENTED_EDGE('',*,*,#7697,.F.);
#7697 = EDGE_CURVE('',#7609,#7670,#7698,.T.);
#7698 = SURFACE_CURVE('',#7699,(#7703,#7710),.PCURVE_S1.);
#7699 = LINE('',#7700,#7701);
#7700 = CARTESIAN_POINT('',(-0.205,-2.935,0.13));
#7701 = VECTOR('',#7702,1.);
#7702 = DIRECTION('',(0.,1.,0.));
#7703 = PCURVE('',#7617,#7704);
#7704 = DEFINITIONAL_REPRESENTATION('',(#7705),#7709);
#7705 = LINE('',#7706,#7707);
#7706 = CARTESIAN_POINT('',(2.64,0.));
#7707 = VECTOR('',#7708,1.);
#7708 = DIRECTION('',(0.,-1.));
#7709 = ( GEOMETRIC_REPRESENTATION_CONTEXT(2) 
PARAMETRIC_REPRESENTATION_CONTEXT() REPRESENTATION_CONTEXT('2D SPACE',''
  ) );
#7710 = PCURVE('',#7711,#7716);
#7711 = PLANE('',#7712);
#7712 = AXIS2_PLACEMENT_3D('',#7713,#7714,#7715);
#7713 = CARTESIAN_POINT('',(-0.205,-2.935,0.13));
#7714 = DIRECTION('',(0.,0.,1.));
#7715 = DIRECTION('',(1.,0.,0.));
#7716 = DEFINITIONAL_REPRESENTATION('',(#7717),#7721);
#7717 = LINE('',#7718,#7719);
#7718 = CARTESIAN_POINT('',(0.,0.));
#7719 = VECTOR('',#7720,1.);
#7720 = DIRECTION('',(0.,1.));
#7721 = ( GEOMETRIC_REPRESENTATION_CONTEXT(2) 
PARAMETRIC_REPRESENTATION_CONTEXT() REPRESENTATION_CONTEXT('2D SPACE',''
  ) );
#7722 = ADVANCED_FACE('',(#7723),#7737,.T.);
#7723 = FACE_BOUND('',#7724,.T.);
#7724 = EDGE_LOOP('',(#7725,#7755,#7778,#7801));
#7725 = ORIENTED_EDGE('',*,*,#7726,.F.);
#7726 = EDGE_CURVE('',#7727,#7729,#7731,.T.);
#7727 = VERTEX_POINT('',#7728);
#7728 = CARTESIAN_POINT('',(0.205,-2.935,-2.51));
#7729 = VERTEX_POINT('',#7730);
#7730 = CARTESIAN_POINT('',(0.205,-2.935,0.13));
#7731 = SURFACE_CURVE('',#7732,(#7736,#7748),.PCURVE_S1.);
#7732 = LINE('',#7733,#7734);
#7733 = CARTESIAN_POINT('',(0.205,-2.935,-2.51));
#7734 = VECTOR('',#7735,1.);
#7735 = DIRECTION('',(0.,0.,1.));
#7736 = PCURVE('',#7737,#7742);
#7737 = PLANE('',#7738);
#7738 = AXIS2_PLACEMENT_3D('',#7739,#7740,#7741);
#7739 = CARTESIAN_POINT('',(0.205,-2.935,-2.51));
#7740 = DIRECTION('',(1.,0.,0.));
#7741 = DIRECTION('',(0.,0.,1.));
#7742 = DEFINITIONAL_REPRESENTATION('',(#7743),#7747);
#7743 = LINE('',#7744,#7745);
#7744 = CARTESIAN_POINT('',(0.,0.));
#7745 = VECTOR('',#7746,1.);
#7746 = DIRECTION('',(1.,0.));
#7747 = ( GEOMETRIC_REPRESENTATION_CONTEXT(2) 
PARAMETRIC_REPRESENTATION_CONTEXT() REPRESENTATION_CONTEXT('2D SPACE',''
  ) );
#7748 = PCURVE('',#7629,#7749);
#7749 = DEFINITIONAL_REPRESENTATION('',(#7750),#7754);
#7750 = LINE('',#7751,#7752);
#7751 = CARTESIAN_POINT('',(0.,0.41));
#7752 = VECTOR('',#7753,1.);
#7753 = DIRECTION('',(1.,0.));
#7754 = ( GEOMETRIC_REPRESENTATION_CONTEXT(2) 
PARAMETRIC_REPRESENTATION_CONTEXT() REPRESENTATION_CONTEXT('2D SPACE',''
  ) );
#7755 = ORIENTED_EDGE('',*,*,#7756,.T.);
#7756 = EDGE_CURVE('',#7727,#7757,#7759,.T.);
#7757 = VERTEX_POINT('',#7758);
#7758 = CARTESIAN_POINT('',(0.205,-2.145,-2.51));
#7759 = SURFACE_CURVE('',#7760,(#7764,#7771),.PCURVE_S1.);
#7760 = LINE('',#7761,#7762);
#7761 = CARTESIAN_POINT('',(0.205,-2.935,-2.51));
#7762 = VECTOR('',#7763,1.);
#7763 = DIRECTION('',(0.,1.,0.));
#7764 = PCURVE('',#7737,#7765);
#7765 = DEFINITIONAL_REPRESENTATION('',(#7766),#7770);
#7766 = LINE('',#7767,#7768);
#7767 = CARTESIAN_POINT('',(0.,0.));
#7768 = VECTOR('',#7769,1.);
#7769 = DIRECTION('',(0.,-1.));
#7770 = ( GEOMETRIC_REPRESENTATION_CONTEXT(2) 
PARAMETRIC_REPRESENTATION_CONTEXT() REPRESENTATION_CONTEXT('2D SPACE',''
  ) );
#7771 = PCURVE('',#7657,#7772);
#7772 = DEFINITIONAL_REPRESENTATION('',(#7773),#7777);
#7773 = LINE('',#7774,#7775);
#7774 = CARTESIAN_POINT('',(0.41,0.));
#7775 = VECTOR('',#7776,1.);
#7776 = DIRECTION('',(0.,1.));
#7777 = ( GEOMETRIC_REPRESENTATION_CONTEXT(2) 
PARAMETRIC_REPRESENTATION_CONTEXT() REPRESENTATION_CONTEXT('2D SPACE',''
  ) );
#7778 = ORIENTED_EDGE('',*,*,#7779,.T.);
#7779 = EDGE_CURVE('',#7757,#7780,#7782,.T.);
#7780 = VERTEX_POINT('',#7781);
#7781 = CARTESIAN_POINT('',(0.205,-2.145,0.13));
#7782 = SURFACE_CURVE('',#7783,(#7787,#7794),.PCURVE_S1.);
#7783 = LINE('',#7784,#7785);
#7784 = CARTESIAN_POINT('',(0.205,-2.145,-2.51));
#7785 = VECTOR('',#7786,1.);
#7786 = DIRECTION('',(0.,0.,1.));
#7787 = PCURVE('',#7737,#7788);
#7788 = DEFINITIONAL_REPRESENTATION('',(#7789),#7793);
#7789 = LINE('',#7790,#7791);
#7790 = CARTESIAN_POINT('',(0.,-0.79));
#7791 = VECTOR('',#7792,1.);
#7792 = DIRECTION('',(1.,0.));
#7793 = ( GEOMETRIC_REPRESENTATION_CONTEXT(2) 
PARAMETRIC_REPRESENTATION_CONTEXT() REPRESENTATION_CONTEXT('2D SPACE',''
  ) );
#7794 = PCURVE('',#7685,#7795);
#7795 = DEFINITIONAL_REPRESENTATION('',(#7796),#7800);
#7796 = LINE('',#7797,#7798);
#7797 = CARTESIAN_POINT('',(0.,0.41));
#7798 = VECTOR('',#7799,1.);
#7799 = DIRECTION('',(1.,0.));
#7800 = ( GEOMETRIC_REPRESENTATION_CONTEXT(2) 
PARAMETRIC_REPRESENTATION_CONTEXT() REPRESENTATION_CONTEXT('2D SPACE',''
  ) );
#7801 = ORIENTED_EDGE('',*,*,#7802,.F.);
#7802 = EDGE_CURVE('',#7729,#7780,#7803,.T.);
#7803 = SURFACE_CURVE('',#7804,(#7808,#7815),.PCURVE_S1.);
#7804 = LINE('',#7805,#7806);
#7805 = CARTESIAN_POINT('',(0.205,-2.935,0.13));
#7806 = VECTOR('',#7807,1.);
#7807 = DIRECTION('',(0.,1.,0.));
#7808 = PCURVE('',#7737,#7809);
#7809 = DEFINITIONAL_REPRESENTATION('',(#7810),#7814);
#7810 = LINE('',#7811,#7812);
#7811 = CARTESIAN_POINT('',(2.64,0.));
#7812 = VECTOR('',#7813,1.);
#7813 = DIRECTION('',(0.,-1.));
#7814 = ( GEOMETRIC_REPRESENTATION_CONTEXT(2) 
PARAMETRIC_REPRESENTATION_CONTEXT() REPRESENTATION_CONTEXT('2D SPACE',''
  ) );
#7815 = PCURVE('',#7711,#7816);
#7816 = DEFINITIONAL_REPRESENTATION('',(#7817),#7821);
#7817 = LINE('',#7818,#7819);
#7818 = CARTESIAN_POINT('',(0.41,0.));
#7819 = VECTOR('',#7820,1.);
#7820 = DIRECTION('',(0.,1.));
#7821 = ( GEOMETRIC_REPRESENTATION_CONTEXT(2) 
PARAMETRIC_REPRESENTATION_CONTEXT() REPRESENTATION_CONTEXT('2D SPACE',''
  ) );
#7822 = ADVANCED_FACE('',(#7823),#7629,.F.);
#7823 = FACE_BOUND('',#7824,.F.);
#7824 = EDGE_LOOP('',(#7825,#7846,#7847,#7868));
#7825 = ORIENTED_EDGE('',*,*,#7826,.F.);
#7826 = EDGE_CURVE('',#7607,#7727,#7827,.T.);
#7827 = SURFACE_CURVE('',#7828,(#7832,#7839),.PCURVE_S1.);
#7828 = LINE('',#7829,#7830);
#7829 = CARTESIAN_POINT('',(-0.205,-2.935,-2.51));
#7830 = VECTOR('',#7831,1.);
#7831 = DIRECTION('',(1.,0.,0.));
#7832 = PCURVE('',#7629,#7833);
#7833 = DEFINITIONAL_REPRESENTATION('',(#7834),#7838);
#7834 = LINE('',#7835,#7836);
#7835 = CARTESIAN_POINT('',(0.,0.));
#7836 = VECTOR('',#7837,1.);
#7837 = DIRECTION('',(0.,1.));
#7838 = ( GEOMETRIC_REPRESENTATION_CONTEXT(2) 
PARAMETRIC_REPRESENTATION_CONTEXT() REPRESENTATION_CONTEXT('2D SPACE',''
  ) );
#7839 = PCURVE('',#7657,#7840);
#7840 = DEFINITIONAL_REPRESENTATION('',(#7841),#7845);
#7841 = LINE('',#7842,#7843);
#7842 = CARTESIAN_POINT('',(0.,0.));
#7843 = VECTOR('',#7844,1.);
#7844 = DIRECTION('',(1.,0.));
#7845 = ( GEOMETRIC_REPRESENTATION_CONTEXT(2) 
PARAMETRIC_REPRESENTATION_CONTEXT() REPRESENTATION_CONTEXT('2D SPACE',''
  ) );
#7846 = ORIENTED_EDGE('',*,*,#7606,.T.);
#7847 = ORIENTED_EDGE('',*,*,#7848,.T.);
#7848 = EDGE_CURVE('',#7609,#7729,#7849,.T.);
#7849 = SURFACE_CURVE('',#7850,(#7854,#7861),.PCURVE_S1.);
#7850 = LINE('',#7851,#7852);
#7851 = CARTESIAN_POINT('',(-0.205,-2.935,0.13));
#7852 = VECTOR('',#7853,1.);
#7853 = DIRECTION('',(1.,0.,0.));
#7854 = PCURVE('',#7629,#7855);
#7855 = DEFINITIONAL_REPRESENTATION('',(#7856),#7860);
#7856 = LINE('',#7857,#7858);
#7857 = CARTESIAN_POINT('',(2.64,0.));
#7858 = VECTOR('',#7859,1.);
#7859 = DIRECTION('',(0.,1.));
#7860 = ( GEOMETRIC_REPRESENTATION_CONTEXT(2) 
PARAMETRIC_REPRESENTATION_CONTEXT() REPRESENTATION_CONTEXT('2D SPACE',''
  ) );
#7861 = PCURVE('',#7711,#7862);
#7862 = DEFINITIONAL_REPRESENTATION('',(#7863),#7867);
#7863 = LINE('',#7864,#7865);
#7864 = CARTESIAN_POINT('',(0.,0.));
#7865 = VECTOR('',#7866,1.);
#7866 = DIRECTION('',(1.,0.));
#7867 = ( GEOMETRIC_REPRESENTATION_CONTEXT(2) 
PARAMETRIC_REPRESENTATION_CONTEXT() REPRESENTATION_CONTEXT('2D SPACE',''
  ) );
#7868 = ORIENTED_EDGE('',*,*,#7726,.F.);
#7869 = ADVANCED_FACE('',(#7870),#7685,.T.);
#7870 = FACE_BOUND('',#7871,.T.);
#7871 = EDGE_LOOP('',(#7872,#7893,#7894,#7915));
#7872 = ORIENTED_EDGE('',*,*,#7873,.F.);
#7873 = EDGE_CURVE('',#7642,#7757,#7874,.T.);
#7874 = SURFACE_CURVE('',#7875,(#7879,#7886),.PCURVE_S1.);
#7875 = LINE('',#7876,#7877);
#7876 = CARTESIAN_POINT('',(-0.205,-2.145,-2.51));
#7877 = VECTOR('',#7878,1.);
#7878 = DIRECTION('',(1.,0.,0.));
#7879 = PCURVE('',#7685,#7880);
#7880 = DEFINITIONAL_REPRESENTATION('',(#7881),#7885);
#7881 = LINE('',#7882,#7883);
#7882 = CARTESIAN_POINT('',(0.,0.));
#7883 = VECTOR('',#7884,1.);
#7884 = DIRECTION('',(0.,1.));
#7885 = ( GEOMETRIC_REPRESENTATION_CONTEXT(2) 
PARAMETRIC_REPRESENTATION_CONTEXT() REPRESENTATION_CONTEXT('2D SPACE',''
  ) );
#7886 = PCURVE('',#7657,#7887);
#7887 = DEFINITIONAL_REPRESENTATION('',(#7888),#7892);
#7888 = LINE('',#7889,#7890);
#7889 = CARTESIAN_POINT('',(0.,0.79));
#7890 = VECTOR('',#7891,1.);
#7891 = DIRECTION('',(1.,0.));
#7892 = ( GEOMETRIC_REPRESENTATION_CONTEXT(2) 
PARAMETRIC_REPRESENTATION_CONTEXT() REPRESENTATION_CONTEXT('2D SPACE',''
  ) );
#7893 = ORIENTED_EDGE('',*,*,#7669,.T.);
#7894 = ORIENTED_EDGE('',*,*,#7895,.T.);
#7895 = EDGE_CURVE('',#7670,#7780,#7896,.T.);
#7896 = SURFACE_CURVE('',#7897,(#7901,#7908),.PCURVE_S1.);
#7897 = LINE('',#7898,#7899);
#7898 = CARTESIAN_POINT('',(-0.205,-2.145,0.13));
#7899 = VECTOR('',#7900,1.);
#7900 = DIRECTION('',(1.,0.,0.));
#7901 = PCURVE('',#7685,#7902);
#7902 = DEFINITIONAL_REPRESENTATION('',(#7903),#7907);
#7903 = LINE('',#7904,#7905);
#7904 = CARTESIAN_POINT('',(2.64,0.));
#7905 = VECTOR('',#7906,1.);
#7906 = DIRECTION('',(0.,1.));
#7907 = ( GEOMETRIC_REPRESENTATION_CONTEXT(2) 
PARAMETRIC_REPRESENTATION_CONTEXT() REPRESENTATION_CONTEXT('2D SPACE',''
  ) );
#7908 = PCURVE('',#7711,#7909);
#7909 = DEFINITIONAL_REPRESENTATION('',(#7910),#7914);
#7910 = LINE('',#7911,#7912);
#7911 = CARTESIAN_POINT('',(0.,0.79));
#7912 = VECTOR('',#7913,1.);
#7913 = DIRECTION('',(1.,0.));
#7914 = ( GEOMETRIC_REPRESENTATION_CONTEXT(2) 
PARAMETRIC_REPRESENTATION_CONTEXT() REPRESENTATION_CONTEXT('2D SPACE',''
  ) );
#7915 = ORIENTED_EDGE('',*,*,#7779,.F.);
#7916 = ADVANCED_FACE('',(#7917),#7657,.F.);
#7917 = FACE_BOUND('',#7918,.F.);
#7918 = EDGE_LOOP('',(#7919,#7920,#7921,#7922));
#7919 = ORIENTED_EDGE('',*,*,#7641,.F.);
#7920 = ORIENTED_EDGE('',*,*,#7826,.T.);
#7921 = ORIENTED_EDGE('',*,*,#7756,.T.);
#7922 = ORIENTED_EDGE('',*,*,#7873,.F.);
#7923 = ADVANCED_FACE('',(#7924),#7711,.T.);
#7924 = FACE_BOUND('',#7925,.T.);
#7925 = EDGE_LOOP('',(#7926,#7927,#7928,#7929));
#7926 = ORIENTED_EDGE('',*,*,#7697,.F.);
#7927 = ORIENTED_EDGE('',*,*,#7848,.T.);
#7928 = ORIENTED_EDGE('',*,*,#7802,.T.);
#7929 = ORIENTED_EDGE('',*,*,#7895,.F.);
#7930 = ( GEOMETRIC_REPRESENTATION_CONTEXT(3) 
GLOBAL_UNCERTAINTY_ASSIGNED_CONTEXT((#7934)) 
GLOBAL_UNIT_ASSIGNED_CONTEXT((#7931,#7932,#7933)) REPRESENTATION_CONTEXT
('Context #1','3D Context with UNIT and UNCERTAINTY') );
#7931 = ( LENGTH_UNIT() NAMED_UNIT(*) SI_UNIT(.MILLI.,.METRE.) );
#7932 = ( NAMED_UNIT(*) PLANE_ANGLE_UNIT() SI_UNIT($,.RADIAN.) );
#7933 = ( NAMED_UNIT(*) SI_UNIT($,.STERADIAN.) SOLID_ANGLE_UNIT() );
#7934 = UNCERTAINTY_MEASURE_WITH_UNIT(LENGTH_MEASURE(1.E-07),#7931,
  'distance_accuracy_value','confusion accuracy');
#7935 = CONTEXT_DEPENDENT_SHAPE_REPRESENTATION(#7936,#7938);
#7936 = ( REPRESENTATION_RELATIONSHIP('','',#7599,#10) 
REPRESENTATION_RELATIONSHIP_WITH_TRANSFORMATION(#7937) 
SHAPE_REPRESENTATION_RELATIONSHIP() );
#7937 = ITEM_DEFINED_TRANSFORMATION('','',#11,#27);
#7938 = PRODUCT_DEFINITION_SHAPE('Placement','Placement of an item',
  #7939);
#7939 = NEXT_ASSEMBLY_USAGE_OCCURRENCE('87','contact_3','',#5,#7594,$);
#7940 = PRODUCT_RELATED_PRODUCT_CATEGORY('part',$,(#7596));
#7941 = SHAPE_DEFINITION_REPRESENTATION(#7942,#7948);
#7942 = PRODUCT_DEFINITION_SHAPE('','',#7943);
#7943 = PRODUCT_DEFINITION('design','',#7944,#7947);
#7944 = PRODUCT_DEFINITION_FORMATION('','',#7945);
#7945 = PRODUCT('contact_4','contact_4','',(#7946));
#7946 = PRODUCT_CONTEXT('',#2,'mechanical');
#7947 = PRODUCT_DEFINITION_CONTEXT('part definition',#2,'design');
#7948 = ADVANCED_BREP_SHAPE_REPRESENTATION('',(#11,#7949),#8279);
#7949 = MANIFOLD_SOLID_BREP('',#7950);
#7950 = CLOSED_SHELL('',(#7951,#8071,#8171,#8218,#8265,#8272));
#7951 = ADVANCED_FACE('',(#7952),#7966,.F.);
#7952 = FACE_BOUND('',#7953,.F.);
#7953 = EDGE_LOOP('',(#7954,#7989,#8017,#8045));
#7954 = ORIENTED_EDGE('',*,*,#7955,.F.);
#7955 = EDGE_CURVE('',#7956,#7958,#7960,.T.);
#7956 = VERTEX_POINT('',#7957);
#7957 = CARTESIAN_POINT('',(2.335,-2.935,-2.51));
#7958 = VERTEX_POINT('',#7959);
#7959 = CARTESIAN_POINT('',(2.335,-2.935,0.13));
#7960 = SURFACE_CURVE('',#7961,(#7965,#7977),.PCURVE_S1.);
#7961 = LINE('',#7962,#7963);
#7962 = CARTESIAN_POINT('',(2.335,-2.935,-2.51));
#7963 = VECTOR('',#7964,1.);
#7964 = DIRECTION('',(0.,0.,1.));
#7965 = PCURVE('',#7966,#7971);
#7966 = PLANE('',#7967);
#7967 = AXIS2_PLACEMENT_3D('',#7968,#7969,#7970);
#7968 = CARTESIAN_POINT('',(2.335,-2.935,-2.51));
#7969 = DIRECTION('',(1.,0.,0.));
#7970 = DIRECTION('',(0.,0.,1.));
#7971 = DEFINITIONAL_REPRESENTATION('',(#7972),#7976);
#7972 = LINE('',#7973,#7974);
#7973 = CARTESIAN_POINT('',(0.,0.));
#7974 = VECTOR('',#7975,1.);
#7975 = DIRECTION('',(1.,0.));
#7976 = ( GEOMETRIC_REPRESENTATION_CONTEXT(2) 
PARAMETRIC_REPRESENTATION_CONTEXT() REPRESENTATION_CONTEXT('2D SPACE',''
  ) );
#7977 = PCURVE('',#7978,#7983);
#7978 = PLANE('',#7979);
#7979 = AXIS2_PLACEMENT_3D('',#7980,#7981,#7982);
#7980 = CARTESIAN_POINT('',(2.335,-2.935,-2.51));
#7981 = DIRECTION('',(0.,1.,0.));
#7982 = DIRECTION('',(0.,0.,1.));
#7983 = DEFINITIONAL_REPRESENTATION('',(#7984),#7988);
#7984 = LINE('',#7985,#7986);
#7985 = CARTESIAN_POINT('',(0.,0.));
#7986 = VECTOR('',#7987,1.);
#7987 = DIRECTION('',(1.,0.));
#7988 = ( GEOMETRIC_REPRESENTATION_CONTEXT(2) 
PARAMETRIC_REPRESENTATION_CONTEXT() REPRESENTATION_CONTEXT('2D SPACE',''
  ) );
#7989 = ORIENTED_EDGE('',*,*,#7990,.T.);
#7990 = EDGE_CURVE('',#7956,#7991,#7993,.T.);
#7991 = VERTEX_POINT('',#7992);
#7992 = CARTESIAN_POINT('',(2.335,-2.145,-2.51));
#7993 = SURFACE_CURVE('',#7994,(#7998,#8005),.PCURVE_S1.);
#7994 = LINE('',#7995,#7996);
#7995 = CARTESIAN_POINT('',(2.335,-2.935,-2.51));
#7996 = VECTOR('',#7997,1.);
#7997 = DIRECTION('',(0.,1.,0.));
#7998 = PCURVE('',#7966,#7999);
#7999 = DEFINITIONAL_REPRESENTATION('',(#8000),#8004);
#8000 = LINE('',#8001,#8002);
#8001 = CARTESIAN_POINT('',(0.,0.));
#8002 = VECTOR('',#8003,1.);
#8003 = DIRECTION('',(0.,-1.));
#8004 = ( GEOMETRIC_REPRESENTATION_CONTEXT(2) 
PARAMETRIC_REPRESENTATION_CONTEXT() REPRESENTATION_CONTEXT('2D SPACE',''
  ) );
#8005 = PCURVE('',#8006,#8011);
#8006 = PLANE('',#8007);
#8007 = AXIS2_PLACEMENT_3D('',#8008,#8009,#8010);
#8008 = CARTESIAN_POINT('',(2.335,-2.935,-2.51));
#8009 = DIRECTION('',(0.,0.,1.));
#8010 = DIRECTION('',(1.,0.,0.));
#8011 = DEFINITIONAL_REPRESENTATION('',(#8012),#8016);
#8012 = LINE('',#8013,#8014);
#8013 = CARTESIAN_POINT('',(0.,0.));
#8014 = VECTOR('',#8015,1.);
#8015 = DIRECTION('',(0.,1.));
#8016 = ( GEOMETRIC_REPRESENTATION_CONTEXT(2) 
PARAMETRIC_REPRESENTATION_CONTEXT() REPRESENTATION_CONTEXT('2D SPACE',''
  ) );
#8017 = ORIENTED_EDGE('',*,*,#8018,.T.);
#8018 = EDGE_CURVE('',#7991,#8019,#8021,.T.);
#8019 = VERTEX_POINT('',#8020);
#8020 = CARTESIAN_POINT('',(2.335,-2.145,0.13));
#8021 = SURFACE_CURVE('',#8022,(#8026,#8033),.PCURVE_S1.);
#8022 = LINE('',#8023,#8024);
#8023 = CARTESIAN_POINT('',(2.335,-2.145,-2.51));
#8024 = VECTOR('',#8025,1.);
#8025 = DIRECTION('',(0.,0.,1.));
#8026 = PCURVE('',#7966,#8027);
#8027 = DEFINITIONAL_REPRESENTATION('',(#8028),#8032);
#8028 = LINE('',#8029,#8030);
#8029 = CARTESIAN_POINT('',(0.,-0.79));
#8030 = VECTOR('',#8031,1.);
#8031 = DIRECTION('',(1.,0.));
#8032 = ( GEOMETRIC_REPRESENTATION_CONTEXT(2) 
PARAMETRIC_REPRESENTATION_CONTEXT() REPRESENTATION_CONTEXT('2D SPACE',''
  ) );
#8033 = PCURVE('',#8034,#8039);
#8034 = PLANE('',#8035);
#8035 = AXIS2_PLACEMENT_3D('',#8036,#8037,#8038);
#8036 = CARTESIAN_POINT('',(2.335,-2.145,-2.51));
#8037 = DIRECTION('',(0.,1.,0.));
#8038 = DIRECTION('',(0.,0.,1.));
#8039 = DEFINITIONAL_REPRESENTATION('',(#8040),#8044);
#8040 = LINE('',#8041,#8042);
#8041 = CARTESIAN_POINT('',(0.,0.));
#8042 = VECTOR('',#8043,1.);
#8043 = DIRECTION('',(1.,0.));
#8044 = ( GEOMETRIC_REPRESENTATION_CONTEXT(2) 
PARAMETRIC_REPRESENTATION_CONTEXT() REPRESENTATION_CONTEXT('2D SPACE',''
  ) );
#8045 = ORIENTED_EDGE('',*,*,#8046,.F.);
#8046 = EDGE_CURVE('',#7958,#8019,#8047,.T.);
#8047 = SURFACE_CURVE('',#8048,(#8052,#8059),.PCURVE_S1.);
#8048 = LINE('',#8049,#8050);
#8049 = CARTESIAN_POINT('',(2.335,-2.935,0.13));
#8050 = VECTOR('',#8051,1.);
#8051 = DIRECTION('',(0.,1.,0.));
#8052 = PCURVE('',#7966,#8053);
#8053 = DEFINITIONAL_REPRESENTATION('',(#8054),#8058);
#8054 = LINE('',#8055,#8056);
#8055 = CARTESIAN_POINT('',(2.64,0.));
#8056 = VECTOR('',#8057,1.);
#8057 = DIRECTION('',(0.,-1.));
#8058 = ( GEOMETRIC_REPRESENTATION_CONTEXT(2) 
PARAMETRIC_REPRESENTATION_CONTEXT() REPRESENTATION_CONTEXT('2D SPACE',''
  ) );
#8059 = PCURVE('',#8060,#8065);
#8060 = PLANE('',#8061);
#8061 = AXIS2_PLACEMENT_3D('',#8062,#8063,#8064);
#8062 = CARTESIAN_POINT('',(2.335,-2.935,0.13));
#8063 = DIRECTION('',(0.,0.,1.));
#8064 = DIRECTION('',(1.,0.,0.));
#8065 = DEFINITIONAL_REPRESENTATION('',(#8066),#8070);
#8066 = LINE('',#8067,#8068);
#8067 = CARTESIAN_POINT('',(0.,0.));
#8068 = VECTOR('',#8069,1.);
#8069 = DIRECTION('',(0.,1.));
#8070 = ( GEOMETRIC_REPRESENTATION_CONTEXT(2) 
PARAMETRIC_REPRESENTATION_CONTEXT() REPRESENTATION_CONTEXT('2D SPACE',''
  ) );
#8071 = ADVANCED_FACE('',(#8072),#8086,.T.);
#8072 = FACE_BOUND('',#8073,.T.);
#8073 = EDGE_LOOP('',(#8074,#8104,#8127,#8150));
#8074 = ORIENTED_EDGE('',*,*,#8075,.F.);
#8075 = EDGE_CURVE('',#8076,#8078,#8080,.T.);
#8076 = VERTEX_POINT('',#8077);
#8077 = CARTESIAN_POINT('',(2.745,-2.935,-2.51));
#8078 = VERTEX_POINT('',#8079);
#8079 = CARTESIAN_POINT('',(2.745,-2.935,0.13));
#8080 = SURFACE_CURVE('',#8081,(#8085,#8097),.PCURVE_S1.);
#8081 = LINE('',#8082,#8083);
#8082 = CARTESIAN_POINT('',(2.745,-2.935,-2.51));
#8083 = VECTOR('',#8084,1.);
#8084 = DIRECTION('',(0.,0.,1.));
#8085 = PCURVE('',#8086,#8091);
#8086 = PLANE('',#8087);
#8087 = AXIS2_PLACEMENT_3D('',#8088,#8089,#8090);
#8088 = CARTESIAN_POINT('',(2.745,-2.935,-2.51));
#8089 = DIRECTION('',(1.,0.,0.));
#8090 = DIRECTION('',(0.,0.,1.));
#8091 = DEFINITIONAL_REPRESENTATION('',(#8092),#8096);
#8092 = LINE('',#8093,#8094);
#8093 = CARTESIAN_POINT('',(0.,0.));
#8094 = VECTOR('',#8095,1.);
#8095 = DIRECTION('',(1.,0.));
#8096 = ( GEOMETRIC_REPRESENTATION_CONTEXT(2) 
PARAMETRIC_REPRESENTATION_CONTEXT() REPRESENTATION_CONTEXT('2D SPACE',''
  ) );
#8097 = PCURVE('',#7978,#8098);
#8098 = DEFINITIONAL_REPRESENTATION('',(#8099),#8103);
#8099 = LINE('',#8100,#8101);
#8100 = CARTESIAN_POINT('',(0.,0.41));
#8101 = VECTOR('',#8102,1.);
#8102 = DIRECTION('',(1.,0.));
#8103 = ( GEOMETRIC_REPRESENTATION_CONTEXT(2) 
PARAMETRIC_REPRESENTATION_CONTEXT() REPRESENTATION_CONTEXT('2D SPACE',''
  ) );
#8104 = ORIENTED_EDGE('',*,*,#8105,.T.);
#8105 = EDGE_CURVE('',#8076,#8106,#8108,.T.);
#8106 = VERTEX_POINT('',#8107);
#8107 = CARTESIAN_POINT('',(2.745,-2.145,-2.51));
#8108 = SURFACE_CURVE('',#8109,(#8113,#8120),.PCURVE_S1.);
#8109 = LINE('',#8110,#8111);
#8110 = CARTESIAN_POINT('',(2.745,-2.935,-2.51));
#8111 = VECTOR('',#8112,1.);
#8112 = DIRECTION('',(0.,1.,0.));
#8113 = PCURVE('',#8086,#8114);
#8114 = DEFINITIONAL_REPRESENTATION('',(#8115),#8119);
#8115 = LINE('',#8116,#8117);
#8116 = CARTESIAN_POINT('',(0.,0.));
#8117 = VECTOR('',#8118,1.);
#8118 = DIRECTION('',(0.,-1.));
#8119 = ( GEOMETRIC_REPRESENTATION_CONTEXT(2) 
PARAMETRIC_REPRESENTATION_CONTEXT() REPRESENTATION_CONTEXT('2D SPACE',''
  ) );
#8120 = PCURVE('',#8006,#8121);
#8121 = DEFINITIONAL_REPRESENTATION('',(#8122),#8126);
#8122 = LINE('',#8123,#8124);
#8123 = CARTESIAN_POINT('',(0.41,0.));
#8124 = VECTOR('',#8125,1.);
#8125 = DIRECTION('',(0.,1.));
#8126 = ( GEOMETRIC_REPRESENTATION_CONTEXT(2) 
PARAMETRIC_REPRESENTATION_CONTEXT() REPRESENTATION_CONTEXT('2D SPACE',''
  ) );
#8127 = ORIENTED_EDGE('',*,*,#8128,.T.);
#8128 = EDGE_CURVE('',#8106,#8129,#8131,.T.);
#8129 = VERTEX_POINT('',#8130);
#8130 = CARTESIAN_POINT('',(2.745,-2.145,0.13));
#8131 = SURFACE_CURVE('',#8132,(#8136,#8143),.PCURVE_S1.);
#8132 = LINE('',#8133,#8134);
#8133 = CARTESIAN_POINT('',(2.745,-2.145,-2.51));
#8134 = VECTOR('',#8135,1.);
#8135 = DIRECTION('',(0.,0.,1.));
#8136 = PCURVE('',#8086,#8137);
#8137 = DEFINITIONAL_REPRESENTATION('',(#8138),#8142);
#8138 = LINE('',#8139,#8140);
#8139 = CARTESIAN_POINT('',(0.,-0.79));
#8140 = VECTOR('',#8141,1.);
#8141 = DIRECTION('',(1.,0.));
#8142 = ( GEOMETRIC_REPRESENTATION_CONTEXT(2) 
PARAMETRIC_REPRESENTATION_CONTEXT() REPRESENTATION_CONTEXT('2D SPACE',''
  ) );
#8143 = PCURVE('',#8034,#8144);
#8144 = DEFINITIONAL_REPRESENTATION('',(#8145),#8149);
#8145 = LINE('',#8146,#8147);
#8146 = CARTESIAN_POINT('',(0.,0.41));
#8147 = VECTOR('',#8148,1.);
#8148 = DIRECTION('',(1.,0.));
#8149 = ( GEOMETRIC_REPRESENTATION_CONTEXT(2) 
PARAMETRIC_REPRESENTATION_CONTEXT() REPRESENTATION_CONTEXT('2D SPACE',''
  ) );
#8150 = ORIENTED_EDGE('',*,*,#8151,.F.);
#8151 = EDGE_CURVE('',#8078,#8129,#8152,.T.);
#8152 = SURFACE_CURVE('',#8153,(#8157,#8164),.PCURVE_S1.);
#8153 = LINE('',#8154,#8155);
#8154 = CARTESIAN_POINT('',(2.745,-2.935,0.13));
#8155 = VECTOR('',#8156,1.);
#8156 = DIRECTION('',(0.,1.,0.));
#8157 = PCURVE('',#8086,#8158);
#8158 = DEFINITIONAL_REPRESENTATION('',(#8159),#8163);
#8159 = LINE('',#8160,#8161);
#8160 = CARTESIAN_POINT('',(2.64,0.));
#8161 = VECTOR('',#8162,1.);
#8162 = DIRECTION('',(0.,-1.));
#8163 = ( GEOMETRIC_REPRESENTATION_CONTEXT(2) 
PARAMETRIC_REPRESENTATION_CONTEXT() REPRESENTATION_CONTEXT('2D SPACE',''
  ) );
#8164 = PCURVE('',#8060,#8165);
#8165 = DEFINITIONAL_REPRESENTATION('',(#8166),#8170);
#8166 = LINE('',#8167,#8168);
#8167 = CARTESIAN_POINT('',(0.41,0.));
#8168 = VECTOR('',#8169,1.);
#8169 = DIRECTION('',(0.,1.));
#8170 = ( GEOMETRIC_REPRESENTATION_CONTEXT(2) 
PARAMETRIC_REPRESENTATION_CONTEXT() REPRESENTATION_CONTEXT('2D SPACE',''
  ) );
#8171 = ADVANCED_FACE('',(#8172),#7978,.F.);
#8172 = FACE_BOUND('',#8173,.F.);
#8173 = EDGE_LOOP('',(#8174,#8195,#8196,#8217));
#8174 = ORIENTED_EDGE('',*,*,#8175,.F.);
#8175 = EDGE_CURVE('',#7956,#8076,#8176,.T.);
#8176 = SURFACE_CURVE('',#8177,(#8181,#8188),.PCURVE_S1.);
#8177 = LINE('',#8178,#8179);
#8178 = CARTESIAN_POINT('',(2.335,-2.935,-2.51));
#8179 = VECTOR('',#8180,1.);
#8180 = DIRECTION('',(1.,0.,0.));
#8181 = PCURVE('',#7978,#8182);
#8182 = DEFINITIONAL_REPRESENTATION('',(#8183),#8187);
#8183 = LINE('',#8184,#8185);
#8184 = CARTESIAN_POINT('',(0.,0.));
#8185 = VECTOR('',#8186,1.);
#8186 = DIRECTION('',(0.,1.));
#8187 = ( GEOMETRIC_REPRESENTATION_CONTEXT(2) 
PARAMETRIC_REPRESENTATION_CONTEXT() REPRESENTATION_CONTEXT('2D SPACE',''
  ) );
#8188 = PCURVE('',#8006,#8189);
#8189 = DEFINITIONAL_REPRESENTATION('',(#8190),#8194);
#8190 = LINE('',#8191,#8192);
#8191 = CARTESIAN_POINT('',(0.,0.));
#8192 = VECTOR('',#8193,1.);
#8193 = DIRECTION('',(1.,0.));
#8194 = ( GEOMETRIC_REPRESENTATION_CONTEXT(2) 
PARAMETRIC_REPRESENTATION_CONTEXT() REPRESENTATION_CONTEXT('2D SPACE',''
  ) );
#8195 = ORIENTED_EDGE('',*,*,#7955,.T.);
#8196 = ORIENTED_EDGE('',*,*,#8197,.T.);
#8197 = EDGE_CURVE('',#7958,#8078,#8198,.T.);
#8198 = SURFACE_CURVE('',#8199,(#8203,#8210),.PCURVE_S1.);
#8199 = LINE('',#8200,#8201);
#8200 = CARTESIAN_POINT('',(2.335,-2.935,0.13));
#8201 = VECTOR('',#8202,1.);
#8202 = DIRECTION('',(1.,0.,0.));
#8203 = PCURVE('',#7978,#8204);
#8204 = DEFINITIONAL_REPRESENTATION('',(#8205),#8209);
#8205 = LINE('',#8206,#8207);
#8206 = CARTESIAN_POINT('',(2.64,0.));
#8207 = VECTOR('',#8208,1.);
#8208 = DIRECTION('',(0.,1.));
#8209 = ( GEOMETRIC_REPRESENTATION_CONTEXT(2) 
PARAMETRIC_REPRESENTATION_CONTEXT() REPRESENTATION_CONTEXT('2D SPACE',''
  ) );
#8210 = PCURVE('',#8060,#8211);
#8211 = DEFINITIONAL_REPRESENTATION('',(#8212),#8216);
#8212 = LINE('',#8213,#8214);
#8213 = CARTESIAN_POINT('',(0.,0.));
#8214 = VECTOR('',#8215,1.);
#8215 = DIRECTION('',(1.,0.));
#8216 = ( GEOMETRIC_REPRESENTATION_CONTEXT(2) 
PARAMETRIC_REPRESENTATION_CONTEXT() REPRESENTATION_CONTEXT('2D SPACE',''
  ) );
#8217 = ORIENTED_EDGE('',*,*,#8075,.F.);
#8218 = ADVANCED_FACE('',(#8219),#8034,.T.);
#8219 = FACE_BOUND('',#8220,.T.);
#8220 = EDGE_LOOP('',(#8221,#8242,#8243,#8264));
#8221 = ORIENTED_EDGE('',*,*,#8222,.F.);
#8222 = EDGE_CURVE('',#7991,#8106,#8223,.T.);
#8223 = SURFACE_CURVE('',#8224,(#8228,#8235),.PCURVE_S1.);
#8224 = LINE('',#8225,#8226);
#8225 = CARTESIAN_POINT('',(2.335,-2.145,-2.51));
#8226 = VECTOR('',#8227,1.);
#8227 = DIRECTION('',(1.,0.,0.));
#8228 = PCURVE('',#8034,#8229);
#8229 = DEFINITIONAL_REPRESENTATION('',(#8230),#8234);
#8230 = LINE('',#8231,#8232);
#8231 = CARTESIAN_POINT('',(0.,0.));
#8232 = VECTOR('',#8233,1.);
#8233 = DIRECTION('',(0.,1.));
#8234 = ( GEOMETRIC_REPRESENTATION_CONTEXT(2) 
PARAMETRIC_REPRESENTATION_CONTEXT() REPRESENTATION_CONTEXT('2D SPACE',''
  ) );
#8235 = PCURVE('',#8006,#8236);
#8236 = DEFINITIONAL_REPRESENTATION('',(#8237),#8241);
#8237 = LINE('',#8238,#8239);
#8238 = CARTESIAN_POINT('',(0.,0.79));
#8239 = VECTOR('',#8240,1.);
#8240 = DIRECTION('',(1.,0.));
#8241 = ( GEOMETRIC_REPRESENTATION_CONTEXT(2) 
PARAMETRIC_REPRESENTATION_CONTEXT() REPRESENTATION_CONTEXT('2D SPACE',''
  ) );
#8242 = ORIENTED_EDGE('',*,*,#8018,.T.);
#8243 = ORIENTED_EDGE('',*,*,#8244,.T.);
#8244 = EDGE_CURVE('',#8019,#8129,#8245,.T.);
#8245 = SURFACE_CURVE('',#8246,(#8250,#8257),.PCURVE_S1.);
#8246 = LINE('',#8247,#8248);
#8247 = CARTESIAN_POINT('',(2.335,-2.145,0.13));
#8248 = VECTOR('',#8249,1.);
#8249 = DIRECTION('',(1.,0.,0.));
#8250 = PCURVE('',#8034,#8251);
#8251 = DEFINITIONAL_REPRESENTATION('',(#8252),#8256);
#8252 = LINE('',#8253,#8254);
#8253 = CARTESIAN_POINT('',(2.64,0.));
#8254 = VECTOR('',#8255,1.);
#8255 = DIRECTION('',(0.,1.));
#8256 = ( GEOMETRIC_REPRESENTATION_CONTEXT(2) 
PARAMETRIC_REPRESENTATION_CONTEXT() REPRESENTATION_CONTEXT('2D SPACE',''
  ) );
#8257 = PCURVE('',#8060,#8258);
#8258 = DEFINITIONAL_REPRESENTATION('',(#8259),#8263);
#8259 = LINE('',#8260,#8261);
#8260 = CARTESIAN_POINT('',(0.,0.79));
#8261 = VECTOR('',#8262,1.);
#8262 = DIRECTION('',(1.,0.));
#8263 = ( GEOMETRIC_REPRESENTATION_CONTEXT(2) 
PARAMETRIC_REPRESENTATION_CONTEXT() REPRESENTATION_CONTEXT('2D SPACE',''
  ) );
#8264 = ORIENTED_EDGE('',*,*,#8128,.F.);
#8265 = ADVANCED_FACE('',(#8266),#8006,.F.);
#8266 = FACE_BOUND('',#8267,.F.);
#8267 = EDGE_LOOP('',(#8268,#8269,#8270,#8271));
#8268 = ORIENTED_EDGE('',*,*,#7990,.F.);
#8269 = ORIENTED_EDGE('',*,*,#8175,.T.);
#8270 = ORIENTED_EDGE('',*,*,#8105,.T.);
#8271 = ORIENTED_EDGE('',*,*,#8222,.F.);
#8272 = ADVANCED_FACE('',(#8273),#8060,.T.);
#8273 = FACE_BOUND('',#8274,.T.);
#8274 = EDGE_LOOP('',(#8275,#8276,#8277,#8278));
#8275 = ORIENTED_EDGE('',*,*,#8046,.F.);
#8276 = ORIENTED_EDGE('',*,*,#8197,.T.);
#8277 = ORIENTED_EDGE('',*,*,#8151,.T.);
#8278 = ORIENTED_EDGE('',*,*,#8244,.F.);
#8279 = ( GEOMETRIC_REPRESENTATION_CONTEXT(3) 
GLOBAL_UNCERTAINTY_ASSIGNED_CONTEXT((#8283)) 
GLOBAL_UNIT_ASSIGNED_CONTEXT((#8280,#8281,#8282)) REPRESENTATION_CONTEXT
('Context #1','3D Context with UNIT and UNCERTAINTY') );
#8280 = ( LENGTH_UNIT() NAMED_UNIT(*) SI_UNIT(.MILLI.,.METRE.) );
#8281 = ( NAMED_UNIT(*) PLANE_ANGLE_UNIT() SI_UNIT($,.RADIAN.) );
#8282 = ( NAMED_UNIT(*) SI_UNIT($,.STERADIAN.) SOLID_ANGLE_UNIT() );
#8283 = UNCERTAINTY_MEASURE_WITH_UNIT(LENGTH_MEASURE(1.E-07),#8280,
  'distance_accuracy_value','confusion accuracy');
#8284 = CONTEXT_DEPENDENT_SHAPE_REPRESENTATION(#8285,#8287);
#8285 = ( REPRESENTATION_RELATIONSHIP('','',#7948,#10) 
REPRESENTATION_RELATIONSHIP_WITH_TRANSFORMATION(#8286) 
SHAPE_REPRESENTATION_RELATIONSHIP() );
#8286 = ITEM_DEFINED_TRANSFORMATION('','',#11,#31);
#8287 = PRODUCT_DEFINITION_SHAPE('Placement','Placement of an item',
  #8288);
#8288 = NEXT_ASSEMBLY_USAGE_OCCURRENCE('88','contact_4','',#5,#7943,$);
#8289 = PRODUCT_RELATED_PRODUCT_CATEGORY('part',$,(#7945));
#8290 = SHAPE_DEFINITION_REPRESENTATION(#8291,#8297);
#8291 = PRODUCT_DEFINITION_SHAPE('','',#8292);
#8292 = PRODUCT_DEFINITION('design','',#8293,#8296);
#8293 = PRODUCT_DEFINITION_FORMATION('','',#8294);
#8294 = PRODUCT('contact_5','contact_5','',(#8295));
#8295 = PRODUCT_CONTEXT('',#2,'mechanical');
#8296 = PRODUCT_DEFINITION_CONTEXT('part definition',#2,'design');
#8297 = ADVANCED_BREP_SHAPE_REPRESENTATION('',(#11,#8298),#8628);
#8298 = MANIFOLD_SOLID_BREP('',#8299);
#8299 = CLOSED_SHELL('',(#8300,#8420,#8520,#8567,#8614,#8621));
#8300 = ADVANCED_FACE('',(#8301),#8315,.F.);
#8301 = FACE_BOUND('',#8302,.F.);
#8302 = EDGE_LOOP('',(#8303,#8338,#8366,#8394));
#8303 = ORIENTED_EDGE('',*,*,#8304,.F.);
#8304 = EDGE_CURVE('',#8305,#8307,#8309,.T.);
#8305 = VERTEX_POINT('',#8306);
#8306 = CARTESIAN_POINT('',(-0.205,-5.475,-2.51));
#8307 = VERTEX_POINT('',#8308);
#8308 = CARTESIAN_POINT('',(-0.205,-5.475,0.13));
#8309 = SURFACE_CURVE('',#8310,(#8314,#8326),.PCURVE_S1.);
#8310 = LINE('',#8311,#8312);
#8311 = CARTESIAN_POINT('',(-0.205,-5.475,-2.51));
#8312 = VECTOR('',#8313,1.);
#8313 = DIRECTION('',(0.,0.,1.));
#8314 = PCURVE('',#8315,#8320);
#8315 = PLANE('',#8316);
#8316 = AXIS2_PLACEMENT_3D('',#8317,#8318,#8319);
#8317 = CARTESIAN_POINT('',(-0.205,-5.475,-2.51));
#8318 = DIRECTION('',(1.,0.,0.));
#8319 = DIRECTION('',(0.,0.,1.));
#8320 = DEFINITIONAL_REPRESENTATION('',(#8321),#8325);
#8321 = LINE('',#8322,#8323);
#8322 = CARTESIAN_POINT('',(0.,0.));
#8323 = VECTOR('',#8324,1.);
#8324 = DIRECTION('',(1.,0.));
#8325 = ( GEOMETRIC_REPRESENTATION_CONTEXT(2) 
PARAMETRIC_REPRESENTATION_CONTEXT() REPRESENTATION_CONTEXT('2D SPACE',''
  ) );
#8326 = PCURVE('',#8327,#8332);
#8327 = PLANE('',#8328);
#8328 = AXIS2_PLACEMENT_3D('',#8329,#8330,#8331);
#8329 = CARTESIAN_POINT('',(-0.205,-5.475,-2.51));
#8330 = DIRECTION('',(0.,1.,0.));
#8331 = DIRECTION('',(0.,0.,1.));
#8332 = DEFINITIONAL_REPRESENTATION('',(#8333),#8337);
#8333 = LINE('',#8334,#8335);
#8334 = CARTESIAN_POINT('',(0.,0.));
#8335 = VECTOR('',#8336,1.);
#8336 = DIRECTION('',(1.,0.));
#8337 = ( GEOMETRIC_REPRESENTATION_CONTEXT(2) 
PARAMETRIC_REPRESENTATION_CONTEXT() REPRESENTATION_CONTEXT('2D SPACE',''
  ) );
#8338 = ORIENTED_EDGE('',*,*,#8339,.T.);
#8339 = EDGE_CURVE('',#8305,#8340,#8342,.T.);
#8340 = VERTEX_POINT('',#8341);
#8341 = CARTESIAN_POINT('',(-0.205,-4.685,-2.51));
#8342 = SURFACE_CURVE('',#8343,(#8347,#8354),.PCURVE_S1.);
#8343 = LINE('',#8344,#8345);
#8344 = CARTESIAN_POINT('',(-0.205,-5.475,-2.51));
#8345 = VECTOR('',#8346,1.);
#8346 = DIRECTION('',(0.,1.,0.));
#8347 = PCURVE('',#8315,#8348);
#8348 = DEFINITIONAL_REPRESENTATION('',(#8349),#8353);
#8349 = LINE('',#8350,#8351);
#8350 = CARTESIAN_POINT('',(0.,0.));
#8351 = VECTOR('',#8352,1.);
#8352 = DIRECTION('',(0.,-1.));
#8353 = ( GEOMETRIC_REPRESENTATION_CONTEXT(2) 
PARAMETRIC_REPRESENTATION_CONTEXT() REPRESENTATION_CONTEXT('2D SPACE',''
  ) );
#8354 = PCURVE('',#8355,#8360);
#8355 = PLANE('',#8356);
#8356 = AXIS2_PLACEMENT_3D('',#8357,#8358,#8359);
#8357 = CARTESIAN_POINT('',(-0.205,-5.475,-2.51));
#8358 = DIRECTION('',(0.,0.,1.));
#8359 = DIRECTION('',(1.,0.,0.));
#8360 = DEFINITIONAL_REPRESENTATION('',(#8361),#8365);
#8361 = LINE('',#8362,#8363);
#8362 = CARTESIAN_POINT('',(0.,0.));
#8363 = VECTOR('',#8364,1.);
#8364 = DIRECTION('',(0.,1.));
#8365 = ( GEOMETRIC_REPRESENTATION_CONTEXT(2) 
PARAMETRIC_REPRESENTATION_CONTEXT() REPRESENTATION_CONTEXT('2D SPACE',''
  ) );
#8366 = ORIENTED_EDGE('',*,*,#8367,.T.);
#8367 = EDGE_CURVE('',#8340,#8368,#8370,.T.);
#8368 = VERTEX_POINT('',#8369);
#8369 = CARTESIAN_POINT('',(-0.205,-4.685,0.13));
#8370 = SURFACE_CURVE('',#8371,(#8375,#8382),.PCURVE_S1.);
#8371 = LINE('',#8372,#8373);
#8372 = CARTESIAN_POINT('',(-0.205,-4.685,-2.51));
#8373 = VECTOR('',#8374,1.);
#8374 = DIRECTION('',(0.,0.,1.));
#8375 = PCURVE('',#8315,#8376);
#8376 = DEFINITIONAL_REPRESENTATION('',(#8377),#8381);
#8377 = LINE('',#8378,#8379);
#8378 = CARTESIAN_POINT('',(0.,-0.79));
#8379 = VECTOR('',#8380,1.);
#8380 = DIRECTION('',(1.,0.));
#8381 = ( GEOMETRIC_REPRESENTATION_CONTEXT(2) 
PARAMETRIC_REPRESENTATION_CONTEXT() REPRESENTATION_CONTEXT('2D SPACE',''
  ) );
#8382 = PCURVE('',#8383,#8388);
#8383 = PLANE('',#8384);
#8384 = AXIS2_PLACEMENT_3D('',#8385,#8386,#8387);
#8385 = CARTESIAN_POINT('',(-0.205,-4.685,-2.51));
#8386 = DIRECTION('',(0.,1.,0.));
#8387 = DIRECTION('',(0.,0.,1.));
#8388 = DEFINITIONAL_REPRESENTATION('',(#8389),#8393);
#8389 = LINE('',#8390,#8391);
#8390 = CARTESIAN_POINT('',(0.,0.));
#8391 = VECTOR('',#8392,1.);
#8392 = DIRECTION('',(1.,0.));
#8393 = ( GEOMETRIC_REPRESENTATION_CONTEXT(2) 
PARAMETRIC_REPRESENTATION_CONTEXT() REPRESENTATION_CONTEXT('2D SPACE',''
  ) );
#8394 = ORIENTED_EDGE('',*,*,#8395,.F.);
#8395 = EDGE_CURVE('',#8307,#8368,#8396,.T.);
#8396 = SURFACE_CURVE('',#8397,(#8401,#8408),.PCURVE_S1.);
#8397 = LINE('',#8398,#8399);
#8398 = CARTESIAN_POINT('',(-0.205,-5.475,0.13));
#8399 = VECTOR('',#8400,1.);
#8400 = DIRECTION('',(0.,1.,0.));
#8401 = PCURVE('',#8315,#8402);
#8402 = DEFINITIONAL_REPRESENTATION('',(#8403),#8407);
#8403 = LINE('',#8404,#8405);
#8404 = CARTESIAN_POINT('',(2.64,0.));
#8405 = VECTOR('',#8406,1.);
#8406 = DIRECTION('',(0.,-1.));
#8407 = ( GEOMETRIC_REPRESENTATION_CONTEXT(2) 
PARAMETRIC_REPRESENTATION_CONTEXT() REPRESENTATION_CONTEXT('2D SPACE',''
  ) );
#8408 = PCURVE('',#8409,#8414);
#8409 = PLANE('',#8410);
#8410 = AXIS2_PLACEMENT_3D('',#8411,#8412,#8413);
#8411 = CARTESIAN_POINT('',(-0.205,-5.475,0.13));
#8412 = DIRECTION('',(0.,0.,1.));
#8413 = DIRECTION('',(1.,0.,0.));
#8414 = DEFINITIONAL_REPRESENTATION('',(#8415),#8419);
#8415 = LINE('',#8416,#8417);
#8416 = CARTESIAN_POINT('',(0.,0.));
#8417 = VECTOR('',#8418,1.);
#8418 = DIRECTION('',(0.,1.));
#8419 = ( GEOMETRIC_REPRESENTATION_CONTEXT(2) 
PARAMETRIC_REPRESENTATION_CONTEXT() REPRESENTATION_CONTEXT('2D SPACE',''
  ) );
#8420 = ADVANCED_FACE('',(#8421),#8435,.T.);
#8421 = FACE_BOUND('',#8422,.T.);
#8422 = EDGE_LOOP('',(#8423,#8453,#8476,#8499));
#8423 = ORIENTED_EDGE('',*,*,#8424,.F.);
#8424 = EDGE_CURVE('',#8425,#8427,#8429,.T.);
#8425 = VERTEX_POINT('',#8426);
#8426 = CARTESIAN_POINT('',(0.205,-5.475,-2.51));
#8427 = VERTEX_POINT('',#8428);
#8428 = CARTESIAN_POINT('',(0.205,-5.475,0.13));
#8429 = SURFACE_CURVE('',#8430,(#8434,#8446),.PCURVE_S1.);
#8430 = LINE('',#8431,#8432);
#8431 = CARTESIAN_POINT('',(0.205,-5.475,-2.51));
#8432 = VECTOR('',#8433,1.);
#8433 = DIRECTION('',(0.,0.,1.));
#8434 = PCURVE('',#8435,#8440);
#8435 = PLANE('',#8436);
#8436 = AXIS2_PLACEMENT_3D('',#8437,#8438,#8439);
#8437 = CARTESIAN_POINT('',(0.205,-5.475,-2.51));
#8438 = DIRECTION('',(1.,0.,0.));
#8439 = DIRECTION('',(0.,0.,1.));
#8440 = DEFINITIONAL_REPRESENTATION('',(#8441),#8445);
#8441 = LINE('',#8442,#8443);
#8442 = CARTESIAN_POINT('',(0.,0.));
#8443 = VECTOR('',#8444,1.);
#8444 = DIRECTION('',(1.,0.));
#8445 = ( GEOMETRIC_REPRESENTATION_CONTEXT(2) 
PARAMETRIC_REPRESENTATION_CONTEXT() REPRESENTATION_CONTEXT('2D SPACE',''
  ) );
#8446 = PCURVE('',#8327,#8447);
#8447 = DEFINITIONAL_REPRESENTATION('',(#8448),#8452);
#8448 = LINE('',#8449,#8450);
#8449 = CARTESIAN_POINT('',(0.,0.41));
#8450 = VECTOR('',#8451,1.);
#8451 = DIRECTION('',(1.,0.));
#8452 = ( GEOMETRIC_REPRESENTATION_CONTEXT(2) 
PARAMETRIC_REPRESENTATION_CONTEXT() REPRESENTATION_CONTEXT('2D SPACE',''
  ) );
#8453 = ORIENTED_EDGE('',*,*,#8454,.T.);
#8454 = EDGE_CURVE('',#8425,#8455,#8457,.T.);
#8455 = VERTEX_POINT('',#8456);
#8456 = CARTESIAN_POINT('',(0.205,-4.685,-2.51));
#8457 = SURFACE_CURVE('',#8458,(#8462,#8469),.PCURVE_S1.);
#8458 = LINE('',#8459,#8460);
#8459 = CARTESIAN_POINT('',(0.205,-5.475,-2.51));
#8460 = VECTOR('',#8461,1.);
#8461 = DIRECTION('',(0.,1.,0.));
#8462 = PCURVE('',#8435,#8463);
#8463 = DEFINITIONAL_REPRESENTATION('',(#8464),#8468);
#8464 = LINE('',#8465,#8466);
#8465 = CARTESIAN_POINT('',(0.,0.));
#8466 = VECTOR('',#8467,1.);
#8467 = DIRECTION('',(0.,-1.));
#8468 = ( GEOMETRIC_REPRESENTATION_CONTEXT(2) 
PARAMETRIC_REPRESENTATION_CONTEXT() REPRESENTATION_CONTEXT('2D SPACE',''
  ) );
#8469 = PCURVE('',#8355,#8470);
#8470 = DEFINITIONAL_REPRESENTATION('',(#8471),#8475);
#8471 = LINE('',#8472,#8473);
#8472 = CARTESIAN_POINT('',(0.41,0.));
#8473 = VECTOR('',#8474,1.);
#8474 = DIRECTION('',(0.,1.));
#8475 = ( GEOMETRIC_REPRESENTATION_CONTEXT(2) 
PARAMETRIC_REPRESENTATION_CONTEXT() REPRESENTATION_CONTEXT('2D SPACE',''
  ) );
#8476 = ORIENTED_EDGE('',*,*,#8477,.T.);
#8477 = EDGE_CURVE('',#8455,#8478,#8480,.T.);
#8478 = VERTEX_POINT('',#8479);
#8479 = CARTESIAN_POINT('',(0.205,-4.685,0.13));
#8480 = SURFACE_CURVE('',#8481,(#8485,#8492),.PCURVE_S1.);
#8481 = LINE('',#8482,#8483);
#8482 = CARTESIAN_POINT('',(0.205,-4.685,-2.51));
#8483 = VECTOR('',#8484,1.);
#8484 = DIRECTION('',(0.,0.,1.));
#8485 = PCURVE('',#8435,#8486);
#8486 = DEFINITIONAL_REPRESENTATION('',(#8487),#8491);
#8487 = LINE('',#8488,#8489);
#8488 = CARTESIAN_POINT('',(0.,-0.79));
#8489 = VECTOR('',#8490,1.);
#8490 = DIRECTION('',(1.,0.));
#8491 = ( GEOMETRIC_REPRESENTATION_CONTEXT(2) 
PARAMETRIC_REPRESENTATION_CONTEXT() REPRESENTATION_CONTEXT('2D SPACE',''
  ) );
#8492 = PCURVE('',#8383,#8493);
#8493 = DEFINITIONAL_REPRESENTATION('',(#8494),#8498);
#8494 = LINE('',#8495,#8496);
#8495 = CARTESIAN_POINT('',(0.,0.41));
#8496 = VECTOR('',#8497,1.);
#8497 = DIRECTION('',(1.,0.));
#8498 = ( GEOMETRIC_REPRESENTATION_CONTEXT(2) 
PARAMETRIC_REPRESENTATION_CONTEXT() REPRESENTATION_CONTEXT('2D SPACE',''
  ) );
#8499 = ORIENTED_EDGE('',*,*,#8500,.F.);
#8500 = EDGE_CURVE('',#8427,#8478,#8501,.T.);
#8501 = SURFACE_CURVE('',#8502,(#8506,#8513),.PCURVE_S1.);
#8502 = LINE('',#8503,#8504);
#8503 = CARTESIAN_POINT('',(0.205,-5.475,0.13));
#8504 = VECTOR('',#8505,1.);
#8505 = DIRECTION('',(0.,1.,0.));
#8506 = PCURVE('',#8435,#8507);
#8507 = DEFINITIONAL_REPRESENTATION('',(#8508),#8512);
#8508 = LINE('',#8509,#8510);
#8509 = CARTESIAN_POINT('',(2.64,0.));
#8510 = VECTOR('',#8511,1.);
#8511 = DIRECTION('',(0.,-1.));
#8512 = ( GEOMETRIC_REPRESENTATION_CONTEXT(2) 
PARAMETRIC_REPRESENTATION_CONTEXT() REPRESENTATION_CONTEXT('2D SPACE',''
  ) );
#8513 = PCURVE('',#8409,#8514);
#8514 = DEFINITIONAL_REPRESENTATION('',(#8515),#8519);
#8515 = LINE('',#8516,#8517);
#8516 = CARTESIAN_POINT('',(0.41,0.));
#8517 = VECTOR('',#8518,1.);
#8518 = DIRECTION('',(0.,1.));
#8519 = ( GEOMETRIC_REPRESENTATION_CONTEXT(2) 
PARAMETRIC_REPRESENTATION_CONTEXT() REPRESENTATION_CONTEXT('2D SPACE',''
  ) );
#8520 = ADVANCED_FACE('',(#8521),#8327,.F.);
#8521 = FACE_BOUND('',#8522,.F.);
#8522 = EDGE_LOOP('',(#8523,#8544,#8545,#8566));
#8523 = ORIENTED_EDGE('',*,*,#8524,.F.);
#8524 = EDGE_CURVE('',#8305,#8425,#8525,.T.);
#8525 = SURFACE_CURVE('',#8526,(#8530,#8537),.PCURVE_S1.);
#8526 = LINE('',#8527,#8528);
#8527 = CARTESIAN_POINT('',(-0.205,-5.475,-2.51));
#8528 = VECTOR('',#8529,1.);
#8529 = DIRECTION('',(1.,0.,0.));
#8530 = PCURVE('',#8327,#8531);
#8531 = DEFINITIONAL_REPRESENTATION('',(#8532),#8536);
#8532 = LINE('',#8533,#8534);
#8533 = CARTESIAN_POINT('',(0.,0.));
#8534 = VECTOR('',#8535,1.);
#8535 = DIRECTION('',(0.,1.));
#8536 = ( GEOMETRIC_REPRESENTATION_CONTEXT(2) 
PARAMETRIC_REPRESENTATION_CONTEXT() REPRESENTATION_CONTEXT('2D SPACE',''
  ) );
#8537 = PCURVE('',#8355,#8538);
#8538 = DEFINITIONAL_REPRESENTATION('',(#8539),#8543);
#8539 = LINE('',#8540,#8541);
#8540 = CARTESIAN_POINT('',(0.,0.));
#8541 = VECTOR('',#8542,1.);
#8542 = DIRECTION('',(1.,0.));
#8543 = ( GEOMETRIC_REPRESENTATION_CONTEXT(2) 
PARAMETRIC_REPRESENTATION_CONTEXT() REPRESENTATION_CONTEXT('2D SPACE',''
  ) );
#8544 = ORIENTED_EDGE('',*,*,#8304,.T.);
#8545 = ORIENTED_EDGE('',*,*,#8546,.T.);
#8546 = EDGE_CURVE('',#8307,#8427,#8547,.T.);
#8547 = SURFACE_CURVE('',#8548,(#8552,#8559),.PCURVE_S1.);
#8548 = LINE('',#8549,#8550);
#8549 = CARTESIAN_POINT('',(-0.205,-5.475,0.13));
#8550 = VECTOR('',#8551,1.);
#8551 = DIRECTION('',(1.,0.,0.));
#8552 = PCURVE('',#8327,#8553);
#8553 = DEFINITIONAL_REPRESENTATION('',(#8554),#8558);
#8554 = LINE('',#8555,#8556);
#8555 = CARTESIAN_POINT('',(2.64,0.));
#8556 = VECTOR('',#8557,1.);
#8557 = DIRECTION('',(0.,1.));
#8558 = ( GEOMETRIC_REPRESENTATION_CONTEXT(2) 
PARAMETRIC_REPRESENTATION_CONTEXT() REPRESENTATION_CONTEXT('2D SPACE',''
  ) );
#8559 = PCURVE('',#8409,#8560);
#8560 = DEFINITIONAL_REPRESENTATION('',(#8561),#8565);
#8561 = LINE('',#8562,#8563);
#8562 = CARTESIAN_POINT('',(0.,0.));
#8563 = VECTOR('',#8564,1.);
#8564 = DIRECTION('',(1.,0.));
#8565 = ( GEOMETRIC_REPRESENTATION_CONTEXT(2) 
PARAMETRIC_REPRESENTATION_CONTEXT() REPRESENTATION_CONTEXT('2D SPACE',''
  ) );
#8566 = ORIENTED_EDGE('',*,*,#8424,.F.);
#8567 = ADVANCED_FACE('',(#8568),#8383,.T.);
#8568 = FACE_BOUND('',#8569,.T.);
#8569 = EDGE_LOOP('',(#8570,#8591,#8592,#8613));
#8570 = ORIENTED_EDGE('',*,*,#8571,.F.);
#8571 = EDGE_CURVE('',#8340,#8455,#8572,.T.);
#8572 = SURFACE_CURVE('',#8573,(#8577,#8584),.PCURVE_S1.);
#8573 = LINE('',#8574,#8575);
#8574 = CARTESIAN_POINT('',(-0.205,-4.685,-2.51));
#8575 = VECTOR('',#8576,1.);
#8576 = DIRECTION('',(1.,0.,0.));
#8577 = PCURVE('',#8383,#8578);
#8578 = DEFINITIONAL_REPRESENTATION('',(#8579),#8583);
#8579 = LINE('',#8580,#8581);
#8580 = CARTESIAN_POINT('',(0.,0.));
#8581 = VECTOR('',#8582,1.);
#8582 = DIRECTION('',(0.,1.));
#8583 = ( GEOMETRIC_REPRESENTATION_CONTEXT(2) 
PARAMETRIC_REPRESENTATION_CONTEXT() REPRESENTATION_CONTEXT('2D SPACE',''
  ) );
#8584 = PCURVE('',#8355,#8585);
#8585 = DEFINITIONAL_REPRESENTATION('',(#8586),#8590);
#8586 = LINE('',#8587,#8588);
#8587 = CARTESIAN_POINT('',(0.,0.79));
#8588 = VECTOR('',#8589,1.);
#8589 = DIRECTION('',(1.,0.));
#8590 = ( GEOMETRIC_REPRESENTATION_CONTEXT(2) 
PARAMETRIC_REPRESENTATION_CONTEXT() REPRESENTATION_CONTEXT('2D SPACE',''
  ) );
#8591 = ORIENTED_EDGE('',*,*,#8367,.T.);
#8592 = ORIENTED_EDGE('',*,*,#8593,.T.);
#8593 = EDGE_CURVE('',#8368,#8478,#8594,.T.);
#8594 = SURFACE_CURVE('',#8595,(#8599,#8606),.PCURVE_S1.);
#8595 = LINE('',#8596,#8597);
#8596 = CARTESIAN_POINT('',(-0.205,-4.685,0.13));
#8597 = VECTOR('',#8598,1.);
#8598 = DIRECTION('',(1.,0.,0.));
#8599 = PCURVE('',#8383,#8600);
#8600 = DEFINITIONAL_REPRESENTATION('',(#8601),#8605);
#8601 = LINE('',#8602,#8603);
#8602 = CARTESIAN_POINT('',(2.64,0.));
#8603 = VECTOR('',#8604,1.);
#8604 = DIRECTION('',(0.,1.));
#8605 = ( GEOMETRIC_REPRESENTATION_CONTEXT(2) 
PARAMETRIC_REPRESENTATION_CONTEXT() REPRESENTATION_CONTEXT('2D SPACE',''
  ) );
#8606 = PCURVE('',#8409,#8607);
#8607 = DEFINITIONAL_REPRESENTATION('',(#8608),#8612);
#8608 = LINE('',#8609,#8610);
#8609 = CARTESIAN_POINT('',(0.,0.79));
#8610 = VECTOR('',#8611,1.);
#8611 = DIRECTION('',(1.,0.));
#8612 = ( GEOMETRIC_REPRESENTATION_CONTEXT(2) 
PARAMETRIC_REPRESENTATION_CONTEXT() REPRESENTATION_CONTEXT('2D SPACE',''
  ) );
#8613 = ORIENTED_EDGE('',*,*,#8477,.F.);
#8614 = ADVANCED_FACE('',(#8615),#8355,.F.);
#8615 = FACE_BOUND('',#8616,.F.);
#8616 = EDGE_LOOP('',(#8617,#8618,#8619,#8620));
#8617 = ORIENTED_EDGE('',*,*,#8339,.F.);
#8618 = ORIENTED_EDGE('',*,*,#8524,.T.);
#8619 = ORIENTED_EDGE('',*,*,#8454,.T.);
#8620 = ORIENTED_EDGE('',*,*,#8571,.F.);
#8621 = ADVANCED_FACE('',(#8622),#8409,.T.);
#8622 = FACE_BOUND('',#8623,.T.);
#8623 = EDGE_LOOP('',(#8624,#8625,#8626,#8627));
#8624 = ORIENTED_EDGE('',*,*,#8395,.F.);
#8625 = ORIENTED_EDGE('',*,*,#8546,.T.);
#8626 = ORIENTED_EDGE('',*,*,#8500,.T.);
#8627 = ORIENTED_EDGE('',*,*,#8593,.F.);
#8628 = ( GEOMETRIC_REPRESENTATION_CONTEXT(3) 
GLOBAL_UNCERTAINTY_ASSIGNED_CONTEXT((#8632)) 
GLOBAL_UNIT_ASSIGNED_CONTEXT((#8629,#8630,#8631)) REPRESENTATION_CONTEXT
('Context #1','3D Context with UNIT and UNCERTAINTY') );
#8629 = ( LENGTH_UNIT() NAMED_UNIT(*) SI_UNIT(.MILLI.,.METRE.) );
#8630 = ( NAMED_UNIT(*) PLANE_ANGLE_UNIT() SI_UNIT($,.RADIAN.) );
#8631 = ( NAMED_UNIT(*) SI_UNIT($,.STERADIAN.) SOLID_ANGLE_UNIT() );
#8632 = UNCERTAINTY_MEASURE_WITH_UNIT(LENGTH_MEASURE(1.E-07),#8629,
  'distance_accuracy_value','confusion accuracy');
#8633 = CONTEXT_DEPENDENT_SHAPE_REPRESENTATION(#8634,#8636);
#8634 = ( REPRESENTATION_RELATIONSHIP('','',#8297,#10) 
REPRESENTATION_RELATIONSHIP_WITH_TRANSFORMATION(#8635) 
SHAPE_REPRESENTATION_RELATIONSHIP() );
#8635 = ITEM_DEFINED_TRANSFORMATION('','',#11,#35);
#8636 = PRODUCT_DEFINITION_SHAPE('Placement','Placement of an item',
  #8637);
#8637 = NEXT_ASSEMBLY_USAGE_OCCURRENCE('89','contact_5','',#5,#8292,$);
#8638 = PRODUCT_RELATED_PRODUCT_CATEGORY('part',$,(#8294));
#8639 = SHAPE_DEFINITION_REPRESENTATION(#8640,#8646);
#8640 = PRODUCT_DEFINITION_SHAPE('','',#8641);
#8641 = PRODUCT_DEFINITION('design','',#8642,#8645);
#8642 = PRODUCT_DEFINITION_FORMATION('','',#8643);
#8643 = PRODUCT('contact_6','contact_6','',(#8644));
#8644 = PRODUCT_CONTEXT('',#2,'mechanical');
#8645 = PRODUCT_DEFINITION_CONTEXT('part definition',#2,'design');
#8646 = ADVANCED_BREP_SHAPE_REPRESENTATION('',(#11,#8647),#8977);
#8647 = MANIFOLD_SOLID_BREP('',#8648);
#8648 = CLOSED_SHELL('',(#8649,#8769,#8869,#8916,#8963,#8970));
#8649 = ADVANCED_FACE('',(#8650),#8664,.F.);
#8650 = FACE_BOUND('',#8651,.F.);
#8651 = EDGE_LOOP('',(#8652,#8687,#8715,#8743));
#8652 = ORIENTED_EDGE('',*,*,#8653,.F.);
#8653 = EDGE_CURVE('',#8654,#8656,#8658,.T.);
#8654 = VERTEX_POINT('',#8655);
#8655 = CARTESIAN_POINT('',(2.335,-5.475,-2.51));
#8656 = VERTEX_POINT('',#8657);
#8657 = CARTESIAN_POINT('',(2.335,-5.475,0.13));
#8658 = SURFACE_CURVE('',#8659,(#8663,#8675),.PCURVE_S1.);
#8659 = LINE('',#8660,#8661);
#8660 = CARTESIAN_POINT('',(2.335,-5.475,-2.51));
#8661 = VECTOR('',#8662,1.);
#8662 = DIRECTION('',(0.,0.,1.));
#8663 = PCURVE('',#8664,#8669);
#8664 = PLANE('',#8665);
#8665 = AXIS2_PLACEMENT_3D('',#8666,#8667,#8668);
#8666 = CARTESIAN_POINT('',(2.335,-5.475,-2.51));
#8667 = DIRECTION('',(1.,0.,0.));
#8668 = DIRECTION('',(0.,0.,1.));
#8669 = DEFINITIONAL_REPRESENTATION('',(#8670),#8674);
#8670 = LINE('',#8671,#8672);
#8671 = CARTESIAN_POINT('',(0.,0.));
#8672 = VECTOR('',#8673,1.);
#8673 = DIRECTION('',(1.,0.));
#8674 = ( GEOMETRIC_REPRESENTATION_CONTEXT(2) 
PARAMETRIC_REPRESENTATION_CONTEXT() REPRESENTATION_CONTEXT('2D SPACE',''
  ) );
#8675 = PCURVE('',#8676,#8681);
#8676 = PLANE('',#8677);
#8677 = AXIS2_PLACEMENT_3D('',#8678,#8679,#8680);
#8678 = CARTESIAN_POINT('',(2.335,-5.475,-2.51));
#8679 = DIRECTION('',(0.,1.,0.));
#8680 = DIRECTION('',(0.,0.,1.));
#8681 = DEFINITIONAL_REPRESENTATION('',(#8682),#8686);
#8682 = LINE('',#8683,#8684);
#8683 = CARTESIAN_POINT('',(0.,0.));
#8684 = VECTOR('',#8685,1.);
#8685 = DIRECTION('',(1.,0.));
#8686 = ( GEOMETRIC_REPRESENTATION_CONTEXT(2) 
PARAMETRIC_REPRESENTATION_CONTEXT() REPRESENTATION_CONTEXT('2D SPACE',''
  ) );
#8687 = ORIENTED_EDGE('',*,*,#8688,.T.);
#8688 = EDGE_CURVE('',#8654,#8689,#8691,.T.);
#8689 = VERTEX_POINT('',#8690);
#8690 = CARTESIAN_POINT('',(2.335,-4.685,-2.51));
#8691 = SURFACE_CURVE('',#8692,(#8696,#8703),.PCURVE_S1.);
#8692 = LINE('',#8693,#8694);
#8693 = CARTESIAN_POINT('',(2.335,-5.475,-2.51));
#8694 = VECTOR('',#8695,1.);
#8695 = DIRECTION('',(0.,1.,0.));
#8696 = PCURVE('',#8664,#8697);
#8697 = DEFINITIONAL_REPRESENTATION('',(#8698),#8702);
#8698 = LINE('',#8699,#8700);
#8699 = CARTESIAN_POINT('',(0.,0.));
#8700 = VECTOR('',#8701,1.);
#8701 = DIRECTION('',(0.,-1.));
#8702 = ( GEOMETRIC_REPRESENTATION_CONTEXT(2) 
PARAMETRIC_REPRESENTATION_CONTEXT() REPRESENTATION_CONTEXT('2D SPACE',''
  ) );
#8703 = PCURVE('',#8704,#8709);
#8704 = PLANE('',#8705);
#8705 = AXIS2_PLACEMENT_3D('',#8706,#8707,#8708);
#8706 = CARTESIAN_POINT('',(2.335,-5.475,-2.51));
#8707 = DIRECTION('',(0.,0.,1.));
#8708 = DIRECTION('',(1.,0.,0.));
#8709 = DEFINITIONAL_REPRESENTATION('',(#8710),#8714);
#8710 = LINE('',#8711,#8712);
#8711 = CARTESIAN_POINT('',(0.,0.));
#8712 = VECTOR('',#8713,1.);
#8713 = DIRECTION('',(0.,1.));
#8714 = ( GEOMETRIC_REPRESENTATION_CONTEXT(2) 
PARAMETRIC_REPRESENTATION_CONTEXT() REPRESENTATION_CONTEXT('2D SPACE',''
  ) );
#8715 = ORIENTED_EDGE('',*,*,#8716,.T.);
#8716 = EDGE_CURVE('',#8689,#8717,#8719,.T.);
#8717 = VERTEX_POINT('',#8718);
#8718 = CARTESIAN_POINT('',(2.335,-4.685,0.13));
#8719 = SURFACE_CURVE('',#8720,(#8724,#8731),.PCURVE_S1.);
#8720 = LINE('',#8721,#8722);
#8721 = CARTESIAN_POINT('',(2.335,-4.685,-2.51));
#8722 = VECTOR('',#8723,1.);
#8723 = DIRECTION('',(0.,0.,1.));
#8724 = PCURVE('',#8664,#8725);
#8725 = DEFINITIONAL_REPRESENTATION('',(#8726),#8730);
#8726 = LINE('',#8727,#8728);
#8727 = CARTESIAN_POINT('',(0.,-0.79));
#8728 = VECTOR('',#8729,1.);
#8729 = DIRECTION('',(1.,0.));
#8730 = ( GEOMETRIC_REPRESENTATION_CONTEXT(2) 
PARAMETRIC_REPRESENTATION_CONTEXT() REPRESENTATION_CONTEXT('2D SPACE',''
  ) );
#8731 = PCURVE('',#8732,#8737);
#8732 = PLANE('',#8733);
#8733 = AXIS2_PLACEMENT_3D('',#8734,#8735,#8736);
#8734 = CARTESIAN_POINT('',(2.335,-4.685,-2.51));
#8735 = DIRECTION('',(0.,1.,0.));
#8736 = DIRECTION('',(0.,0.,1.));
#8737 = DEFINITIONAL_REPRESENTATION('',(#8738),#8742);
#8738 = LINE('',#8739,#8740);
#8739 = CARTESIAN_POINT('',(0.,0.));
#8740 = VECTOR('',#8741,1.);
#8741 = DIRECTION('',(1.,0.));
#8742 = ( GEOMETRIC_REPRESENTATION_CONTEXT(2) 
PARAMETRIC_REPRESENTATION_CONTEXT() REPRESENTATION_CONTEXT('2D SPACE',''
  ) );
#8743 = ORIENTED_EDGE('',*,*,#8744,.F.);
#8744 = EDGE_CURVE('',#8656,#8717,#8745,.T.);
#8745 = SURFACE_CURVE('',#8746,(#8750,#8757),.PCURVE_S1.);
#8746 = LINE('',#8747,#8748);
#8747 = CARTESIAN_POINT('',(2.335,-5.475,0.13));
#8748 = VECTOR('',#8749,1.);
#8749 = DIRECTION('',(0.,1.,0.));
#8750 = PCURVE('',#8664,#8751);
#8751 = DEFINITIONAL_REPRESENTATION('',(#8752),#8756);
#8752 = LINE('',#8753,#8754);
#8753 = CARTESIAN_POINT('',(2.64,0.));
#8754 = VECTOR('',#8755,1.);
#8755 = DIRECTION('',(0.,-1.));
#8756 = ( GEOMETRIC_REPRESENTATION_CONTEXT(2) 
PARAMETRIC_REPRESENTATION_CONTEXT() REPRESENTATION_CONTEXT('2D SPACE',''
  ) );
#8757 = PCURVE('',#8758,#8763);
#8758 = PLANE('',#8759);
#8759 = AXIS2_PLACEMENT_3D('',#8760,#8761,#8762);
#8760 = CARTESIAN_POINT('',(2.335,-5.475,0.13));
#8761 = DIRECTION('',(0.,0.,1.));
#8762 = DIRECTION('',(1.,0.,0.));
#8763 = DEFINITIONAL_REPRESENTATION('',(#8764),#8768);
#8764 = LINE('',#8765,#8766);
#8765 = CARTESIAN_POINT('',(0.,0.));
#8766 = VECTOR('',#8767,1.);
#8767 = DIRECTION('',(0.,1.));
#8768 = ( GEOMETRIC_REPRESENTATION_CONTEXT(2) 
PARAMETRIC_REPRESENTATION_CONTEXT() REPRESENTATION_CONTEXT('2D SPACE',''
  ) );
#8769 = ADVANCED_FACE('',(#8770),#8784,.T.);
#8770 = FACE_BOUND('',#8771,.T.);
#8771 = EDGE_LOOP('',(#8772,#8802,#8825,#8848));
#8772 = ORIENTED_EDGE('',*,*,#8773,.F.);
#8773 = EDGE_CURVE('',#8774,#8776,#8778,.T.);
#8774 = VERTEX_POINT('',#8775);
#8775 = CARTESIAN_POINT('',(2.745,-5.475,-2.51));
#8776 = VERTEX_POINT('',#8777);
#8777 = CARTESIAN_POINT('',(2.745,-5.475,0.13));
#8778 = SURFACE_CURVE('',#8779,(#8783,#8795),.PCURVE_S1.);
#8779 = LINE('',#8780,#8781);
#8780 = CARTESIAN_POINT('',(2.745,-5.475,-2.51));
#8781 = VECTOR('',#8782,1.);
#8782 = DIRECTION('',(0.,0.,1.));
#8783 = PCURVE('',#8784,#8789);
#8784 = PLANE('',#8785);
#8785 = AXIS2_PLACEMENT_3D('',#8786,#8787,#8788);
#8786 = CARTESIAN_POINT('',(2.745,-5.475,-2.51));
#8787 = DIRECTION('',(1.,0.,0.));
#8788 = DIRECTION('',(0.,0.,1.));
#8789 = DEFINITIONAL_REPRESENTATION('',(#8790),#8794);
#8790 = LINE('',#8791,#8792);
#8791 = CARTESIAN_POINT('',(0.,0.));
#8792 = VECTOR('',#8793,1.);
#8793 = DIRECTION('',(1.,0.));
#8794 = ( GEOMETRIC_REPRESENTATION_CONTEXT(2) 
PARAMETRIC_REPRESENTATION_CONTEXT() REPRESENTATION_CONTEXT('2D SPACE',''
  ) );
#8795 = PCURVE('',#8676,#8796);
#8796 = DEFINITIONAL_REPRESENTATION('',(#8797),#8801);
#8797 = LINE('',#8798,#8799);
#8798 = CARTESIAN_POINT('',(0.,0.41));
#8799 = VECTOR('',#8800,1.);
#8800 = DIRECTION('',(1.,0.));
#8801 = ( GEOMETRIC_REPRESENTATION_CONTEXT(2) 
PARAMETRIC_REPRESENTATION_CONTEXT() REPRESENTATION_CONTEXT('2D SPACE',''
  ) );
#8802 = ORIENTED_EDGE('',*,*,#8803,.T.);
#8803 = EDGE_CURVE('',#8774,#8804,#8806,.T.);
#8804 = VERTEX_POINT('',#8805);
#8805 = CARTESIAN_POINT('',(2.745,-4.685,-2.51));
#8806 = SURFACE_CURVE('',#8807,(#8811,#8818),.PCURVE_S1.);
#8807 = LINE('',#8808,#8809);
#8808 = CARTESIAN_POINT('',(2.745,-5.475,-2.51));
#8809 = VECTOR('',#8810,1.);
#8810 = DIRECTION('',(0.,1.,0.));
#8811 = PCURVE('',#8784,#8812);
#8812 = DEFINITIONAL_REPRESENTATION('',(#8813),#8817);
#8813 = LINE('',#8814,#8815);
#8814 = CARTESIAN_POINT('',(0.,0.));
#8815 = VECTOR('',#8816,1.);
#8816 = DIRECTION('',(0.,-1.));
#8817 = ( GEOMETRIC_REPRESENTATION_CONTEXT(2) 
PARAMETRIC_REPRESENTATION_CONTEXT() REPRESENTATION_CONTEXT('2D SPACE',''
  ) );
#8818 = PCURVE('',#8704,#8819);
#8819 = DEFINITIONAL_REPRESENTATION('',(#8820),#8824);
#8820 = LINE('',#8821,#8822);
#8821 = CARTESIAN_POINT('',(0.41,0.));
#8822 = VECTOR('',#8823,1.);
#8823 = DIRECTION('',(0.,1.));
#8824 = ( GEOMETRIC_REPRESENTATION_CONTEXT(2) 
PARAMETRIC_REPRESENTATION_CONTEXT() REPRESENTATION_CONTEXT('2D SPACE',''
  ) );
#8825 = ORIENTED_EDGE('',*,*,#8826,.T.);
#8826 = EDGE_CURVE('',#8804,#8827,#8829,.T.);
#8827 = VERTEX_POINT('',#8828);
#8828 = CARTESIAN_POINT('',(2.745,-4.685,0.13));
#8829 = SURFACE_CURVE('',#8830,(#8834,#8841),.PCURVE_S1.);
#8830 = LINE('',#8831,#8832);
#8831 = CARTESIAN_POINT('',(2.745,-4.685,-2.51));
#8832 = VECTOR('',#8833,1.);
#8833 = DIRECTION('',(0.,0.,1.));
#8834 = PCURVE('',#8784,#8835);
#8835 = DEFINITIONAL_REPRESENTATION('',(#8836),#8840);
#8836 = LINE('',#8837,#8838);
#8837 = CARTESIAN_POINT('',(0.,-0.79));
#8838 = VECTOR('',#8839,1.);
#8839 = DIRECTION('',(1.,0.));
#8840 = ( GEOMETRIC_REPRESENTATION_CONTEXT(2) 
PARAMETRIC_REPRESENTATION_CONTEXT() REPRESENTATION_CONTEXT('2D SPACE',''
  ) );
#8841 = PCURVE('',#8732,#8842);
#8842 = DEFINITIONAL_REPRESENTATION('',(#8843),#8847);
#8843 = LINE('',#8844,#8845);
#8844 = CARTESIAN_POINT('',(0.,0.41));
#8845 = VECTOR('',#8846,1.);
#8846 = DIRECTION('',(1.,0.));
#8847 = ( GEOMETRIC_REPRESENTATION_CONTEXT(2) 
PARAMETRIC_REPRESENTATION_CONTEXT() REPRESENTATION_CONTEXT('2D SPACE',''
  ) );
#8848 = ORIENTED_EDGE('',*,*,#8849,.F.);
#8849 = EDGE_CURVE('',#8776,#8827,#8850,.T.);
#8850 = SURFACE_CURVE('',#8851,(#8855,#8862),.PCURVE_S1.);
#8851 = LINE('',#8852,#8853);
#8852 = CARTESIAN_POINT('',(2.745,-5.475,0.13));
#8853 = VECTOR('',#8854,1.);
#8854 = DIRECTION('',(0.,1.,0.));
#8855 = PCURVE('',#8784,#8856);
#8856 = DEFINITIONAL_REPRESENTATION('',(#8857),#8861);
#8857 = LINE('',#8858,#8859);
#8858 = CARTESIAN_POINT('',(2.64,0.));
#8859 = VECTOR('',#8860,1.);
#8860 = DIRECTION('',(0.,-1.));
#8861 = ( GEOMETRIC_REPRESENTATION_CONTEXT(2) 
PARAMETRIC_REPRESENTATION_CONTEXT() REPRESENTATION_CONTEXT('2D SPACE',''
  ) );
#8862 = PCURVE('',#8758,#8863);
#8863 = DEFINITIONAL_REPRESENTATION('',(#8864),#8868);
#8864 = LINE('',#8865,#8866);
#8865 = CARTESIAN_POINT('',(0.41,0.));
#8866 = VECTOR('',#8867,1.);
#8867 = DIRECTION('',(0.,1.));
#8868 = ( GEOMETRIC_REPRESENTATION_CONTEXT(2) 
PARAMETRIC_REPRESENTATION_CONTEXT() REPRESENTATION_CONTEXT('2D SPACE',''
  ) );
#8869 = ADVANCED_FACE('',(#8870),#8676,.F.);
#8870 = FACE_BOUND('',#8871,.F.);
#8871 = EDGE_LOOP('',(#8872,#8893,#8894,#8915));
#8872 = ORIENTED_EDGE('',*,*,#8873,.F.);
#8873 = EDGE_CURVE('',#8654,#8774,#8874,.T.);
#8874 = SURFACE_CURVE('',#8875,(#8879,#8886),.PCURVE_S1.);
#8875 = LINE('',#8876,#8877);
#8876 = CARTESIAN_POINT('',(2.335,-5.475,-2.51));
#8877 = VECTOR('',#8878,1.);
#8878 = DIRECTION('',(1.,0.,0.));
#8879 = PCURVE('',#8676,#8880);
#8880 = DEFINITIONAL_REPRESENTATION('',(#8881),#8885);
#8881 = LINE('',#8882,#8883);
#8882 = CARTESIAN_POINT('',(0.,0.));
#8883 = VECTOR('',#8884,1.);
#8884 = DIRECTION('',(0.,1.));
#8885 = ( GEOMETRIC_REPRESENTATION_CONTEXT(2) 
PARAMETRIC_REPRESENTATION_CONTEXT() REPRESENTATION_CONTEXT('2D SPACE',''
  ) );
#8886 = PCURVE('',#8704,#8887);
#8887 = DEFINITIONAL_REPRESENTATION('',(#8888),#8892);
#8888 = LINE('',#8889,#8890);
#8889 = CARTESIAN_POINT('',(0.,0.));
#8890 = VECTOR('',#8891,1.);
#8891 = DIRECTION('',(1.,0.));
#8892 = ( GEOMETRIC_REPRESENTATION_CONTEXT(2) 
PARAMETRIC_REPRESENTATION_CONTEXT() REPRESENTATION_CONTEXT('2D SPACE',''
  ) );
#8893 = ORIENTED_EDGE('',*,*,#8653,.T.);
#8894 = ORIENTED_EDGE('',*,*,#8895,.T.);
#8895 = EDGE_CURVE('',#8656,#8776,#8896,.T.);
#8896 = SURFACE_CURVE('',#8897,(#8901,#8908),.PCURVE_S1.);
#8897 = LINE('',#8898,#8899);
#8898 = CARTESIAN_POINT('',(2.335,-5.475,0.13));
#8899 = VECTOR('',#8900,1.);
#8900 = DIRECTION('',(1.,0.,0.));
#8901 = PCURVE('',#8676,#8902);
#8902 = DEFINITIONAL_REPRESENTATION('',(#8903),#8907);
#8903 = LINE('',#8904,#8905);
#8904 = CARTESIAN_POINT('',(2.64,0.));
#8905 = VECTOR('',#8906,1.);
#8906 = DIRECTION('',(0.,1.));
#8907 = ( GEOMETRIC_REPRESENTATION_CONTEXT(2) 
PARAMETRIC_REPRESENTATION_CONTEXT() REPRESENTATION_CONTEXT('2D SPACE',''
  ) );
#8908 = PCURVE('',#8758,#8909);
#8909 = DEFINITIONAL_REPRESENTATION('',(#8910),#8914);
#8910 = LINE('',#8911,#8912);
#8911 = CARTESIAN_POINT('',(0.,0.));
#8912 = VECTOR('',#8913,1.);
#8913 = DIRECTION('',(1.,0.));
#8914 = ( GEOMETRIC_REPRESENTATION_CONTEXT(2) 
PARAMETRIC_REPRESENTATION_CONTEXT() REPRESENTATION_CONTEXT('2D SPACE',''
  ) );
#8915 = ORIENTED_EDGE('',*,*,#8773,.F.);
#8916 = ADVANCED_FACE('',(#8917),#8732,.T.);
#8917 = FACE_BOUND('',#8918,.T.);
#8918 = EDGE_LOOP('',(#8919,#8940,#8941,#8962));
#8919 = ORIENTED_EDGE('',*,*,#8920,.F.);
#8920 = EDGE_CURVE('',#8689,#8804,#8921,.T.);
#8921 = SURFACE_CURVE('',#8922,(#8926,#8933),.PCURVE_S1.);
#8922 = LINE('',#8923,#8924);
#8923 = CARTESIAN_POINT('',(2.335,-4.685,-2.51));
#8924 = VECTOR('',#8925,1.);
#8925 = DIRECTION('',(1.,0.,0.));
#8926 = PCURVE('',#8732,#8927);
#8927 = DEFINITIONAL_REPRESENTATION('',(#8928),#8932);
#8928 = LINE('',#8929,#8930);
#8929 = CARTESIAN_POINT('',(0.,0.));
#8930 = VECTOR('',#8931,1.);
#8931 = DIRECTION('',(0.,1.));
#8932 = ( GEOMETRIC_REPRESENTATION_CONTEXT(2) 
PARAMETRIC_REPRESENTATION_CONTEXT() REPRESENTATION_CONTEXT('2D SPACE',''
  ) );
#8933 = PCURVE('',#8704,#8934);
#8934 = DEFINITIONAL_REPRESENTATION('',(#8935),#8939);
#8935 = LINE('',#8936,#8937);
#8936 = CARTESIAN_POINT('',(0.,0.79));
#8937 = VECTOR('',#8938,1.);
#8938 = DIRECTION('',(1.,0.));
#8939 = ( GEOMETRIC_REPRESENTATION_CONTEXT(2) 
PARAMETRIC_REPRESENTATION_CONTEXT() REPRESENTATION_CONTEXT('2D SPACE',''
  ) );
#8940 = ORIENTED_EDGE('',*,*,#8716,.T.);
#8941 = ORIENTED_EDGE('',*,*,#8942,.T.);
#8942 = EDGE_CURVE('',#8717,#8827,#8943,.T.);
#8943 = SURFACE_CURVE('',#8944,(#8948,#8955),.PCURVE_S1.);
#8944 = LINE('',#8945,#8946);
#8945 = CARTESIAN_POINT('',(2.335,-4.685,0.13));
#8946 = VECTOR('',#8947,1.);
#8947 = DIRECTION('',(1.,0.,0.));
#8948 = PCURVE('',#8732,#8949);
#8949 = DEFINITIONAL_REPRESENTATION('',(#8950),#8954);
#8950 = LINE('',#8951,#8952);
#8951 = CARTESIAN_POINT('',(2.64,0.));
#8952 = VECTOR('',#8953,1.);
#8953 = DIRECTION('',(0.,1.));
#8954 = ( GEOMETRIC_REPRESENTATION_CONTEXT(2) 
PARAMETRIC_REPRESENTATION_CONTEXT() REPRESENTATION_CONTEXT('2D SPACE',''
  ) );
#8955 = PCURVE('',#8758,#8956);
#8956 = DEFINITIONAL_REPRESENTATION('',(#8957),#8961);
#8957 = LINE('',#8958,#8959);
#8958 = CARTESIAN_POINT('',(0.,0.79));
#8959 = VECTOR('',#8960,1.);
#8960 = DIRECTION('',(1.,0.));
#8961 = ( GEOMETRIC_REPRESENTATION_CONTEXT(2) 
PARAMETRIC_REPRESENTATION_CONTEXT() REPRESENTATION_CONTEXT('2D SPACE',''
  ) );
#8962 = ORIENTED_EDGE('',*,*,#8826,.F.);
#8963 = ADVANCED_FACE('',(#8964),#8704,.F.);
#8964 = FACE_BOUND('',#8965,.F.);
#8965 = EDGE_LOOP('',(#8966,#8967,#8968,#8969));
#8966 = ORIENTED_EDGE('',*,*,#8688,.F.);
#8967 = ORIENTED_EDGE('',*,*,#8873,.T.);
#8968 = ORIENTED_EDGE('',*,*,#8803,.T.);
#8969 = ORIENTED_EDGE('',*,*,#8920,.F.);
#8970 = ADVANCED_FACE('',(#8971),#8758,.T.);
#8971 = FACE_BOUND('',#8972,.T.);
#8972 = EDGE_LOOP('',(#8973,#8974,#8975,#8976));
#8973 = ORIENTED_EDGE('',*,*,#8744,.F.);
#8974 = ORIENTED_EDGE('',*,*,#8895,.T.);
#8975 = ORIENTED_EDGE('',*,*,#8849,.T.);
#8976 = ORIENTED_EDGE('',*,*,#8942,.F.);
#8977 = ( GEOMETRIC_REPRESENTATION_CONTEXT(3) 
GLOBAL_UNCERTAINTY_ASSIGNED_CONTEXT((#8981)) 
GLOBAL_UNIT_ASSIGNED_CONTEXT((#8978,#8979,#8980)) REPRESENTATION_CONTEXT
('Context #1','3D Context with UNIT and UNCERTAINTY') );
#8978 = ( LENGTH_UNIT() NAMED_UNIT(*) SI_UNIT(.MILLI.,.METRE.) );
#8979 = ( NAMED_UNIT(*) PLANE_ANGLE_UNIT() SI_UNIT($,.RADIAN.) );
#8980 = ( NAMED_UNIT(*) SI_UNIT($,.STERADIAN.) SOLID_ANGLE_UNIT() );
#8981 = UNCERTAINTY_MEASURE_WITH_UNIT(LENGTH_MEASURE(1.E-07),#8978,
  'distance_accuracy_value','confusion accuracy');
#8982 = CONTEXT_DEPENDENT_SHAPE_REPRESENTATION(#8983,#8985);
#8983 = ( REPRESENTATION_RELATIONSHIP('','',#8646,#10) 
REPRESENTATION_RELATIONSHIP_WITH_TRANSFORMATION(#8984) 
SHAPE_REPRESENTATION_RELATIONSHIP() );
#8984 = ITEM_DEFINED_TRANSFORMATION('','',#11,#39);
#8985 = PRODUCT_DEFINITION_SHAPE('Placement','Placement of an item',
  #8986);
#8986 = NEXT_ASSEMBLY_USAGE_OCCURRENCE('90','contact_6','',#5,#8641,$);
#8987 = PRODUCT_RELATED_PRODUCT_CATEGORY('part',$,(#8643));
#8988 = SHAPE_DEFINITION_REPRESENTATION(#8989,#8995);
#8989 = PRODUCT_DEFINITION_SHAPE('','',#8990);
#8990 = PRODUCT_DEFINITION('design','',#8991,#8994);
#8991 = PRODUCT_DEFINITION_FORMATION('','',#8992);
#8992 = PRODUCT('contact_7','contact_7','',(#8993));
#8993 = PRODUCT_CONTEXT('',#2,'mechanical');
#8994 = PRODUCT_DEFINITION_CONTEXT('part definition',#2,'design');
#8995 = ADVANCED_BREP_SHAPE_REPRESENTATION('',(#11,#8996),#9326);
#8996 = MANIFOLD_SOLID_BREP('',#8997);
#8997 = CLOSED_SHELL('',(#8998,#9118,#9218,#9265,#9312,#9319));
#8998 = ADVANCED_FACE('',(#8999),#9013,.F.);
#8999 = FACE_BOUND('',#9000,.F.);
#9000 = EDGE_LOOP('',(#9001,#9036,#9064,#9092));
#9001 = ORIENTED_EDGE('',*,*,#9002,.F.);
#9002 = EDGE_CURVE('',#9003,#9005,#9007,.T.);
#9003 = VERTEX_POINT('',#9004);
#9004 = CARTESIAN_POINT('',(-0.205,-8.015,-2.51));
#9005 = VERTEX_POINT('',#9006);
#9006 = CARTESIAN_POINT('',(-0.205,-8.015,0.13));
#9007 = SURFACE_CURVE('',#9008,(#9012,#9024),.PCURVE_S1.);
#9008 = LINE('',#9009,#9010);
#9009 = CARTESIAN_POINT('',(-0.205,-8.015,-2.51));
#9010 = VECTOR('',#9011,1.);
#9011 = DIRECTION('',(0.,0.,1.));
#9012 = PCURVE('',#9013,#9018);
#9013 = PLANE('',#9014);
#9014 = AXIS2_PLACEMENT_3D('',#9015,#9016,#9017);
#9015 = CARTESIAN_POINT('',(-0.205,-8.015,-2.51));
#9016 = DIRECTION('',(1.,0.,0.));
#9017 = DIRECTION('',(0.,0.,1.));
#9018 = DEFINITIONAL_REPRESENTATION('',(#9019),#9023);
#9019 = LINE('',#9020,#9021);
#9020 = CARTESIAN_POINT('',(0.,0.));
#9021 = VECTOR('',#9022,1.);
#9022 = DIRECTION('',(1.,0.));
#9023 = ( GEOMETRIC_REPRESENTATION_CONTEXT(2) 
PARAMETRIC_REPRESENTATION_CONTEXT() REPRESENTATION_CONTEXT('2D SPACE',''
  ) );
#9024 = PCURVE('',#9025,#9030);
#9025 = PLANE('',#9026);
#9026 = AXIS2_PLACEMENT_3D('',#9027,#9028,#9029);
#9027 = CARTESIAN_POINT('',(-0.205,-8.015,-2.51));
#9028 = DIRECTION('',(0.,1.,0.));
#9029 = DIRECTION('',(0.,0.,1.));
#9030 = DEFINITIONAL_REPRESENTATION('',(#9031),#9035);
#9031 = LINE('',#9032,#9033);
#9032 = CARTESIAN_POINT('',(0.,0.));
#9033 = VECTOR('',#9034,1.);
#9034 = DIRECTION('',(1.,0.));
#9035 = ( GEOMETRIC_REPRESENTATION_CONTEXT(2) 
PARAMETRIC_REPRESENTATION_CONTEXT() REPRESENTATION_CONTEXT('2D SPACE',''
  ) );
#9036 = ORIENTED_EDGE('',*,*,#9037,.T.);
#9037 = EDGE_CURVE('',#9003,#9038,#9040,.T.);
#9038 = VERTEX_POINT('',#9039);
#9039 = CARTESIAN_POINT('',(-0.205,-7.225,-2.51));
#9040 = SURFACE_CURVE('',#9041,(#9045,#9052),.PCURVE_S1.);
#9041 = LINE('',#9042,#9043);
#9042 = CARTESIAN_POINT('',(-0.205,-8.015,-2.51));
#9043 = VECTOR('',#9044,1.);
#9044 = DIRECTION('',(0.,1.,0.));
#9045 = PCURVE('',#9013,#9046);
#9046 = DEFINITIONAL_REPRESENTATION('',(#9047),#9051);
#9047 = LINE('',#9048,#9049);
#9048 = CARTESIAN_POINT('',(0.,0.));
#9049 = VECTOR('',#9050,1.);
#9050 = DIRECTION('',(0.,-1.));
#9051 = ( GEOMETRIC_REPRESENTATION_CONTEXT(2) 
PARAMETRIC_REPRESENTATION_CONTEXT() REPRESENTATION_CONTEXT('2D SPACE',''
  ) );
#9052 = PCURVE('',#9053,#9058);
#9053 = PLANE('',#9054);
#9054 = AXIS2_PLACEMENT_3D('',#9055,#9056,#9057);
#9055 = CARTESIAN_POINT('',(-0.205,-8.015,-2.51));
#9056 = DIRECTION('',(0.,0.,1.));
#9057 = DIRECTION('',(1.,0.,0.));
#9058 = DEFINITIONAL_REPRESENTATION('',(#9059),#9063);
#9059 = LINE('',#9060,#9061);
#9060 = CARTESIAN_POINT('',(0.,0.));
#9061 = VECTOR('',#9062,1.);
#9062 = DIRECTION('',(0.,1.));
#9063 = ( GEOMETRIC_REPRESENTATION_CONTEXT(2) 
PARAMETRIC_REPRESENTATION_CONTEXT() REPRESENTATION_CONTEXT('2D SPACE',''
  ) );
#9064 = ORIENTED_EDGE('',*,*,#9065,.T.);
#9065 = EDGE_CURVE('',#9038,#9066,#9068,.T.);
#9066 = VERTEX_POINT('',#9067);
#9067 = CARTESIAN_POINT('',(-0.205,-7.225,0.13));
#9068 = SURFACE_CURVE('',#9069,(#9073,#9080),.PCURVE_S1.);
#9069 = LINE('',#9070,#9071);
#9070 = CARTESIAN_POINT('',(-0.205,-7.225,-2.51));
#9071 = VECTOR('',#9072,1.);
#9072 = DIRECTION('',(0.,0.,1.));
#9073 = PCURVE('',#9013,#9074);
#9074 = DEFINITIONAL_REPRESENTATION('',(#9075),#9079);
#9075 = LINE('',#9076,#9077);
#9076 = CARTESIAN_POINT('',(0.,-0.79));
#9077 = VECTOR('',#9078,1.);
#9078 = DIRECTION('',(1.,0.));
#9079 = ( GEOMETRIC_REPRESENTATION_CONTEXT(2) 
PARAMETRIC_REPRESENTATION_CONTEXT() REPRESENTATION_CONTEXT('2D SPACE',''
  ) );
#9080 = PCURVE('',#9081,#9086);
#9081 = PLANE('',#9082);
#9082 = AXIS2_PLACEMENT_3D('',#9083,#9084,#9085);
#9083 = CARTESIAN_POINT('',(-0.205,-7.225,-2.51));
#9084 = DIRECTION('',(0.,1.,0.));
#9085 = DIRECTION('',(0.,0.,1.));
#9086 = DEFINITIONAL_REPRESENTATION('',(#9087),#9091);
#9087 = LINE('',#9088,#9089);
#9088 = CARTESIAN_POINT('',(0.,0.));
#9089 = VECTOR('',#9090,1.);
#9090 = DIRECTION('',(1.,0.));
#9091 = ( GEOMETRIC_REPRESENTATION_CONTEXT(2) 
PARAMETRIC_REPRESENTATION_CONTEXT() REPRESENTATION_CONTEXT('2D SPACE',''
  ) );
#9092 = ORIENTED_EDGE('',*,*,#9093,.F.);
#9093 = EDGE_CURVE('',#9005,#9066,#9094,.T.);
#9094 = SURFACE_CURVE('',#9095,(#9099,#9106),.PCURVE_S1.);
#9095 = LINE('',#9096,#9097);
#9096 = CARTESIAN_POINT('',(-0.205,-8.015,0.13));
#9097 = VECTOR('',#9098,1.);
#9098 = DIRECTION('',(0.,1.,0.));
#9099 = PCURVE('',#9013,#9100);
#9100 = DEFINITIONAL_REPRESENTATION('',(#9101),#9105);
#9101 = LINE('',#9102,#9103);
#9102 = CARTESIAN_POINT('',(2.64,0.));
#9103 = VECTOR('',#9104,1.);
#9104 = DIRECTION('',(0.,-1.));
#9105 = ( GEOMETRIC_REPRESENTATION_CONTEXT(2) 
PARAMETRIC_REPRESENTATION_CONTEXT() REPRESENTATION_CONTEXT('2D SPACE',''
  ) );
#9106 = PCURVE('',#9107,#9112);
#9107 = PLANE('',#9108);
#9108 = AXIS2_PLACEMENT_3D('',#9109,#9110,#9111);
#9109 = CARTESIAN_POINT('',(-0.205,-8.015,0.13));
#9110 = DIRECTION('',(0.,0.,1.));
#9111 = DIRECTION('',(1.,0.,0.));
#9112 = DEFINITIONAL_REPRESENTATION('',(#9113),#9117);
#9113 = LINE('',#9114,#9115);
#9114 = CARTESIAN_POINT('',(0.,0.));
#9115 = VECTOR('',#9116,1.);
#9116 = DIRECTION('',(0.,1.));
#9117 = ( GEOMETRIC_REPRESENTATION_CONTEXT(2) 
PARAMETRIC_REPRESENTATION_CONTEXT() REPRESENTATION_CONTEXT('2D SPACE',''
  ) );
#9118 = ADVANCED_FACE('',(#9119),#9133,.T.);
#9119 = FACE_BOUND('',#9120,.T.);
#9120 = EDGE_LOOP('',(#9121,#9151,#9174,#9197));
#9121 = ORIENTED_EDGE('',*,*,#9122,.F.);
#9122 = EDGE_CURVE('',#9123,#9125,#9127,.T.);
#9123 = VERTEX_POINT('',#9124);
#9124 = CARTESIAN_POINT('',(0.205,-8.015,-2.51));
#9125 = VERTEX_POINT('',#9126);
#9126 = CARTESIAN_POINT('',(0.205,-8.015,0.13));
#9127 = SURFACE_CURVE('',#9128,(#9132,#9144),.PCURVE_S1.);
#9128 = LINE('',#9129,#9130);
#9129 = CARTESIAN_POINT('',(0.205,-8.015,-2.51));
#9130 = VECTOR('',#9131,1.);
#9131 = DIRECTION('',(0.,0.,1.));
#9132 = PCURVE('',#9133,#9138);
#9133 = PLANE('',#9134);
#9134 = AXIS2_PLACEMENT_3D('',#9135,#9136,#9137);
#9135 = CARTESIAN_POINT('',(0.205,-8.015,-2.51));
#9136 = DIRECTION('',(1.,0.,0.));
#9137 = DIRECTION('',(0.,0.,1.));
#9138 = DEFINITIONAL_REPRESENTATION('',(#9139),#9143);
#9139 = LINE('',#9140,#9141);
#9140 = CARTESIAN_POINT('',(0.,0.));
#9141 = VECTOR('',#9142,1.);
#9142 = DIRECTION('',(1.,0.));
#9143 = ( GEOMETRIC_REPRESENTATION_CONTEXT(2) 
PARAMETRIC_REPRESENTATION_CONTEXT() REPRESENTATION_CONTEXT('2D SPACE',''
  ) );
#9144 = PCURVE('',#9025,#9145);
#9145 = DEFINITIONAL_REPRESENTATION('',(#9146),#9150);
#9146 = LINE('',#9147,#9148);
#9147 = CARTESIAN_POINT('',(0.,0.41));
#9148 = VECTOR('',#9149,1.);
#9149 = DIRECTION('',(1.,0.));
#9150 = ( GEOMETRIC_REPRESENTATION_CONTEXT(2) 
PARAMETRIC_REPRESENTATION_CONTEXT() REPRESENTATION_CONTEXT('2D SPACE',''
  ) );
#9151 = ORIENTED_EDGE('',*,*,#9152,.T.);
#9152 = EDGE_CURVE('',#9123,#9153,#9155,.T.);
#9153 = VERTEX_POINT('',#9154);
#9154 = CARTESIAN_POINT('',(0.205,-7.225,-2.51));
#9155 = SURFACE_CURVE('',#9156,(#9160,#9167),.PCURVE_S1.);
#9156 = LINE('',#9157,#9158);
#9157 = CARTESIAN_POINT('',(0.205,-8.015,-2.51));
#9158 = VECTOR('',#9159,1.);
#9159 = DIRECTION('',(0.,1.,0.));
#9160 = PCURVE('',#9133,#9161);
#9161 = DEFINITIONAL_REPRESENTATION('',(#9162),#9166);
#9162 = LINE('',#9163,#9164);
#9163 = CARTESIAN_POINT('',(0.,0.));
#9164 = VECTOR('',#9165,1.);
#9165 = DIRECTION('',(0.,-1.));
#9166 = ( GEOMETRIC_REPRESENTATION_CONTEXT(2) 
PARAMETRIC_REPRESENTATION_CONTEXT() REPRESENTATION_CONTEXT('2D SPACE',''
  ) );
#9167 = PCURVE('',#9053,#9168);
#9168 = DEFINITIONAL_REPRESENTATION('',(#9169),#9173);
#9169 = LINE('',#9170,#9171);
#9170 = CARTESIAN_POINT('',(0.41,0.));
#9171 = VECTOR('',#9172,1.);
#9172 = DIRECTION('',(0.,1.));
#9173 = ( GEOMETRIC_REPRESENTATION_CONTEXT(2) 
PARAMETRIC_REPRESENTATION_CONTEXT() REPRESENTATION_CONTEXT('2D SPACE',''
  ) );
#9174 = ORIENTED_EDGE('',*,*,#9175,.T.);
#9175 = EDGE_CURVE('',#9153,#9176,#9178,.T.);
#9176 = VERTEX_POINT('',#9177);
#9177 = CARTESIAN_POINT('',(0.205,-7.225,0.13));
#9178 = SURFACE_CURVE('',#9179,(#9183,#9190),.PCURVE_S1.);
#9179 = LINE('',#9180,#9181);
#9180 = CARTESIAN_POINT('',(0.205,-7.225,-2.51));
#9181 = VECTOR('',#9182,1.);
#9182 = DIRECTION('',(0.,0.,1.));
#9183 = PCURVE('',#9133,#9184);
#9184 = DEFINITIONAL_REPRESENTATION('',(#9185),#9189);
#9185 = LINE('',#9186,#9187);
#9186 = CARTESIAN_POINT('',(0.,-0.79));
#9187 = VECTOR('',#9188,1.);
#9188 = DIRECTION('',(1.,0.));
#9189 = ( GEOMETRIC_REPRESENTATION_CONTEXT(2) 
PARAMETRIC_REPRESENTATION_CONTEXT() REPRESENTATION_CONTEXT('2D SPACE',''
  ) );
#9190 = PCURVE('',#9081,#9191);
#9191 = DEFINITIONAL_REPRESENTATION('',(#9192),#9196);
#9192 = LINE('',#9193,#9194);
#9193 = CARTESIAN_POINT('',(0.,0.41));
#9194 = VECTOR('',#9195,1.);
#9195 = DIRECTION('',(1.,0.));
#9196 = ( GEOMETRIC_REPRESENTATION_CONTEXT(2) 
PARAMETRIC_REPRESENTATION_CONTEXT() REPRESENTATION_CONTEXT('2D SPACE',''
  ) );
#9197 = ORIENTED_EDGE('',*,*,#9198,.F.);
#9198 = EDGE_CURVE('',#9125,#9176,#9199,.T.);
#9199 = SURFACE_CURVE('',#9200,(#9204,#9211),.PCURVE_S1.);
#9200 = LINE('',#9201,#9202);
#9201 = CARTESIAN_POINT('',(0.205,-8.015,0.13));
#9202 = VECTOR('',#9203,1.);
#9203 = DIRECTION('',(0.,1.,0.));
#9204 = PCURVE('',#9133,#9205);
#9205 = DEFINITIONAL_REPRESENTATION('',(#9206),#9210);
#9206 = LINE('',#9207,#9208);
#9207 = CARTESIAN_POINT('',(2.64,0.));
#9208 = VECTOR('',#9209,1.);
#9209 = DIRECTION('',(0.,-1.));
#9210 = ( GEOMETRIC_REPRESENTATION_CONTEXT(2) 
PARAMETRIC_REPRESENTATION_CONTEXT() REPRESENTATION_CONTEXT('2D SPACE',''
  ) );
#9211 = PCURVE('',#9107,#9212);
#9212 = DEFINITIONAL_REPRESENTATION('',(#9213),#9217);
#9213 = LINE('',#9214,#9215);
#9214 = CARTESIAN_POINT('',(0.41,0.));
#9215 = VECTOR('',#9216,1.);
#9216 = DIRECTION('',(0.,1.));
#9217 = ( GEOMETRIC_REPRESENTATION_CONTEXT(2) 
PARAMETRIC_REPRESENTATION_CONTEXT() REPRESENTATION_CONTEXT('2D SPACE',''
  ) );
#9218 = ADVANCED_FACE('',(#9219),#9025,.F.);
#9219 = FACE_BOUND('',#9220,.F.);
#9220 = EDGE_LOOP('',(#9221,#9242,#9243,#9264));
#9221 = ORIENTED_EDGE('',*,*,#9222,.F.);
#9222 = EDGE_CURVE('',#9003,#9123,#9223,.T.);
#9223 = SURFACE_CURVE('',#9224,(#9228,#9235),.PCURVE_S1.);
#9224 = LINE('',#9225,#9226);
#9225 = CARTESIAN_POINT('',(-0.205,-8.015,-2.51));
#9226 = VECTOR('',#9227,1.);
#9227 = DIRECTION('',(1.,0.,0.));
#9228 = PCURVE('',#9025,#9229);
#9229 = DEFINITIONAL_REPRESENTATION('',(#9230),#9234);
#9230 = LINE('',#9231,#9232);
#9231 = CARTESIAN_POINT('',(0.,0.));
#9232 = VECTOR('',#9233,1.);
#9233 = DIRECTION('',(0.,1.));
#9234 = ( GEOMETRIC_REPRESENTATION_CONTEXT(2) 
PARAMETRIC_REPRESENTATION_CONTEXT() REPRESENTATION_CONTEXT('2D SPACE',''
  ) );
#9235 = PCURVE('',#9053,#9236);
#9236 = DEFINITIONAL_REPRESENTATION('',(#9237),#9241);
#9237 = LINE('',#9238,#9239);
#9238 = CARTESIAN_POINT('',(0.,0.));
#9239 = VECTOR('',#9240,1.);
#9240 = DIRECTION('',(1.,0.));
#9241 = ( GEOMETRIC_REPRESENTATION_CONTEXT(2) 
PARAMETRIC_REPRESENTATION_CONTEXT() REPRESENTATION_CONTEXT('2D SPACE',''
  ) );
#9242 = ORIENTED_EDGE('',*,*,#9002,.T.);
#9243 = ORIENTED_EDGE('',*,*,#9244,.T.);
#9244 = EDGE_CURVE('',#9005,#9125,#9245,.T.);
#9245 = SURFACE_CURVE('',#9246,(#9250,#9257),.PCURVE_S1.);
#9246 = LINE('',#9247,#9248);
#9247 = CARTESIAN_POINT('',(-0.205,-8.015,0.13));
#9248 = VECTOR('',#9249,1.);
#9249 = DIRECTION('',(1.,0.,0.));
#9250 = PCURVE('',#9025,#9251);
#9251 = DEFINITIONAL_REPRESENTATION('',(#9252),#9256);
#9252 = LINE('',#9253,#9254);
#9253 = CARTESIAN_POINT('',(2.64,0.));
#9254 = VECTOR('',#9255,1.);
#9255 = DIRECTION('',(0.,1.));
#9256 = ( GEOMETRIC_REPRESENTATION_CONTEXT(2) 
PARAMETRIC_REPRESENTATION_CONTEXT() REPRESENTATION_CONTEXT('2D SPACE',''
  ) );
#9257 = PCURVE('',#9107,#9258);
#9258 = DEFINITIONAL_REPRESENTATION('',(#9259),#9263);
#9259 = LINE('',#9260,#9261);
#9260 = CARTESIAN_POINT('',(0.,0.));
#9261 = VECTOR('',#9262,1.);
#9262 = DIRECTION('',(1.,0.));
#9263 = ( GEOMETRIC_REPRESENTATION_CONTEXT(2) 
PARAMETRIC_REPRESENTATION_CONTEXT() REPRESENTATION_CONTEXT('2D SPACE',''
  ) );
#9264 = ORIENTED_EDGE('',*,*,#9122,.F.);
#9265 = ADVANCED_FACE('',(#9266),#9081,.T.);
#9266 = FACE_BOUND('',#9267,.T.);
#9267 = EDGE_LOOP('',(#9268,#9289,#9290,#9311));
#9268 = ORIENTED_EDGE('',*,*,#9269,.F.);
#9269 = EDGE_CURVE('',#9038,#9153,#9270,.T.);
#9270 = SURFACE_CURVE('',#9271,(#9275,#9282),.PCURVE_S1.);
#9271 = LINE('',#9272,#9273);
#9272 = CARTESIAN_POINT('',(-0.205,-7.225,-2.51));
#9273 = VECTOR('',#9274,1.);
#9274 = DIRECTION('',(1.,0.,0.));
#9275 = PCURVE('',#9081,#9276);
#9276 = DEFINITIONAL_REPRESENTATION('',(#9277),#9281);
#9277 = LINE('',#9278,#9279);
#9278 = CARTESIAN_POINT('',(0.,0.));
#9279 = VECTOR('',#9280,1.);
#9280 = DIRECTION('',(0.,1.));
#9281 = ( GEOMETRIC_REPRESENTATION_CONTEXT(2) 
PARAMETRIC_REPRESENTATION_CONTEXT() REPRESENTATION_CONTEXT('2D SPACE',''
  ) );
#9282 = PCURVE('',#9053,#9283);
#9283 = DEFINITIONAL_REPRESENTATION('',(#9284),#9288);
#9284 = LINE('',#9285,#9286);
#9285 = CARTESIAN_POINT('',(0.,0.79));
#9286 = VECTOR('',#9287,1.);
#9287 = DIRECTION('',(1.,0.));
#9288 = ( GEOMETRIC_REPRESENTATION_CONTEXT(2) 
PARAMETRIC_REPRESENTATION_CONTEXT() REPRESENTATION_CONTEXT('2D SPACE',''
  ) );
#9289 = ORIENTED_EDGE('',*,*,#9065,.T.);
#9290 = ORIENTED_EDGE('',*,*,#9291,.T.);
#9291 = EDGE_CURVE('',#9066,#9176,#9292,.T.);
#9292 = SURFACE_CURVE('',#9293,(#9297,#9304),.PCURVE_S1.);
#9293 = LINE('',#9294,#9295);
#9294 = CARTESIAN_POINT('',(-0.205,-7.225,0.13));
#9295 = VECTOR('',#9296,1.);
#9296 = DIRECTION('',(1.,0.,0.));
#9297 = PCURVE('',#9081,#9298);
#9298 = DEFINITIONAL_REPRESENTATION('',(#9299),#9303);
#9299 = LINE('',#9300,#9301);
#9300 = CARTESIAN_POINT('',(2.64,0.));
#9301 = VECTOR('',#9302,1.);
#9302 = DIRECTION('',(0.,1.));
#9303 = ( GEOMETRIC_REPRESENTATION_CONTEXT(2) 
PARAMETRIC_REPRESENTATION_CONTEXT() REPRESENTATION_CONTEXT('2D SPACE',''
  ) );
#9304 = PCURVE('',#9107,#9305);
#9305 = DEFINITIONAL_REPRESENTATION('',(#9306),#9310);
#9306 = LINE('',#9307,#9308);
#9307 = CARTESIAN_POINT('',(0.,0.79));
#9308 = VECTOR('',#9309,1.);
#9309 = DIRECTION('',(1.,0.));
#9310 = ( GEOMETRIC_REPRESENTATION_CONTEXT(2) 
PARAMETRIC_REPRESENTATION_CONTEXT() REPRESENTATION_CONTEXT('2D SPACE',''
  ) );
#9311 = ORIENTED_EDGE('',*,*,#9175,.F.);
#9312 = ADVANCED_FACE('',(#9313),#9053,.F.);
#9313 = FACE_BOUND('',#9314,.F.);
#9314 = EDGE_LOOP('',(#9315,#9316,#9317,#9318));
#9315 = ORIENTED_EDGE('',*,*,#9037,.F.);
#9316 = ORIENTED_EDGE('',*,*,#9222,.T.);
#9317 = ORIENTED_EDGE('',*,*,#9152,.T.);
#9318 = ORIENTED_EDGE('',*,*,#9269,.F.);
#9319 = ADVANCED_FACE('',(#9320),#9107,.T.);
#9320 = FACE_BOUND('',#9321,.T.);
#9321 = EDGE_LOOP('',(#9322,#9323,#9324,#9325));
#9322 = ORIENTED_EDGE('',*,*,#9093,.F.);
#9323 = ORIENTED_EDGE('',*,*,#9244,.T.);
#9324 = ORIENTED_EDGE('',*,*,#9198,.T.);
#9325 = ORIENTED_EDGE('',*,*,#9291,.F.);
#9326 = ( GEOMETRIC_REPRESENTATION_CONTEXT(3) 
GLOBAL_UNCERTAINTY_ASSIGNED_CONTEXT((#9330)) 
GLOBAL_UNIT_ASSIGNED_CONTEXT((#9327,#9328,#9329)) REPRESENTATION_CONTEXT
('Context #1','3D Context with UNIT and UNCERTAINTY') );
#9327 = ( LENGTH_UNIT() NAMED_UNIT(*) SI_UNIT(.MILLI.,.METRE.) );
#9328 = ( NAMED_UNIT(*) PLANE_ANGLE_UNIT() SI_UNIT($,.RADIAN.) );
#9329 = ( NAMED_UNIT(*) SI_UNIT($,.STERADIAN.) SOLID_ANGLE_UNIT() );
#9330 = UNCERTAINTY_MEASURE_WITH_UNIT(LENGTH_MEASURE(1.E-07),#9327,
  'distance_accuracy_value','confusion accuracy');
#9331 = CONTEXT_DEPENDENT_SHAPE_REPRESENTATION(#9332,#9334);
#9332 = ( REPRESENTATION_RELATIONSHIP('','',#8995,#10) 
REPRESENTATION_RELATIONSHIP_WITH_TRANSFORMATION(#9333) 
SHAPE_REPRESENTATION_RELATIONSHIP() );
#9333 = ITEM_DEFINED_TRANSFORMATION('','',#11,#43);
#9334 = PRODUCT_DEFINITION_SHAPE('Placement','Placement of an item',
  #9335);
#9335 = NEXT_ASSEMBLY_USAGE_OCCURRENCE('91','contact_7','',#5,#8990,$);
#9336 = PRODUCT_RELATED_PRODUCT_CATEGORY('part',$,(#8992));
#9337 = SHAPE_DEFINITION_REPRESENTATION(#9338,#9344);
#9338 = PRODUCT_DEFINITION_SHAPE('','',#9339);
#9339 = PRODUCT_DEFINITION('design','',#9340,#9343);
#9340 = PRODUCT_DEFINITION_FORMATION('','',#9341);
#9341 = PRODUCT('contact_8','contact_8','',(#9342));
#9342 = PRODUCT_CONTEXT('',#2,'mechanical');
#9343 = PRODUCT_DEFINITION_CONTEXT('part definition',#2,'design');
#9344 = ADVANCED_BREP_SHAPE_REPRESENTATION('',(#11,#9345),#9675);
#9345 = MANIFOLD_SOLID_BREP('',#9346);
#9346 = CLOSED_SHELL('',(#9347,#9467,#9567,#9614,#9661,#9668));
#9347 = ADVANCED_FACE('',(#9348),#9362,.F.);
#9348 = FACE_BOUND('',#9349,.F.);
#9349 = EDGE_LOOP('',(#9350,#9385,#9413,#9441));
#9350 = ORIENTED_EDGE('',*,*,#9351,.F.);
#9351 = EDGE_CURVE('',#9352,#9354,#9356,.T.);
#9352 = VERTEX_POINT('',#9353);
#9353 = CARTESIAN_POINT('',(2.335,-8.015,-2.51));
#9354 = VERTEX_POINT('',#9355);
#9355 = CARTESIAN_POINT('',(2.335,-8.015,0.13));
#9356 = SURFACE_CURVE('',#9357,(#9361,#9373),.PCURVE_S1.);
#9357 = LINE('',#9358,#9359);
#9358 = CARTESIAN_POINT('',(2.335,-8.015,-2.51));
#9359 = VECTOR('',#9360,1.);
#9360 = DIRECTION('',(0.,0.,1.));
#9361 = PCURVE('',#9362,#9367);
#9362 = PLANE('',#9363);
#9363 = AXIS2_PLACEMENT_3D('',#9364,#9365,#9366);
#9364 = CARTESIAN_POINT('',(2.335,-8.015,-2.51));
#9365 = DIRECTION('',(1.,0.,0.));
#9366 = DIRECTION('',(0.,0.,1.));
#9367 = DEFINITIONAL_REPRESENTATION('',(#9368),#9372);
#9368 = LINE('',#9369,#9370);
#9369 = CARTESIAN_POINT('',(0.,0.));
#9370 = VECTOR('',#9371,1.);
#9371 = DIRECTION('',(1.,0.));
#9372 = ( GEOMETRIC_REPRESENTATION_CONTEXT(2) 
PARAMETRIC_REPRESENTATION_CONTEXT() REPRESENTATION_CONTEXT('2D SPACE',''
  ) );
#9373 = PCURVE('',#9374,#9379);
#9374 = PLANE('',#9375);
#9375 = AXIS2_PLACEMENT_3D('',#9376,#9377,#9378);
#9376 = CARTESIAN_POINT('',(2.335,-8.015,-2.51));
#9377 = DIRECTION('',(0.,1.,0.));
#9378 = DIRECTION('',(0.,0.,1.));
#9379 = DEFINITIONAL_REPRESENTATION('',(#9380),#9384);
#9380 = LINE('',#9381,#9382);
#9381 = CARTESIAN_POINT('',(0.,0.));
#9382 = VECTOR('',#9383,1.);
#9383 = DIRECTION('',(1.,0.));
#9384 = ( GEOMETRIC_REPRESENTATION_CONTEXT(2) 
PARAMETRIC_REPRESENTATION_CONTEXT() REPRESENTATION_CONTEXT('2D SPACE',''
  ) );
#9385 = ORIENTED_EDGE('',*,*,#9386,.T.);
#9386 = EDGE_CURVE('',#9352,#9387,#9389,.T.);
#9387 = VERTEX_POINT('',#9388);
#9388 = CARTESIAN_POINT('',(2.335,-7.225,-2.51));
#9389 = SURFACE_CURVE('',#9390,(#9394,#9401),.PCURVE_S1.);
#9390 = LINE('',#9391,#9392);
#9391 = CARTESIAN_POINT('',(2.335,-8.015,-2.51));
#9392 = VECTOR('',#9393,1.);
#9393 = DIRECTION('',(0.,1.,0.));
#9394 = PCURVE('',#9362,#9395);
#9395 = DEFINITIONAL_REPRESENTATION('',(#9396),#9400);
#9396 = LINE('',#9397,#9398);
#9397 = CARTESIAN_POINT('',(0.,0.));
#9398 = VECTOR('',#9399,1.);
#9399 = DIRECTION('',(0.,-1.));
#9400 = ( GEOMETRIC_REPRESENTATION_CONTEXT(2) 
PARAMETRIC_REPRESENTATION_CONTEXT() REPRESENTATION_CONTEXT('2D SPACE',''
  ) );
#9401 = PCURVE('',#9402,#9407);
#9402 = PLANE('',#9403);
#9403 = AXIS2_PLACEMENT_3D('',#9404,#9405,#9406);
#9404 = CARTESIAN_POINT('',(2.335,-8.015,-2.51));
#9405 = DIRECTION('',(0.,0.,1.));
#9406 = DIRECTION('',(1.,0.,0.));
#9407 = DEFINITIONAL_REPRESENTATION('',(#9408),#9412);
#9408 = LINE('',#9409,#9410);
#9409 = CARTESIAN_POINT('',(0.,0.));
#9410 = VECTOR('',#9411,1.);
#9411 = DIRECTION('',(0.,1.));
#9412 = ( GEOMETRIC_REPRESENTATION_CONTEXT(2) 
PARAMETRIC_REPRESENTATION_CONTEXT() REPRESENTATION_CONTEXT('2D SPACE',''
  ) );
#9413 = ORIENTED_EDGE('',*,*,#9414,.T.);
#9414 = EDGE_CURVE('',#9387,#9415,#9417,.T.);
#9415 = VERTEX_POINT('',#9416);
#9416 = CARTESIAN_POINT('',(2.335,-7.225,0.13));
#9417 = SURFACE_CURVE('',#9418,(#9422,#9429),.PCURVE_S1.);
#9418 = LINE('',#9419,#9420);
#9419 = CARTESIAN_POINT('',(2.335,-7.225,-2.51));
#9420 = VECTOR('',#9421,1.);
#9421 = DIRECTION('',(0.,0.,1.));
#9422 = PCURVE('',#9362,#9423);
#9423 = DEFINITIONAL_REPRESENTATION('',(#9424),#9428);
#9424 = LINE('',#9425,#9426);
#9425 = CARTESIAN_POINT('',(0.,-0.79));
#9426 = VECTOR('',#9427,1.);
#9427 = DIRECTION('',(1.,0.));
#9428 = ( GEOMETRIC_REPRESENTATION_CONTEXT(2) 
PARAMETRIC_REPRESENTATION_CONTEXT() REPRESENTATION_CONTEXT('2D SPACE',''
  ) );
#9429 = PCURVE('',#9430,#9435);
#9430 = PLANE('',#9431);
#9431 = AXIS2_PLACEMENT_3D('',#9432,#9433,#9434);
#9432 = CARTESIAN_POINT('',(2.335,-7.225,-2.51));
#9433 = DIRECTION('',(0.,1.,0.));
#9434 = DIRECTION('',(0.,0.,1.));
#9435 = DEFINITIONAL_REPRESENTATION('',(#9436),#9440);
#9436 = LINE('',#9437,#9438);
#9437 = CARTESIAN_POINT('',(0.,0.));
#9438 = VECTOR('',#9439,1.);
#9439 = DIRECTION('',(1.,0.));
#9440 = ( GEOMETRIC_REPRESENTATION_CONTEXT(2) 
PARAMETRIC_REPRESENTATION_CONTEXT() REPRESENTATION_CONTEXT('2D SPACE',''
  ) );
#9441 = ORIENTED_EDGE('',*,*,#9442,.F.);
#9442 = EDGE_CURVE('',#9354,#9415,#9443,.T.);
#9443 = SURFACE_CURVE('',#9444,(#9448,#9455),.PCURVE_S1.);
#9444 = LINE('',#9445,#9446);
#9445 = CARTESIAN_POINT('',(2.335,-8.015,0.13));
#9446 = VECTOR('',#9447,1.);
#9447 = DIRECTION('',(0.,1.,0.));
#9448 = PCURVE('',#9362,#9449);
#9449 = DEFINITIONAL_REPRESENTATION('',(#9450),#9454);
#9450 = LINE('',#9451,#9452);
#9451 = CARTESIAN_POINT('',(2.64,0.));
#9452 = VECTOR('',#9453,1.);
#9453 = DIRECTION('',(0.,-1.));
#9454 = ( GEOMETRIC_REPRESENTATION_CONTEXT(2) 
PARAMETRIC_REPRESENTATION_CONTEXT() REPRESENTATION_CONTEXT('2D SPACE',''
  ) );
#9455 = PCURVE('',#9456,#9461);
#9456 = PLANE('',#9457);
#9457 = AXIS2_PLACEMENT_3D('',#9458,#9459,#9460);
#9458 = CARTESIAN_POINT('',(2.335,-8.015,0.13));
#9459 = DIRECTION('',(0.,0.,1.));
#9460 = DIRECTION('',(1.,0.,0.));
#9461 = DEFINITIONAL_REPRESENTATION('',(#9462),#9466);
#9462 = LINE('',#9463,#9464);
#9463 = CARTESIAN_POINT('',(0.,0.));
#9464 = VECTOR('',#9465,1.);
#9465 = DIRECTION('',(0.,1.));
#9466 = ( GEOMETRIC_REPRESENTATION_CONTEXT(2) 
PARAMETRIC_REPRESENTATION_CONTEXT() REPRESENTATION_CONTEXT('2D SPACE',''
  ) );
#9467 = ADVANCED_FACE('',(#9468),#9482,.T.);
#9468 = FACE_BOUND('',#9469,.T.);
#9469 = EDGE_LOOP('',(#9470,#9500,#9523,#9546));
#9470 = ORIENTED_EDGE('',*,*,#9471,.F.);
#9471 = EDGE_CURVE('',#9472,#9474,#9476,.T.);
#9472 = VERTEX_POINT('',#9473);
#9473 = CARTESIAN_POINT('',(2.745,-8.015,-2.51));
#9474 = VERTEX_POINT('',#9475);
#9475 = CARTESIAN_POINT('',(2.745,-8.015,0.13));
#9476 = SURFACE_CURVE('',#9477,(#9481,#9493),.PCURVE_S1.);
#9477 = LINE('',#9478,#9479);
#9478 = CARTESIAN_POINT('',(2.745,-8.015,-2.51));
#9479 = VECTOR('',#9480,1.);
#9480 = DIRECTION('',(0.,0.,1.));
#9481 = PCURVE('',#9482,#9487);
#9482 = PLANE('',#9483);
#9483 = AXIS2_PLACEMENT_3D('',#9484,#9485,#9486);
#9484 = CARTESIAN_POINT('',(2.745,-8.015,-2.51));
#9485 = DIRECTION('',(1.,0.,0.));
#9486 = DIRECTION('',(0.,0.,1.));
#9487 = DEFINITIONAL_REPRESENTATION('',(#9488),#9492);
#9488 = LINE('',#9489,#9490);
#9489 = CARTESIAN_POINT('',(0.,0.));
#9490 = VECTOR('',#9491,1.);
#9491 = DIRECTION('',(1.,0.));
#9492 = ( GEOMETRIC_REPRESENTATION_CONTEXT(2) 
PARAMETRIC_REPRESENTATION_CONTEXT() REPRESENTATION_CONTEXT('2D SPACE',''
  ) );
#9493 = PCURVE('',#9374,#9494);
#9494 = DEFINITIONAL_REPRESENTATION('',(#9495),#9499);
#9495 = LINE('',#9496,#9497);
#9496 = CARTESIAN_POINT('',(0.,0.41));
#9497 = VECTOR('',#9498,1.);
#9498 = DIRECTION('',(1.,0.));
#9499 = ( GEOMETRIC_REPRESENTATION_CONTEXT(2) 
PARAMETRIC_REPRESENTATION_CONTEXT() REPRESENTATION_CONTEXT('2D SPACE',''
  ) );
#9500 = ORIENTED_EDGE('',*,*,#9501,.T.);
#9501 = EDGE_CURVE('',#9472,#9502,#9504,.T.);
#9502 = VERTEX_POINT('',#9503);
#9503 = CARTESIAN_POINT('',(2.745,-7.225,-2.51));
#9504 = SURFACE_CURVE('',#9505,(#9509,#9516),.PCURVE_S1.);
#9505 = LINE('',#9506,#9507);
#9506 = CARTESIAN_POINT('',(2.745,-8.015,-2.51));
#9507 = VECTOR('',#9508,1.);
#9508 = DIRECTION('',(0.,1.,0.));
#9509 = PCURVE('',#9482,#9510);
#9510 = DEFINITIONAL_REPRESENTATION('',(#9511),#9515);
#9511 = LINE('',#9512,#9513);
#9512 = CARTESIAN_POINT('',(0.,0.));
#9513 = VECTOR('',#9514,1.);
#9514 = DIRECTION('',(0.,-1.));
#9515 = ( GEOMETRIC_REPRESENTATION_CONTEXT(2) 
PARAMETRIC_REPRESENTATION_CONTEXT() REPRESENTATION_CONTEXT('2D SPACE',''
  ) );
#9516 = PCURVE('',#9402,#9517);
#9517 = DEFINITIONAL_REPRESENTATION('',(#9518),#9522);
#9518 = LINE('',#9519,#9520);
#9519 = CARTESIAN_POINT('',(0.41,0.));
#9520 = VECTOR('',#9521,1.);
#9521 = DIRECTION('',(0.,1.));
#9522 = ( GEOMETRIC_REPRESENTATION_CONTEXT(2) 
PARAMETRIC_REPRESENTATION_CONTEXT() REPRESENTATION_CONTEXT('2D SPACE',''
  ) );
#9523 = ORIENTED_EDGE('',*,*,#9524,.T.);
#9524 = EDGE_CURVE('',#9502,#9525,#9527,.T.);
#9525 = VERTEX_POINT('',#9526);
#9526 = CARTESIAN_POINT('',(2.745,-7.225,0.13));
#9527 = SURFACE_CURVE('',#9528,(#9532,#9539),.PCURVE_S1.);
#9528 = LINE('',#9529,#9530);
#9529 = CARTESIAN_POINT('',(2.745,-7.225,-2.51));
#9530 = VECTOR('',#9531,1.);
#9531 = DIRECTION('',(0.,0.,1.));
#9532 = PCURVE('',#9482,#9533);
#9533 = DEFINITIONAL_REPRESENTATION('',(#9534),#9538);
#9534 = LINE('',#9535,#9536);
#9535 = CARTESIAN_POINT('',(0.,-0.79));
#9536 = VECTOR('',#9537,1.);
#9537 = DIRECTION('',(1.,0.));
#9538 = ( GEOMETRIC_REPRESENTATION_CONTEXT(2) 
PARAMETRIC_REPRESENTATION_CONTEXT() REPRESENTATION_CONTEXT('2D SPACE',''
  ) );
#9539 = PCURVE('',#9430,#9540);
#9540 = DEFINITIONAL_REPRESENTATION('',(#9541),#9545);
#9541 = LINE('',#9542,#9543);
#9542 = CARTESIAN_POINT('',(0.,0.41));
#9543 = VECTOR('',#9544,1.);
#9544 = DIRECTION('',(1.,0.));
#9545 = ( GEOMETRIC_REPRESENTATION_CONTEXT(2) 
PARAMETRIC_REPRESENTATION_CONTEXT() REPRESENTATION_CONTEXT('2D SPACE',''
  ) );
#9546 = ORIENTED_EDGE('',*,*,#9547,.F.);
#9547 = EDGE_CURVE('',#9474,#9525,#9548,.T.);
#9548 = SURFACE_CURVE('',#9549,(#9553,#9560),.PCURVE_S1.);
#9549 = LINE('',#9550,#9551);
#9550 = CARTESIAN_POINT('',(2.745,-8.015,0.13));
#9551 = VECTOR('',#9552,1.);
#9552 = DIRECTION('',(0.,1.,0.));
#9553 = PCURVE('',#9482,#9554);
#9554 = DEFINITIONAL_REPRESENTATION('',(#9555),#9559);
#9555 = LINE('',#9556,#9557);
#9556 = CARTESIAN_POINT('',(2.64,0.));
#9557 = VECTOR('',#9558,1.);
#9558 = DIRECTION('',(0.,-1.));
#9559 = ( GEOMETRIC_REPRESENTATION_CONTEXT(2) 
PARAMETRIC_REPRESENTATION_CONTEXT() REPRESENTATION_CONTEXT('2D SPACE',''
  ) );
#9560 = PCURVE('',#9456,#9561);
#9561 = DEFINITIONAL_REPRESENTATION('',(#9562),#9566);
#9562 = LINE('',#9563,#9564);
#9563 = CARTESIAN_POINT('',(0.41,0.));
#9564 = VECTOR('',#9565,1.);
#9565 = DIRECTION('',(0.,1.));
#9566 = ( GEOMETRIC_REPRESENTATION_CONTEXT(2) 
PARAMETRIC_REPRESENTATION_CONTEXT() REPRESENTATION_CONTEXT('2D SPACE',''
  ) );
#9567 = ADVANCED_FACE('',(#9568),#9374,.F.);
#9568 = FACE_BOUND('',#9569,.F.);
#9569 = EDGE_LOOP('',(#9570,#9591,#9592,#9613));
#9570 = ORIENTED_EDGE('',*,*,#9571,.F.);
#9571 = EDGE_CURVE('',#9352,#9472,#9572,.T.);
#9572 = SURFACE_CURVE('',#9573,(#9577,#9584),.PCURVE_S1.);
#9573 = LINE('',#9574,#9575);
#9574 = CARTESIAN_POINT('',(2.335,-8.015,-2.51));
#9575 = VECTOR('',#9576,1.);
#9576 = DIRECTION('',(1.,0.,0.));
#9577 = PCURVE('',#9374,#9578);
#9578 = DEFINITIONAL_REPRESENTATION('',(#9579),#9583);
#9579 = LINE('',#9580,#9581);
#9580 = CARTESIAN_POINT('',(0.,0.));
#9581 = VECTOR('',#9582,1.);
#9582 = DIRECTION('',(0.,1.));
#9583 = ( GEOMETRIC_REPRESENTATION_CONTEXT(2) 
PARAMETRIC_REPRESENTATION_CONTEXT() REPRESENTATION_CONTEXT('2D SPACE',''
  ) );
#9584 = PCURVE('',#9402,#9585);
#9585 = DEFINITIONAL_REPRESENTATION('',(#9586),#9590);
#9586 = LINE('',#9587,#9588);
#9587 = CARTESIAN_POINT('',(0.,0.));
#9588 = VECTOR('',#9589,1.);
#9589 = DIRECTION('',(1.,0.));
#9590 = ( GEOMETRIC_REPRESENTATION_CONTEXT(2) 
PARAMETRIC_REPRESENTATION_CONTEXT() REPRESENTATION_CONTEXT('2D SPACE',''
  ) );
#9591 = ORIENTED_EDGE('',*,*,#9351,.T.);
#9592 = ORIENTED_EDGE('',*,*,#9593,.T.);
#9593 = EDGE_CURVE('',#9354,#9474,#9594,.T.);
#9594 = SURFACE_CURVE('',#9595,(#9599,#9606),.PCURVE_S1.);
#9595 = LINE('',#9596,#9597);
#9596 = CARTESIAN_POINT('',(2.335,-8.015,0.13));
#9597 = VECTOR('',#9598,1.);
#9598 = DIRECTION('',(1.,0.,0.));
#9599 = PCURVE('',#9374,#9600);
#9600 = DEFINITIONAL_REPRESENTATION('',(#9601),#9605);
#9601 = LINE('',#9602,#9603);
#9602 = CARTESIAN_POINT('',(2.64,0.));
#9603 = VECTOR('',#9604,1.);
#9604 = DIRECTION('',(0.,1.));
#9605 = ( GEOMETRIC_REPRESENTATION_CONTEXT(2) 
PARAMETRIC_REPRESENTATION_CONTEXT() REPRESENTATION_CONTEXT('2D SPACE',''
  ) );
#9606 = PCURVE('',#9456,#9607);
#9607 = DEFINITIONAL_REPRESENTATION('',(#9608),#9612);
#9608 = LINE('',#9609,#9610);
#9609 = CARTESIAN_POINT('',(0.,0.));
#9610 = VECTOR('',#9611,1.);
#9611 = DIRECTION('',(1.,0.));
#9612 = ( GEOMETRIC_REPRESENTATION_CONTEXT(2) 
PARAMETRIC_REPRESENTATION_CONTEXT() REPRESENTATION_CONTEXT('2D SPACE',''
  ) );
#9613 = ORIENTED_EDGE('',*,*,#9471,.F.);
#9614 = ADVANCED_FACE('',(#9615),#9430,.T.);
#9615 = FACE_BOUND('',#9616,.T.);
#9616 = EDGE_LOOP('',(#9617,#9638,#9639,#9660));
#9617 = ORIENTED_EDGE('',*,*,#9618,.F.);
#9618 = EDGE_CURVE('',#9387,#9502,#9619,.T.);
#9619 = SURFACE_CURVE('',#9620,(#9624,#9631),.PCURVE_S1.);
#9620 = LINE('',#9621,#9622);
#9621 = CARTESIAN_POINT('',(2.335,-7.225,-2.51));
#9622 = VECTOR('',#9623,1.);
#9623 = DIRECTION('',(1.,0.,0.));
#9624 = PCURVE('',#9430,#9625);
#9625 = DEFINITIONAL_REPRESENTATION('',(#9626),#9630);
#9626 = LINE('',#9627,#9628);
#9627 = CARTESIAN_POINT('',(0.,0.));
#9628 = VECTOR('',#9629,1.);
#9629 = DIRECTION('',(0.,1.));
#9630 = ( GEOMETRIC_REPRESENTATION_CONTEXT(2) 
PARAMETRIC_REPRESENTATION_CONTEXT() REPRESENTATION_CONTEXT('2D SPACE',''
  ) );
#9631 = PCURVE('',#9402,#9632);
#9632 = DEFINITIONAL_REPRESENTATION('',(#9633),#9637);
#9633 = LINE('',#9634,#9635);
#9634 = CARTESIAN_POINT('',(0.,0.79));
#9635 = VECTOR('',#9636,1.);
#9636 = DIRECTION('',(1.,0.));
#9637 = ( GEOMETRIC_REPRESENTATION_CONTEXT(2) 
PARAMETRIC_REPRESENTATION_CONTEXT() REPRESENTATION_CONTEXT('2D SPACE',''
  ) );
#9638 = ORIENTED_EDGE('',*,*,#9414,.T.);
#9639 = ORIENTED_EDGE('',*,*,#9640,.T.);
#9640 = EDGE_CURVE('',#9415,#9525,#9641,.T.);
#9641 = SURFACE_CURVE('',#9642,(#9646,#9653),.PCURVE_S1.);
#9642 = LINE('',#9643,#9644);
#9643 = CARTESIAN_POINT('',(2.335,-7.225,0.13));
#9644 = VECTOR('',#9645,1.);
#9645 = DIRECTION('',(1.,0.,0.));
#9646 = PCURVE('',#9430,#9647);
#9647 = DEFINITIONAL_REPRESENTATION('',(#9648),#9652);
#9648 = LINE('',#9649,#9650);
#9649 = CARTESIAN_POINT('',(2.64,0.));
#9650 = VECTOR('',#9651,1.);
#9651 = DIRECTION('',(0.,1.));
#9652 = ( GEOMETRIC_REPRESENTATION_CONTEXT(2) 
PARAMETRIC_REPRESENTATION_CONTEXT() REPRESENTATION_CONTEXT('2D SPACE',''
  ) );
#9653 = PCURVE('',#9456,#9654);
#9654 = DEFINITIONAL_REPRESENTATION('',(#9655),#9659);
#9655 = LINE('',#9656,#9657);
#9656 = CARTESIAN_POINT('',(0.,0.79));
#9657 = VECTOR('',#9658,1.);
#9658 = DIRECTION('',(1.,0.));
#9659 = ( GEOMETRIC_REPRESENTATION_CONTEXT(2) 
PARAMETRIC_REPRESENTATION_CONTEXT() REPRESENTATION_CONTEXT('2D SPACE',''
  ) );
#9660 = ORIENTED_EDGE('',*,*,#9524,.F.);
#9661 = ADVANCED_FACE('',(#9662),#9402,.F.);
#9662 = FACE_BOUND('',#9663,.F.);
#9663 = EDGE_LOOP('',(#9664,#9665,#9666,#9667));
#9664 = ORIENTED_EDGE('',*,*,#9386,.F.);
#9665 = ORIENTED_EDGE('',*,*,#9571,.T.);
#9666 = ORIENTED_EDGE('',*,*,#9501,.T.);
#9667 = ORIENTED_EDGE('',*,*,#9618,.F.);
#9668 = ADVANCED_FACE('',(#9669),#9456,.T.);
#9669 = FACE_BOUND('',#9670,.T.);
#9670 = EDGE_LOOP('',(#9671,#9672,#9673,#9674));
#9671 = ORIENTED_EDGE('',*,*,#9442,.F.);
#9672 = ORIENTED_EDGE('',*,*,#9593,.T.);
#9673 = ORIENTED_EDGE('',*,*,#9547,.T.);
#9674 = ORIENTED_EDGE('',*,*,#9640,.F.);
#9675 = ( GEOMETRIC_REPRESENTATION_CONTEXT(3) 
GLOBAL_UNCERTAINTY_ASSIGNED_CONTEXT((#9679)) 
GLOBAL_UNIT_ASSIGNED_CONTEXT((#9676,#9677,#9678)) REPRESENTATION_CONTEXT
('Context #1','3D Context with UNIT and UNCERTAINTY') );
#9676 = ( LENGTH_UNIT() NAMED_UNIT(*) SI_UNIT(.MILLI.,.METRE.) );
#9677 = ( NAMED_UNIT(*) PLANE_ANGLE_UNIT() SI_UNIT($,.RADIAN.) );
#9678 = ( NAMED_UNIT(*) SI_UNIT($,.STERADIAN.) SOLID_ANGLE_UNIT() );
#9679 = UNCERTAINTY_MEASURE_WITH_UNIT(LENGTH_MEASURE(1.E-07),#9676,
  'distance_accuracy_value','confusion accuracy');
#9680 = CONTEXT_DEPENDENT_SHAPE_REPRESENTATION(#9681,#9683);
#9681 = ( REPRESENTATION_RELATIONSHIP('','',#9344,#10) 
REPRESENTATION_RELATIONSHIP_WITH_TRANSFORMATION(#9682) 
SHAPE_REPRESENTATION_RELATIONSHIP() );
#9682 = ITEM_DEFINED_TRANSFORMATION('','',#11,#47);
#9683 = PRODUCT_DEFINITION_SHAPE('Placement','Placement of an item',
  #9684);
#9684 = NEXT_ASSEMBLY_USAGE_OCCURRENCE('92','contact_8','',#5,#9339,$);
#9685 = PRODUCT_RELATED_PRODUCT_CATEGORY('part',$,(#9341));
#9686 = SHAPE_DEFINITION_REPRESENTATION(#9687,#9693);
#9687 = PRODUCT_DEFINITION_SHAPE('','',#9688);
#9688 = PRODUCT_DEFINITION('design','',#9689,#9692);
#9689 = PRODUCT_DEFINITION_FORMATION('','',#9690);
#9690 = PRODUCT('contact_9','contact_9','',(#9691));
#9691 = PRODUCT_CONTEXT('',#2,'mechanical');
#9692 = PRODUCT_DEFINITION_CONTEXT('part definition',#2,'design');
#9693 = ADVANCED_BREP_SHAPE_REPRESENTATION('',(#11,#9694),#10024);
#9694 = MANIFOLD_SOLID_BREP('',#9695);
#9695 = CLOSED_SHELL('',(#9696,#9816,#9916,#9963,#10010,#10017));
#9696 = ADVANCED_FACE('',(#9697),#9711,.F.);
#9697 = FACE_BOUND('',#9698,.F.);
#9698 = EDGE_LOOP('',(#9699,#9734,#9762,#9790));
#9699 = ORIENTED_EDGE('',*,*,#9700,.F.);
#9700 = EDGE_CURVE('',#9701,#9703,#9705,.T.);
#9701 = VERTEX_POINT('',#9702);
#9702 = CARTESIAN_POINT('',(-0.205,-10.555,-2.51));
#9703 = VERTEX_POINT('',#9704);
#9704 = CARTESIAN_POINT('',(-0.205,-10.555,0.13));
#9705 = SURFACE_CURVE('',#9706,(#9710,#9722),.PCURVE_S1.);
#9706 = LINE('',#9707,#9708);
#9707 = CARTESIAN_POINT('',(-0.205,-10.555,-2.51));
#9708 = VECTOR('',#9709,1.);
#9709 = DIRECTION('',(0.,0.,1.));
#9710 = PCURVE('',#9711,#9716);
#9711 = PLANE('',#9712);
#9712 = AXIS2_PLACEMENT_3D('',#9713,#9714,#9715);
#9713 = CARTESIAN_POINT('',(-0.205,-10.555,-2.51));
#9714 = DIRECTION('',(1.,0.,0.));
#9715 = DIRECTION('',(0.,0.,1.));
#9716 = DEFINITIONAL_REPRESENTATION('',(#9717),#9721);
#9717 = LINE('',#9718,#9719);
#9718 = CARTESIAN_POINT('',(0.,0.));
#9719 = VECTOR('',#9720,1.);
#9720 = DIRECTION('',(1.,0.));
#9721 = ( GEOMETRIC_REPRESENTATION_CONTEXT(2) 
PARAMETRIC_REPRESENTATION_CONTEXT() REPRESENTATION_CONTEXT('2D SPACE',''
  ) );
#9722 = PCURVE('',#9723,#9728);
#9723 = PLANE('',#9724);
#9724 = AXIS2_PLACEMENT_3D('',#9725,#9726,#9727);
#9725 = CARTESIAN_POINT('',(-0.205,-10.555,-2.51));
#9726 = DIRECTION('',(0.,1.,0.));
#9727 = DIRECTION('',(0.,0.,1.));
#9728 = DEFINITIONAL_REPRESENTATION('',(#9729),#9733);
#9729 = LINE('',#9730,#9731);
#9730 = CARTESIAN_POINT('',(0.,0.));
#9731 = VECTOR('',#9732,1.);
#9732 = DIRECTION('',(1.,0.));
#9733 = ( GEOMETRIC_REPRESENTATION_CONTEXT(2) 
PARAMETRIC_REPRESENTATION_CONTEXT() REPRESENTATION_CONTEXT('2D SPACE',''
  ) );
#9734 = ORIENTED_EDGE('',*,*,#9735,.T.);
#9735 = EDGE_CURVE('',#9701,#9736,#9738,.T.);
#9736 = VERTEX_POINT('',#9737);
#9737 = CARTESIAN_POINT('',(-0.205,-9.765,-2.51));
#9738 = SURFACE_CURVE('',#9739,(#9743,#9750),.PCURVE_S1.);
#9739 = LINE('',#9740,#9741);
#9740 = CARTESIAN_POINT('',(-0.205,-10.555,-2.51));
#9741 = VECTOR('',#9742,1.);
#9742 = DIRECTION('',(0.,1.,0.));
#9743 = PCURVE('',#9711,#9744);
#9744 = DEFINITIONAL_REPRESENTATION('',(#9745),#9749);
#9745 = LINE('',#9746,#9747);
#9746 = CARTESIAN_POINT('',(0.,0.));
#9747 = VECTOR('',#9748,1.);
#9748 = DIRECTION('',(0.,-1.));
#9749 = ( GEOMETRIC_REPRESENTATION_CONTEXT(2) 
PARAMETRIC_REPRESENTATION_CONTEXT() REPRESENTATION_CONTEXT('2D SPACE',''
  ) );
#9750 = PCURVE('',#9751,#9756);
#9751 = PLANE('',#9752);
#9752 = AXIS2_PLACEMENT_3D('',#9753,#9754,#9755);
#9753 = CARTESIAN_POINT('',(-0.205,-10.555,-2.51));
#9754 = DIRECTION('',(0.,0.,1.));
#9755 = DIRECTION('',(1.,0.,0.));
#9756 = DEFINITIONAL_REPRESENTATION('',(#9757),#9761);
#9757 = LINE('',#9758,#9759);
#9758 = CARTESIAN_POINT('',(0.,0.));
#9759 = VECTOR('',#9760,1.);
#9760 = DIRECTION('',(0.,1.));
#9761 = ( GEOMETRIC_REPRESENTATION_CONTEXT(2) 
PARAMETRIC_REPRESENTATION_CONTEXT() REPRESENTATION_CONTEXT('2D SPACE',''
  ) );
#9762 = ORIENTED_EDGE('',*,*,#9763,.T.);
#9763 = EDGE_CURVE('',#9736,#9764,#9766,.T.);
#9764 = VERTEX_POINT('',#9765);
#9765 = CARTESIAN_POINT('',(-0.205,-9.765,0.13));
#9766 = SURFACE_CURVE('',#9767,(#9771,#9778),.PCURVE_S1.);
#9767 = LINE('',#9768,#9769);
#9768 = CARTESIAN_POINT('',(-0.205,-9.765,-2.51));
#9769 = VECTOR('',#9770,1.);
#9770 = DIRECTION('',(0.,0.,1.));
#9771 = PCURVE('',#9711,#9772);
#9772 = DEFINITIONAL_REPRESENTATION('',(#9773),#9777);
#9773 = LINE('',#9774,#9775);
#9774 = CARTESIAN_POINT('',(0.,-0.79));
#9775 = VECTOR('',#9776,1.);
#9776 = DIRECTION('',(1.,0.));
#9777 = ( GEOMETRIC_REPRESENTATION_CONTEXT(2) 
PARAMETRIC_REPRESENTATION_CONTEXT() REPRESENTATION_CONTEXT('2D SPACE',''
  ) );
#9778 = PCURVE('',#9779,#9784);
#9779 = PLANE('',#9780);
#9780 = AXIS2_PLACEMENT_3D('',#9781,#9782,#9783);
#9781 = CARTESIAN_POINT('',(-0.205,-9.765,-2.51));
#9782 = DIRECTION('',(0.,1.,0.));
#9783 = DIRECTION('',(0.,0.,1.));
#9784 = DEFINITIONAL_REPRESENTATION('',(#9785),#9789);
#9785 = LINE('',#9786,#9787);
#9786 = CARTESIAN_POINT('',(0.,0.));
#9787 = VECTOR('',#9788,1.);
#9788 = DIRECTION('',(1.,0.));
#9789 = ( GEOMETRIC_REPRESENTATION_CONTEXT(2) 
PARAMETRIC_REPRESENTATION_CONTEXT() REPRESENTATION_CONTEXT('2D SPACE',''
  ) );
#9790 = ORIENTED_EDGE('',*,*,#9791,.F.);
#9791 = EDGE_CURVE('',#9703,#9764,#9792,.T.);
#9792 = SURFACE_CURVE('',#9793,(#9797,#9804),.PCURVE_S1.);
#9793 = LINE('',#9794,#9795);
#9794 = CARTESIAN_POINT('',(-0.205,-10.555,0.13));
#9795 = VECTOR('',#9796,1.);
#9796 = DIRECTION('',(0.,1.,0.));
#9797 = PCURVE('',#9711,#9798);
#9798 = DEFINITIONAL_REPRESENTATION('',(#9799),#9803);
#9799 = LINE('',#9800,#9801);
#9800 = CARTESIAN_POINT('',(2.64,0.));
#9801 = VECTOR('',#9802,1.);
#9802 = DIRECTION('',(0.,-1.));
#9803 = ( GEOMETRIC_REPRESENTATION_CONTEXT(2) 
PARAMETRIC_REPRESENTATION_CONTEXT() REPRESENTATION_CONTEXT('2D SPACE',''
  ) );
#9804 = PCURVE('',#9805,#9810);
#9805 = PLANE('',#9806);
#9806 = AXIS2_PLACEMENT_3D('',#9807,#9808,#9809);
#9807 = CARTESIAN_POINT('',(-0.205,-10.555,0.13));
#9808 = DIRECTION('',(0.,0.,1.));
#9809 = DIRECTION('',(1.,0.,0.));
#9810 = DEFINITIONAL_REPRESENTATION('',(#9811),#9815);
#9811 = LINE('',#9812,#9813);
#9812 = CARTESIAN_POINT('',(0.,0.));
#9813 = VECTOR('',#9814,1.);
#9814 = DIRECTION('',(0.,1.));
#9815 = ( GEOMETRIC_REPRESENTATION_CONTEXT(2) 
PARAMETRIC_REPRESENTATION_CONTEXT() REPRESENTATION_CONTEXT('2D SPACE',''
  ) );
#9816 = ADVANCED_FACE('',(#9817),#9831,.T.);
#9817 = FACE_BOUND('',#9818,.T.);
#9818 = EDGE_LOOP('',(#9819,#9849,#9872,#9895));
#9819 = ORIENTED_EDGE('',*,*,#9820,.F.);
#9820 = EDGE_CURVE('',#9821,#9823,#9825,.T.);
#9821 = VERTEX_POINT('',#9822);
#9822 = CARTESIAN_POINT('',(0.205,-10.555,-2.51));
#9823 = VERTEX_POINT('',#9824);
#9824 = CARTESIAN_POINT('',(0.205,-10.555,0.13));
#9825 = SURFACE_CURVE('',#9826,(#9830,#9842),.PCURVE_S1.);
#9826 = LINE('',#9827,#9828);
#9827 = CARTESIAN_POINT('',(0.205,-10.555,-2.51));
#9828 = VECTOR('',#9829,1.);
#9829 = DIRECTION('',(0.,0.,1.));
#9830 = PCURVE('',#9831,#9836);
#9831 = PLANE('',#9832);
#9832 = AXIS2_PLACEMENT_3D('',#9833,#9834,#9835);
#9833 = CARTESIAN_POINT('',(0.205,-10.555,-2.51));
#9834 = DIRECTION('',(1.,0.,0.));
#9835 = DIRECTION('',(0.,0.,1.));
#9836 = DEFINITIONAL_REPRESENTATION('',(#9837),#9841);
#9837 = LINE('',#9838,#9839);
#9838 = CARTESIAN_POINT('',(0.,0.));
#9839 = VECTOR('',#9840,1.);
#9840 = DIRECTION('',(1.,0.));
#9841 = ( GEOMETRIC_REPRESENTATION_CONTEXT(2) 
PARAMETRIC_REPRESENTATION_CONTEXT() REPRESENTATION_CONTEXT('2D SPACE',''
  ) );
#9842 = PCURVE('',#9723,#9843);
#9843 = DEFINITIONAL_REPRESENTATION('',(#9844),#9848);
#9844 = LINE('',#9845,#9846);
#9845 = CARTESIAN_POINT('',(0.,0.41));
#9846 = VECTOR('',#9847,1.);
#9847 = DIRECTION('',(1.,0.));
#9848 = ( GEOMETRIC_REPRESENTATION_CONTEXT(2) 
PARAMETRIC_REPRESENTATION_CONTEXT() REPRESENTATION_CONTEXT('2D SPACE',''
  ) );
#9849 = ORIENTED_EDGE('',*,*,#9850,.T.);
#9850 = EDGE_CURVE('',#9821,#9851,#9853,.T.);
#9851 = VERTEX_POINT('',#9852);
#9852 = CARTESIAN_POINT('',(0.205,-9.765,-2.51));
#9853 = SURFACE_CURVE('',#9854,(#9858,#9865),.PCURVE_S1.);
#9854 = LINE('',#9855,#9856);
#9855 = CARTESIAN_POINT('',(0.205,-10.555,-2.51));
#9856 = VECTOR('',#9857,1.);
#9857 = DIRECTION('',(0.,1.,0.));
#9858 = PCURVE('',#9831,#9859);
#9859 = DEFINITIONAL_REPRESENTATION('',(#9860),#9864);
#9860 = LINE('',#9861,#9862);
#9861 = CARTESIAN_POINT('',(0.,0.));
#9862 = VECTOR('',#9863,1.);
#9863 = DIRECTION('',(0.,-1.));
#9864 = ( GEOMETRIC_REPRESENTATION_CONTEXT(2) 
PARAMETRIC_REPRESENTATION_CONTEXT() REPRESENTATION_CONTEXT('2D SPACE',''
  ) );
#9865 = PCURVE('',#9751,#9866);
#9866 = DEFINITIONAL_REPRESENTATION('',(#9867),#9871);
#9867 = LINE('',#9868,#9869);
#9868 = CARTESIAN_POINT('',(0.41,0.));
#9869 = VECTOR('',#9870,1.);
#9870 = DIRECTION('',(0.,1.));
#9871 = ( GEOMETRIC_REPRESENTATION_CONTEXT(2) 
PARAMETRIC_REPRESENTATION_CONTEXT() REPRESENTATION_CONTEXT('2D SPACE',''
  ) );
#9872 = ORIENTED_EDGE('',*,*,#9873,.T.);
#9873 = EDGE_CURVE('',#9851,#9874,#9876,.T.);
#9874 = VERTEX_POINT('',#9875);
#9875 = CARTESIAN_POINT('',(0.205,-9.765,0.13));
#9876 = SURFACE_CURVE('',#9877,(#9881,#9888),.PCURVE_S1.);
#9877 = LINE('',#9878,#9879);
#9878 = CARTESIAN_POINT('',(0.205,-9.765,-2.51));
#9879 = VECTOR('',#9880,1.);
#9880 = DIRECTION('',(0.,0.,1.));
#9881 = PCURVE('',#9831,#9882);
#9882 = DEFINITIONAL_REPRESENTATION('',(#9883),#9887);
#9883 = LINE('',#9884,#9885);
#9884 = CARTESIAN_POINT('',(0.,-0.79));
#9885 = VECTOR('',#9886,1.);
#9886 = DIRECTION('',(1.,0.));
#9887 = ( GEOMETRIC_REPRESENTATION_CONTEXT(2) 
PARAMETRIC_REPRESENTATION_CONTEXT() REPRESENTATION_CONTEXT('2D SPACE',''
  ) );
#9888 = PCURVE('',#9779,#9889);
#9889 = DEFINITIONAL_REPRESENTATION('',(#9890),#9894);
#9890 = LINE('',#9891,#9892);
#9891 = CARTESIAN_POINT('',(0.,0.41));
#9892 = VECTOR('',#9893,1.);
#9893 = DIRECTION('',(1.,0.));
#9894 = ( GEOMETRIC_REPRESENTATION_CONTEXT(2) 
PARAMETRIC_REPRESENTATION_CONTEXT() REPRESENTATION_CONTEXT('2D SPACE',''
  ) );
#9895 = ORIENTED_EDGE('',*,*,#9896,.F.);
#9896 = EDGE_CURVE('',#9823,#9874,#9897,.T.);
#9897 = SURFACE_CURVE('',#9898,(#9902,#9909),.PCURVE_S1.);
#9898 = LINE('',#9899,#9900);
#9899 = CARTESIAN_POINT('',(0.205,-10.555,0.13));
#9900 = VECTOR('',#9901,1.);
#9901 = DIRECTION('',(0.,1.,0.));
#9902 = PCURVE('',#9831,#9903);
#9903 = DEFINITIONAL_REPRESENTATION('',(#9904),#9908);
#9904 = LINE('',#9905,#9906);
#9905 = CARTESIAN_POINT('',(2.64,0.));
#9906 = VECTOR('',#9907,1.);
#9907 = DIRECTION('',(0.,-1.));
#9908 = ( GEOMETRIC_REPRESENTATION_CONTEXT(2) 
PARAMETRIC_REPRESENTATION_CONTEXT() REPRESENTATION_CONTEXT('2D SPACE',''
  ) );
#9909 = PCURVE('',#9805,#9910);
#9910 = DEFINITIONAL_REPRESENTATION('',(#9911),#9915);
#9911 = LINE('',#9912,#9913);
#9912 = CARTESIAN_POINT('',(0.41,0.));
#9913 = VECTOR('',#9914,1.);
#9914 = DIRECTION('',(0.,1.));
#9915 = ( GEOMETRIC_REPRESENTATION_CONTEXT(2) 
PARAMETRIC_REPRESENTATION_CONTEXT() REPRESENTATION_CONTEXT('2D SPACE',''
  ) );
#9916 = ADVANCED_FACE('',(#9917),#9723,.F.);
#9917 = FACE_BOUND('',#9918,.F.);
#9918 = EDGE_LOOP('',(#9919,#9940,#9941,#9962));
#9919 = ORIENTED_EDGE('',*,*,#9920,.F.);
#9920 = EDGE_CURVE('',#9701,#9821,#9921,.T.);
#9921 = SURFACE_CURVE('',#9922,(#9926,#9933),.PCURVE_S1.);
#9922 = LINE('',#9923,#9924);
#9923 = CARTESIAN_POINT('',(-0.205,-10.555,-2.51));
#9924 = VECTOR('',#9925,1.);
#9925 = DIRECTION('',(1.,0.,0.));
#9926 = PCURVE('',#9723,#9927);
#9927 = DEFINITIONAL_REPRESENTATION('',(#9928),#9932);
#9928 = LINE('',#9929,#9930);
#9929 = CARTESIAN_POINT('',(0.,0.));
#9930 = VECTOR('',#9931,1.);
#9931 = DIRECTION('',(0.,1.));
#9932 = ( GEOMETRIC_REPRESENTATION_CONTEXT(2) 
PARAMETRIC_REPRESENTATION_CONTEXT() REPRESENTATION_CONTEXT('2D SPACE',''
  ) );
#9933 = PCURVE('',#9751,#9934);
#9934 = DEFINITIONAL_REPRESENTATION('',(#9935),#9939);
#9935 = LINE('',#9936,#9937);
#9936 = CARTESIAN_POINT('',(0.,0.));
#9937 = VECTOR('',#9938,1.);
#9938 = DIRECTION('',(1.,0.));
#9939 = ( GEOMETRIC_REPRESENTATION_CONTEXT(2) 
PARAMETRIC_REPRESENTATION_CONTEXT() REPRESENTATION_CONTEXT('2D SPACE',''
  ) );
#9940 = ORIENTED_EDGE('',*,*,#9700,.T.);
#9941 = ORIENTED_EDGE('',*,*,#9942,.T.);
#9942 = EDGE_CURVE('',#9703,#9823,#9943,.T.);
#9943 = SURFACE_CURVE('',#9944,(#9948,#9955),.PCURVE_S1.);
#9944 = LINE('',#9945,#9946);
#9945 = CARTESIAN_POINT('',(-0.205,-10.555,0.13));
#9946 = VECTOR('',#9947,1.);
#9947 = DIRECTION('',(1.,0.,0.));
#9948 = PCURVE('',#9723,#9949);
#9949 = DEFINITIONAL_REPRESENTATION('',(#9950),#9954);
#9950 = LINE('',#9951,#9952);
#9951 = CARTESIAN_POINT('',(2.64,0.));
#9952 = VECTOR('',#9953,1.);
#9953 = DIRECTION('',(0.,1.));
#9954 = ( GEOMETRIC_REPRESENTATION_CONTEXT(2) 
PARAMETRIC_REPRESENTATION_CONTEXT() REPRESENTATION_CONTEXT('2D SPACE',''
  ) );
#9955 = PCURVE('',#9805,#9956);
#9956 = DEFINITIONAL_REPRESENTATION('',(#9957),#9961);
#9957 = LINE('',#9958,#9959);
#9958 = CARTESIAN_POINT('',(0.,0.));
#9959 = VECTOR('',#9960,1.);
#9960 = DIRECTION('',(1.,0.));
#9961 = ( GEOMETRIC_REPRESENTATION_CONTEXT(2) 
PARAMETRIC_REPRESENTATION_CONTEXT() REPRESENTATION_CONTEXT('2D SPACE',''
  ) );
#9962 = ORIENTED_EDGE('',*,*,#9820,.F.);
#9963 = ADVANCED_FACE('',(#9964),#9779,.T.);
#9964 = FACE_BOUND('',#9965,.T.);
#9965 = EDGE_LOOP('',(#9966,#9987,#9988,#10009));
#9966 = ORIENTED_EDGE('',*,*,#9967,.F.);
#9967 = EDGE_CURVE('',#9736,#9851,#9968,.T.);
#9968 = SURFACE_CURVE('',#9969,(#9973,#9980),.PCURVE_S1.);
#9969 = LINE('',#9970,#9971);
#9970 = CARTESIAN_POINT('',(-0.205,-9.765,-2.51));
#9971 = VECTOR('',#9972,1.);
#9972 = DIRECTION('',(1.,0.,0.));
#9973 = PCURVE('',#9779,#9974);
#9974 = DEFINITIONAL_REPRESENTATION('',(#9975),#9979);
#9975 = LINE('',#9976,#9977);
#9976 = CARTESIAN_POINT('',(0.,0.));
#9977 = VECTOR('',#9978,1.);
#9978 = DIRECTION('',(0.,1.));
#9979 = ( GEOMETRIC_REPRESENTATION_CONTEXT(2) 
PARAMETRIC_REPRESENTATION_CONTEXT() REPRESENTATION_CONTEXT('2D SPACE',''
  ) );
#9980 = PCURVE('',#9751,#9981);
#9981 = DEFINITIONAL_REPRESENTATION('',(#9982),#9986);
#9982 = LINE('',#9983,#9984);
#9983 = CARTESIAN_POINT('',(0.,0.79));
#9984 = VECTOR('',#9985,1.);
#9985 = DIRECTION('',(1.,0.));
#9986 = ( GEOMETRIC_REPRESENTATION_CONTEXT(2) 
PARAMETRIC_REPRESENTATION_CONTEXT() REPRESENTATION_CONTEXT('2D SPACE',''
  ) );
#9987 = ORIENTED_EDGE('',*,*,#9763,.T.);
#9988 = ORIENTED_EDGE('',*,*,#9989,.T.);
#9989 = EDGE_CURVE('',#9764,#9874,#9990,.T.);
#9990 = SURFACE_CURVE('',#9991,(#9995,#10002),.PCURVE_S1.);
#9991 = LINE('',#9992,#9993);
#9992 = CARTESIAN_POINT('',(-0.205,-9.765,0.13));
#9993 = VECTOR('',#9994,1.);
#9994 = DIRECTION('',(1.,0.,0.));
#9995 = PCURVE('',#9779,#9996);
#9996 = DEFINITIONAL_REPRESENTATION('',(#9997),#10001);
#9997 = LINE('',#9998,#9999);
#9998 = CARTESIAN_POINT('',(2.64,0.));
#9999 = VECTOR('',#10000,1.);
#10000 = DIRECTION('',(0.,1.));
#10001 = ( GEOMETRIC_REPRESENTATION_CONTEXT(2) 
PARAMETRIC_REPRESENTATION_CONTEXT() REPRESENTATION_CONTEXT('2D SPACE',''
  ) );
#10002 = PCURVE('',#9805,#10003);
#10003 = DEFINITIONAL_REPRESENTATION('',(#10004),#10008);
#10004 = LINE('',#10005,#10006);
#10005 = CARTESIAN_POINT('',(0.,0.79));
#10006 = VECTOR('',#10007,1.);
#10007 = DIRECTION('',(1.,0.));
#10008 = ( GEOMETRIC_REPRESENTATION_CONTEXT(2) 
PARAMETRIC_REPRESENTATION_CONTEXT() REPRESENTATION_CONTEXT('2D SPACE',''
  ) );
#10009 = ORIENTED_EDGE('',*,*,#9873,.F.);
#10010 = ADVANCED_FACE('',(#10011),#9751,.F.);
#10011 = FACE_BOUND('',#10012,.F.);
#10012 = EDGE_LOOP('',(#10013,#10014,#10015,#10016));
#10013 = ORIENTED_EDGE('',*,*,#9735,.F.);
#10014 = ORIENTED_EDGE('',*,*,#9920,.T.);
#10015 = ORIENTED_EDGE('',*,*,#9850,.T.);
#10016 = ORIENTED_EDGE('',*,*,#9967,.F.);
#10017 = ADVANCED_FACE('',(#10018),#9805,.T.);
#10018 = FACE_BOUND('',#10019,.T.);
#10019 = EDGE_LOOP('',(#10020,#10021,#10022,#10023));
#10020 = ORIENTED_EDGE('',*,*,#9791,.F.);
#10021 = ORIENTED_EDGE('',*,*,#9942,.T.);
#10022 = ORIENTED_EDGE('',*,*,#9896,.T.);
#10023 = ORIENTED_EDGE('',*,*,#9989,.F.);
#10024 = ( GEOMETRIC_REPRESENTATION_CONTEXT(3) 
GLOBAL_UNCERTAINTY_ASSIGNED_CONTEXT((#10028)) 
GLOBAL_UNIT_ASSIGNED_CONTEXT((#10025,#10026,#10027)) 
REPRESENTATION_CONTEXT('Context #1',
  '3D Context with UNIT and UNCERTAINTY') );
#10025 = ( LENGTH_UNIT() NAMED_UNIT(*) SI_UNIT(.MILLI.,.METRE.) );
#10026 = ( NAMED_UNIT(*) PLANE_ANGLE_UNIT() SI_UNIT($,.RADIAN.) );
#10027 = ( NAMED_UNIT(*) SI_UNIT($,.STERADIAN.) SOLID_ANGLE_UNIT() );
#10028 = UNCERTAINTY_MEASURE_WITH_UNIT(LENGTH_MEASURE(1.E-07),#10025,
  'distance_accuracy_value','confusion accuracy');
#10029 = CONTEXT_DEPENDENT_SHAPE_REPRESENTATION(#10030,#10032);
#10030 = ( REPRESENTATION_RELATIONSHIP('','',#9693,#10) 
REPRESENTATION_RELATIONSHIP_WITH_TRANSFORMATION(#10031) 
SHAPE_REPRESENTATION_RELATIONSHIP() );
#10031 = ITEM_DEFINED_TRANSFORMATION('','',#11,#51);
#10032 = PRODUCT_DEFINITION_SHAPE('Placement','Placement of an item',
  #10033);
#10033 = NEXT_ASSEMBLY_USAGE_OCCURRENCE('93','contact_9','',#5,#9688,$);
#10034 = PRODUCT_RELATED_PRODUCT_CATEGORY('part',$,(#9690));
#10035 = SHAPE_DEFINITION_REPRESENTATION(#10036,#10042);
#10036 = PRODUCT_DEFINITION_SHAPE('','',#10037);
#10037 = PRODUCT_DEFINITION('design','',#10038,#10041);
#10038 = PRODUCT_DEFINITION_FORMATION('','',#10039);
#10039 = PRODUCT('contact_10','contact_10','',(#10040));
#10040 = PRODUCT_CONTEXT('',#2,'mechanical');
#10041 = PRODUCT_DEFINITION_CONTEXT('part definition',#2,'design');
#10042 = ADVANCED_BREP_SHAPE_REPRESENTATION('',(#11,#10043),#10373);
#10043 = MANIFOLD_SOLID_BREP('',#10044);
#10044 = CLOSED_SHELL('',(#10045,#10165,#10265,#10312,#10359,#10366));
#10045 = ADVANCED_FACE('',(#10046),#10060,.F.);
#10046 = FACE_BOUND('',#10047,.F.);
#10047 = EDGE_LOOP('',(#10048,#10083,#10111,#10139));
#10048 = ORIENTED_EDGE('',*,*,#10049,.F.);
#10049 = EDGE_CURVE('',#10050,#10052,#10054,.T.);
#10050 = VERTEX_POINT('',#10051);
#10051 = CARTESIAN_POINT('',(2.335,-10.555,-2.51));
#10052 = VERTEX_POINT('',#10053);
#10053 = CARTESIAN_POINT('',(2.335,-10.555,0.13));
#10054 = SURFACE_CURVE('',#10055,(#10059,#10071),.PCURVE_S1.);
#10055 = LINE('',#10056,#10057);
#10056 = CARTESIAN_POINT('',(2.335,-10.555,-2.51));
#10057 = VECTOR('',#10058,1.);
#10058 = DIRECTION('',(0.,0.,1.));
#10059 = PCURVE('',#10060,#10065);
#10060 = PLANE('',#10061);
#10061 = AXIS2_PLACEMENT_3D('',#10062,#10063,#10064);
#10062 = CARTESIAN_POINT('',(2.335,-10.555,-2.51));
#10063 = DIRECTION('',(1.,0.,0.));
#10064 = DIRECTION('',(0.,0.,1.));
#10065 = DEFINITIONAL_REPRESENTATION('',(#10066),#10070);
#10066 = LINE('',#10067,#10068);
#10067 = CARTESIAN_POINT('',(0.,0.));
#10068 = VECTOR('',#10069,1.);
#10069 = DIRECTION('',(1.,0.));
#10070 = ( GEOMETRIC_REPRESENTATION_CONTEXT(2) 
PARAMETRIC_REPRESENTATION_CONTEXT() REPRESENTATION_CONTEXT('2D SPACE',''
  ) );
#10071 = PCURVE('',#10072,#10077);
#10072 = PLANE('',#10073);
#10073 = AXIS2_PLACEMENT_3D('',#10074,#10075,#10076);
#10074 = CARTESIAN_POINT('',(2.335,-10.555,-2.51));
#10075 = DIRECTION('',(0.,1.,0.));
#10076 = DIRECTION('',(0.,0.,1.));
#10077 = DEFINITIONAL_REPRESENTATION('',(#10078),#10082);
#10078 = LINE('',#10079,#10080);
#10079 = CARTESIAN_POINT('',(0.,0.));
#10080 = VECTOR('',#10081,1.);
#10081 = DIRECTION('',(1.,0.));
#10082 = ( GEOMETRIC_REPRESENTATION_CONTEXT(2) 
PARAMETRIC_REPRESENTATION_CONTEXT() REPRESENTATION_CONTEXT('2D SPACE',''
  ) );
#10083 = ORIENTED_EDGE('',*,*,#10084,.T.);
#10084 = EDGE_CURVE('',#10050,#10085,#10087,.T.);
#10085 = VERTEX_POINT('',#10086);
#10086 = CARTESIAN_POINT('',(2.335,-9.765,-2.51));
#10087 = SURFACE_CURVE('',#10088,(#10092,#10099),.PCURVE_S1.);
#10088 = LINE('',#10089,#10090);
#10089 = CARTESIAN_POINT('',(2.335,-10.555,-2.51));
#10090 = VECTOR('',#10091,1.);
#10091 = DIRECTION('',(0.,1.,0.));
#10092 = PCURVE('',#10060,#10093);
#10093 = DEFINITIONAL_REPRESENTATION('',(#10094),#10098);
#10094 = LINE('',#10095,#10096);
#10095 = CARTESIAN_POINT('',(0.,0.));
#10096 = VECTOR('',#10097,1.);
#10097 = DIRECTION('',(0.,-1.));
#10098 = ( GEOMETRIC_REPRESENTATION_CONTEXT(2) 
PARAMETRIC_REPRESENTATION_CONTEXT() REPRESENTATION_CONTEXT('2D SPACE',''
  ) );
#10099 = PCURVE('',#10100,#10105);
#10100 = PLANE('',#10101);
#10101 = AXIS2_PLACEMENT_3D('',#10102,#10103,#10104);
#10102 = CARTESIAN_POINT('',(2.335,-10.555,-2.51));
#10103 = DIRECTION('',(0.,0.,1.));
#10104 = DIRECTION('',(1.,0.,0.));
#10105 = DEFINITIONAL_REPRESENTATION('',(#10106),#10110);
#10106 = LINE('',#10107,#10108);
#10107 = CARTESIAN_POINT('',(0.,0.));
#10108 = VECTOR('',#10109,1.);
#10109 = DIRECTION('',(0.,1.));
#10110 = ( GEOMETRIC_REPRESENTATION_CONTEXT(2) 
PARAMETRIC_REPRESENTATION_CONTEXT() REPRESENTATION_CONTEXT('2D SPACE',''
  ) );
#10111 = ORIENTED_EDGE('',*,*,#10112,.T.);
#10112 = EDGE_CURVE('',#10085,#10113,#10115,.T.);
#10113 = VERTEX_POINT('',#10114);
#10114 = CARTESIAN_POINT('',(2.335,-9.765,0.13));
#10115 = SURFACE_CURVE('',#10116,(#10120,#10127),.PCURVE_S1.);
#10116 = LINE('',#10117,#10118);
#10117 = CARTESIAN_POINT('',(2.335,-9.765,-2.51));
#10118 = VECTOR('',#10119,1.);
#10119 = DIRECTION('',(0.,0.,1.));
#10120 = PCURVE('',#10060,#10121);
#10121 = DEFINITIONAL_REPRESENTATION('',(#10122),#10126);
#10122 = LINE('',#10123,#10124);
#10123 = CARTESIAN_POINT('',(0.,-0.79));
#10124 = VECTOR('',#10125,1.);
#10125 = DIRECTION('',(1.,0.));
#10126 = ( GEOMETRIC_REPRESENTATION_CONTEXT(2) 
PARAMETRIC_REPRESENTATION_CONTEXT() REPRESENTATION_CONTEXT('2D SPACE',''
  ) );
#10127 = PCURVE('',#10128,#10133);
#10128 = PLANE('',#10129);
#10129 = AXIS2_PLACEMENT_3D('',#10130,#10131,#10132);
#10130 = CARTESIAN_POINT('',(2.335,-9.765,-2.51));
#10131 = DIRECTION('',(0.,1.,0.));
#10132 = DIRECTION('',(0.,0.,1.));
#10133 = DEFINITIONAL_REPRESENTATION('',(#10134),#10138);
#10134 = LINE('',#10135,#10136);
#10135 = CARTESIAN_POINT('',(0.,0.));
#10136 = VECTOR('',#10137,1.);
#10137 = DIRECTION('',(1.,0.));
#10138 = ( GEOMETRIC_REPRESENTATION_CONTEXT(2) 
PARAMETRIC_REPRESENTATION_CONTEXT() REPRESENTATION_CONTEXT('2D SPACE',''
  ) );
#10139 = ORIENTED_EDGE('',*,*,#10140,.F.);
#10140 = EDGE_CURVE('',#10052,#10113,#10141,.T.);
#10141 = SURFACE_CURVE('',#10142,(#10146,#10153),.PCURVE_S1.);
#10142 = LINE('',#10143,#10144);
#10143 = CARTESIAN_POINT('',(2.335,-10.555,0.13));
#10144 = VECTOR('',#10145,1.);
#10145 = DIRECTION('',(0.,1.,0.));
#10146 = PCURVE('',#10060,#10147);
#10147 = DEFINITIONAL_REPRESENTATION('',(#10148),#10152);
#10148 = LINE('',#10149,#10150);
#10149 = CARTESIAN_POINT('',(2.64,0.));
#10150 = VECTOR('',#10151,1.);
#10151 = DIRECTION('',(0.,-1.));
#10152 = ( GEOMETRIC_REPRESENTATION_CONTEXT(2) 
PARAMETRIC_REPRESENTATION_CONTEXT() REPRESENTATION_CONTEXT('2D SPACE',''
  ) );
#10153 = PCURVE('',#10154,#10159);
#10154 = PLANE('',#10155);
#10155 = AXIS2_PLACEMENT_3D('',#10156,#10157,#10158);
#10156 = CARTESIAN_POINT('',(2.335,-10.555,0.13));
#10157 = DIRECTION('',(0.,0.,1.));
#10158 = DIRECTION('',(1.,0.,0.));
#10159 = DEFINITIONAL_REPRESENTATION('',(#10160),#10164);
#10160 = LINE('',#10161,#10162);
#10161 = CARTESIAN_POINT('',(0.,0.));
#10162 = VECTOR('',#10163,1.);
#10163 = DIRECTION('',(0.,1.));
#10164 = ( GEOMETRIC_REPRESENTATION_CONTEXT(2) 
PARAMETRIC_REPRESENTATION_CONTEXT() REPRESENTATION_CONTEXT('2D SPACE',''
  ) );
#10165 = ADVANCED_FACE('',(#10166),#10180,.T.);
#10166 = FACE_BOUND('',#10167,.T.);
#10167 = EDGE_LOOP('',(#10168,#10198,#10221,#10244));
#10168 = ORIENTED_EDGE('',*,*,#10169,.F.);
#10169 = EDGE_CURVE('',#10170,#10172,#10174,.T.);
#10170 = VERTEX_POINT('',#10171);
#10171 = CARTESIAN_POINT('',(2.745,-10.555,-2.51));
#10172 = VERTEX_POINT('',#10173);
#10173 = CARTESIAN_POINT('',(2.745,-10.555,0.13));
#10174 = SURFACE_CURVE('',#10175,(#10179,#10191),.PCURVE_S1.);
#10175 = LINE('',#10176,#10177);
#10176 = CARTESIAN_POINT('',(2.745,-10.555,-2.51));
#10177 = VECTOR('',#10178,1.);
#10178 = DIRECTION('',(0.,0.,1.));
#10179 = PCURVE('',#10180,#10185);
#10180 = PLANE('',#10181);
#10181 = AXIS2_PLACEMENT_3D('',#10182,#10183,#10184);
#10182 = CARTESIAN_POINT('',(2.745,-10.555,-2.51));
#10183 = DIRECTION('',(1.,0.,0.));
#10184 = DIRECTION('',(0.,0.,1.));
#10185 = DEFINITIONAL_REPRESENTATION('',(#10186),#10190);
#10186 = LINE('',#10187,#10188);
#10187 = CARTESIAN_POINT('',(0.,0.));
#10188 = VECTOR('',#10189,1.);
#10189 = DIRECTION('',(1.,0.));
#10190 = ( GEOMETRIC_REPRESENTATION_CONTEXT(2) 
PARAMETRIC_REPRESENTATION_CONTEXT() REPRESENTATION_CONTEXT('2D SPACE',''
  ) );
#10191 = PCURVE('',#10072,#10192);
#10192 = DEFINITIONAL_REPRESENTATION('',(#10193),#10197);
#10193 = LINE('',#10194,#10195);
#10194 = CARTESIAN_POINT('',(0.,0.41));
#10195 = VECTOR('',#10196,1.);
#10196 = DIRECTION('',(1.,0.));
#10197 = ( GEOMETRIC_REPRESENTATION_CONTEXT(2) 
PARAMETRIC_REPRESENTATION_CONTEXT() REPRESENTATION_CONTEXT('2D SPACE',''
  ) );
#10198 = ORIENTED_EDGE('',*,*,#10199,.T.);
#10199 = EDGE_CURVE('',#10170,#10200,#10202,.T.);
#10200 = VERTEX_POINT('',#10201);
#10201 = CARTESIAN_POINT('',(2.745,-9.765,-2.51));
#10202 = SURFACE_CURVE('',#10203,(#10207,#10214),.PCURVE_S1.);
#10203 = LINE('',#10204,#10205);
#10204 = CARTESIAN_POINT('',(2.745,-10.555,-2.51));
#10205 = VECTOR('',#10206,1.);
#10206 = DIRECTION('',(0.,1.,0.));
#10207 = PCURVE('',#10180,#10208);
#10208 = DEFINITIONAL_REPRESENTATION('',(#10209),#10213);
#10209 = LINE('',#10210,#10211);
#10210 = CARTESIAN_POINT('',(0.,0.));
#10211 = VECTOR('',#10212,1.);
#10212 = DIRECTION('',(0.,-1.));
#10213 = ( GEOMETRIC_REPRESENTATION_CONTEXT(2) 
PARAMETRIC_REPRESENTATION_CONTEXT() REPRESENTATION_CONTEXT('2D SPACE',''
  ) );
#10214 = PCURVE('',#10100,#10215);
#10215 = DEFINITIONAL_REPRESENTATION('',(#10216),#10220);
#10216 = LINE('',#10217,#10218);
#10217 = CARTESIAN_POINT('',(0.41,0.));
#10218 = VECTOR('',#10219,1.);
#10219 = DIRECTION('',(0.,1.));
#10220 = ( GEOMETRIC_REPRESENTATION_CONTEXT(2) 
PARAMETRIC_REPRESENTATION_CONTEXT() REPRESENTATION_CONTEXT('2D SPACE',''
  ) );
#10221 = ORIENTED_EDGE('',*,*,#10222,.T.);
#10222 = EDGE_CURVE('',#10200,#10223,#10225,.T.);
#10223 = VERTEX_POINT('',#10224);
#10224 = CARTESIAN_POINT('',(2.745,-9.765,0.13));
#10225 = SURFACE_CURVE('',#10226,(#10230,#10237),.PCURVE_S1.);
#10226 = LINE('',#10227,#10228);
#10227 = CARTESIAN_POINT('',(2.745,-9.765,-2.51));
#10228 = VECTOR('',#10229,1.);
#10229 = DIRECTION('',(0.,0.,1.));
#10230 = PCURVE('',#10180,#10231);
#10231 = DEFINITIONAL_REPRESENTATION('',(#10232),#10236);
#10232 = LINE('',#10233,#10234);
#10233 = CARTESIAN_POINT('',(0.,-0.79));
#10234 = VECTOR('',#10235,1.);
#10235 = DIRECTION('',(1.,0.));
#10236 = ( GEOMETRIC_REPRESENTATION_CONTEXT(2) 
PARAMETRIC_REPRESENTATION_CONTEXT() REPRESENTATION_CONTEXT('2D SPACE',''
  ) );
#10237 = PCURVE('',#10128,#10238);
#10238 = DEFINITIONAL_REPRESENTATION('',(#10239),#10243);
#10239 = LINE('',#10240,#10241);
#10240 = CARTESIAN_POINT('',(0.,0.41));
#10241 = VECTOR('',#10242,1.);
#10242 = DIRECTION('',(1.,0.));
#10243 = ( GEOMETRIC_REPRESENTATION_CONTEXT(2) 
PARAMETRIC_REPRESENTATION_CONTEXT() REPRESENTATION_CONTEXT('2D SPACE',''
  ) );
#10244 = ORIENTED_EDGE('',*,*,#10245,.F.);
#10245 = EDGE_CURVE('',#10172,#10223,#10246,.T.);
#10246 = SURFACE_CURVE('',#10247,(#10251,#10258),.PCURVE_S1.);
#10247 = LINE('',#10248,#10249);
#10248 = CARTESIAN_POINT('',(2.745,-10.555,0.13));
#10249 = VECTOR('',#10250,1.);
#10250 = DIRECTION('',(0.,1.,0.));
#10251 = PCURVE('',#10180,#10252);
#10252 = DEFINITIONAL_REPRESENTATION('',(#10253),#10257);
#10253 = LINE('',#10254,#10255);
#10254 = CARTESIAN_POINT('',(2.64,0.));
#10255 = VECTOR('',#10256,1.);
#10256 = DIRECTION('',(0.,-1.));
#10257 = ( GEOMETRIC_REPRESENTATION_CONTEXT(2) 
PARAMETRIC_REPRESENTATION_CONTEXT() REPRESENTATION_CONTEXT('2D SPACE',''
  ) );
#10258 = PCURVE('',#10154,#10259);
#10259 = DEFINITIONAL_REPRESENTATION('',(#10260),#10264);
#10260 = LINE('',#10261,#10262);
#10261 = CARTESIAN_POINT('',(0.41,0.));
#10262 = VECTOR('',#10263,1.);
#10263 = DIRECTION('',(0.,1.));
#10264 = ( GEOMETRIC_REPRESENTATION_CONTEXT(2) 
PARAMETRIC_REPRESENTATION_CONTEXT() REPRESENTATION_CONTEXT('2D SPACE',''
  ) );
#10265 = ADVANCED_FACE('',(#10266),#10072,.F.);
#10266 = FACE_BOUND('',#10267,.F.);
#10267 = EDGE_LOOP('',(#10268,#10289,#10290,#10311));
#10268 = ORIENTED_EDGE('',*,*,#10269,.F.);
#10269 = EDGE_CURVE('',#10050,#10170,#10270,.T.);
#10270 = SURFACE_CURVE('',#10271,(#10275,#10282),.PCURVE_S1.);
#10271 = LINE('',#10272,#10273);
#10272 = CARTESIAN_POINT('',(2.335,-10.555,-2.51));
#10273 = VECTOR('',#10274,1.);
#10274 = DIRECTION('',(1.,0.,0.));
#10275 = PCURVE('',#10072,#10276);
#10276 = DEFINITIONAL_REPRESENTATION('',(#10277),#10281);
#10277 = LINE('',#10278,#10279);
#10278 = CARTESIAN_POINT('',(0.,0.));
#10279 = VECTOR('',#10280,1.);
#10280 = DIRECTION('',(0.,1.));
#10281 = ( GEOMETRIC_REPRESENTATION_CONTEXT(2) 
PARAMETRIC_REPRESENTATION_CONTEXT() REPRESENTATION_CONTEXT('2D SPACE',''
  ) );
#10282 = PCURVE('',#10100,#10283);
#10283 = DEFINITIONAL_REPRESENTATION('',(#10284),#10288);
#10284 = LINE('',#10285,#10286);
#10285 = CARTESIAN_POINT('',(0.,0.));
#10286 = VECTOR('',#10287,1.);
#10287 = DIRECTION('',(1.,0.));
#10288 = ( GEOMETRIC_REPRESENTATION_CONTEXT(2) 
PARAMETRIC_REPRESENTATION_CONTEXT() REPRESENTATION_CONTEXT('2D SPACE',''
  ) );
#10289 = ORIENTED_EDGE('',*,*,#10049,.T.);
#10290 = ORIENTED_EDGE('',*,*,#10291,.T.);
#10291 = EDGE_CURVE('',#10052,#10172,#10292,.T.);
#10292 = SURFACE_CURVE('',#10293,(#10297,#10304),.PCURVE_S1.);
#10293 = LINE('',#10294,#10295);
#10294 = CARTESIAN_POINT('',(2.335,-10.555,0.13));
#10295 = VECTOR('',#10296,1.);
#10296 = DIRECTION('',(1.,0.,0.));
#10297 = PCURVE('',#10072,#10298);
#10298 = DEFINITIONAL_REPRESENTATION('',(#10299),#10303);
#10299 = LINE('',#10300,#10301);
#10300 = CARTESIAN_POINT('',(2.64,0.));
#10301 = VECTOR('',#10302,1.);
#10302 = DIRECTION('',(0.,1.));
#10303 = ( GEOMETRIC_REPRESENTATION_CONTEXT(2) 
PARAMETRIC_REPRESENTATION_CONTEXT() REPRESENTATION_CONTEXT('2D SPACE',''
  ) );
#10304 = PCURVE('',#10154,#10305);
#10305 = DEFINITIONAL_REPRESENTATION('',(#10306),#10310);
#10306 = LINE('',#10307,#10308);
#10307 = CARTESIAN_POINT('',(0.,0.));
#10308 = VECTOR('',#10309,1.);
#10309 = DIRECTION('',(1.,0.));
#10310 = ( GEOMETRIC_REPRESENTATION_CONTEXT(2) 
PARAMETRIC_REPRESENTATION_CONTEXT() REPRESENTATION_CONTEXT('2D SPACE',''
  ) );
#10311 = ORIENTED_EDGE('',*,*,#10169,.F.);
#10312 = ADVANCED_FACE('',(#10313),#10128,.T.);
#10313 = FACE_BOUND('',#10314,.T.);
#10314 = EDGE_LOOP('',(#10315,#10336,#10337,#10358));
#10315 = ORIENTED_EDGE('',*,*,#10316,.F.);
#10316 = EDGE_CURVE('',#10085,#10200,#10317,.T.);
#10317 = SURFACE_CURVE('',#10318,(#10322,#10329),.PCURVE_S1.);
#10318 = LINE('',#10319,#10320);
#10319 = CARTESIAN_POINT('',(2.335,-9.765,-2.51));
#10320 = VECTOR('',#10321,1.);
#10321 = DIRECTION('',(1.,0.,0.));
#10322 = PCURVE('',#10128,#10323);
#10323 = DEFINITIONAL_REPRESENTATION('',(#10324),#10328);
#10324 = LINE('',#10325,#10326);
#10325 = CARTESIAN_POINT('',(0.,0.));
#10326 = VECTOR('',#10327,1.);
#10327 = DIRECTION('',(0.,1.));
#10328 = ( GEOMETRIC_REPRESENTATION_CONTEXT(2) 
PARAMETRIC_REPRESENTATION_CONTEXT() REPRESENTATION_CONTEXT('2D SPACE',''
  ) );
#10329 = PCURVE('',#10100,#10330);
#10330 = DEFINITIONAL_REPRESENTATION('',(#10331),#10335);
#10331 = LINE('',#10332,#10333);
#10332 = CARTESIAN_POINT('',(0.,0.79));
#10333 = VECTOR('',#10334,1.);
#10334 = DIRECTION('',(1.,0.));
#10335 = ( GEOMETRIC_REPRESENTATION_CONTEXT(2) 
PARAMETRIC_REPRESENTATION_CONTEXT() REPRESENTATION_CONTEXT('2D SPACE',''
  ) );
#10336 = ORIENTED_EDGE('',*,*,#10112,.T.);
#10337 = ORIENTED_EDGE('',*,*,#10338,.T.);
#10338 = EDGE_CURVE('',#10113,#10223,#10339,.T.);
#10339 = SURFACE_CURVE('',#10340,(#10344,#10351),.PCURVE_S1.);
#10340 = LINE('',#10341,#10342);
#10341 = CARTESIAN_POINT('',(2.335,-9.765,0.13));
#10342 = VECTOR('',#10343,1.);
#10343 = DIRECTION('',(1.,0.,0.));
#10344 = PCURVE('',#10128,#10345);
#10345 = DEFINITIONAL_REPRESENTATION('',(#10346),#10350);
#10346 = LINE('',#10347,#10348);
#10347 = CARTESIAN_POINT('',(2.64,0.));
#10348 = VECTOR('',#10349,1.);
#10349 = DIRECTION('',(0.,1.));
#10350 = ( GEOMETRIC_REPRESENTATION_CONTEXT(2) 
PARAMETRIC_REPRESENTATION_CONTEXT() REPRESENTATION_CONTEXT('2D SPACE',''
  ) );
#10351 = PCURVE('',#10154,#10352);
#10352 = DEFINITIONAL_REPRESENTATION('',(#10353),#10357);
#10353 = LINE('',#10354,#10355);
#10354 = CARTESIAN_POINT('',(0.,0.79));
#10355 = VECTOR('',#10356,1.);
#10356 = DIRECTION('',(1.,0.));
#10357 = ( GEOMETRIC_REPRESENTATION_CONTEXT(2) 
PARAMETRIC_REPRESENTATION_CONTEXT() REPRESENTATION_CONTEXT('2D SPACE',''
  ) );
#10358 = ORIENTED_EDGE('',*,*,#10222,.F.);
#10359 = ADVANCED_FACE('',(#10360),#10100,.F.);
#10360 = FACE_BOUND('',#10361,.F.);
#10361 = EDGE_LOOP('',(#10362,#10363,#10364,#10365));
#10362 = ORIENTED_EDGE('',*,*,#10084,.F.);
#10363 = ORIENTED_EDGE('',*,*,#10269,.T.);
#10364 = ORIENTED_EDGE('',*,*,#10199,.T.);
#10365 = ORIENTED_EDGE('',*,*,#10316,.F.);
#10366 = ADVANCED_FACE('',(#10367),#10154,.T.);
#10367 = FACE_BOUND('',#10368,.T.);
#10368 = EDGE_LOOP('',(#10369,#10370,#10371,#10372));
#10369 = ORIENTED_EDGE('',*,*,#10140,.F.);
#10370 = ORIENTED_EDGE('',*,*,#10291,.T.);
#10371 = ORIENTED_EDGE('',*,*,#10245,.T.);
#10372 = ORIENTED_EDGE('',*,*,#10338,.F.);
#10373 = ( GEOMETRIC_REPRESENTATION_CONTEXT(3) 
GLOBAL_UNCERTAINTY_ASSIGNED_CONTEXT((#10377)) 
GLOBAL_UNIT_ASSIGNED_CONTEXT((#10374,#10375,#10376)) 
REPRESENTATION_CONTEXT('Context #1',
  '3D Context with UNIT and UNCERTAINTY') );
#10374 = ( LENGTH_UNIT() NAMED_UNIT(*) SI_UNIT(.MILLI.,.METRE.) );
#10375 = ( NAMED_UNIT(*) PLANE_ANGLE_UNIT() SI_UNIT($,.RADIAN.) );
#10376 = ( NAMED_UNIT(*) SI_UNIT($,.STERADIAN.) SOLID_ANGLE_UNIT() );
#10377 = UNCERTAINTY_MEASURE_WITH_UNIT(LENGTH_MEASURE(1.E-07),#10374,
  'distance_accuracy_value','confusion accuracy');
#10378 = CONTEXT_DEPENDENT_SHAPE_REPRESENTATION(#10379,#10381);
#10379 = ( REPRESENTATION_RELATIONSHIP('','',#10042,#10) 
REPRESENTATION_RELATIONSHIP_WITH_TRANSFORMATION(#10380) 
SHAPE_REPRESENTATION_RELATIONSHIP() );
#10380 = ITEM_DEFINED_TRANSFORMATION('','',#11,#55);
#10381 = PRODUCT_DEFINITION_SHAPE('Placement','Placement of an item',
  #10382);
#10382 = NEXT_ASSEMBLY_USAGE_OCCURRENCE('94','contact_10','',#5,#10037,$
  );
#10383 = PRODUCT_RELATED_PRODUCT_CATEGORY('part',$,(#10039));
#10384 = SHAPE_DEFINITION_REPRESENTATION(#10385,#10391);
#10385 = PRODUCT_DEFINITION_SHAPE('','',#10386);
#10386 = PRODUCT_DEFINITION('design','',#10387,#10390);
#10387 = PRODUCT_DEFINITION_FORMATION('','',#10388);
#10388 = PRODUCT('contact_11','contact_11','',(#10389));
#10389 = PRODUCT_CONTEXT('',#2,'mechanical');
#10390 = PRODUCT_DEFINITION_CONTEXT('part definition',#2,'design');
#10391 = ADVANCED_BREP_SHAPE_REPRESENTATION('',(#11,#10392),#10722);
#10392 = MANIFOLD_SOLID_BREP('',#10393);
#10393 = CLOSED_SHELL('',(#10394,#10514,#10614,#10661,#10708,#10715));
#10394 = ADVANCED_FACE('',(#10395),#10409,.F.);
#10395 = FACE_BOUND('',#10396,.F.);
#10396 = EDGE_LOOP('',(#10397,#10432,#10460,#10488));
#10397 = ORIENTED_EDGE('',*,*,#10398,.F.);
#10398 = EDGE_CURVE('',#10399,#10401,#10403,.T.);
#10399 = VERTEX_POINT('',#10400);
#10400 = CARTESIAN_POINT('',(-0.205,-13.095,-2.51));
#10401 = VERTEX_POINT('',#10402);
#10402 = CARTESIAN_POINT('',(-0.205,-13.095,0.13));
#10403 = SURFACE_CURVE('',#10404,(#10408,#10420),.PCURVE_S1.);
#10404 = LINE('',#10405,#10406);
#10405 = CARTESIAN_POINT('',(-0.205,-13.095,-2.51));
#10406 = VECTOR('',#10407,1.);
#10407 = DIRECTION('',(0.,0.,1.));
#10408 = PCURVE('',#10409,#10414);
#10409 = PLANE('',#10410);
#10410 = AXIS2_PLACEMENT_3D('',#10411,#10412,#10413);
#10411 = CARTESIAN_POINT('',(-0.205,-13.095,-2.51));
#10412 = DIRECTION('',(1.,0.,0.));
#10413 = DIRECTION('',(0.,0.,1.));
#10414 = DEFINITIONAL_REPRESENTATION('',(#10415),#10419);
#10415 = LINE('',#10416,#10417);
#10416 = CARTESIAN_POINT('',(0.,0.));
#10417 = VECTOR('',#10418,1.);
#10418 = DIRECTION('',(1.,0.));
#10419 = ( GEOMETRIC_REPRESENTATION_CONTEXT(2) 
PARAMETRIC_REPRESENTATION_CONTEXT() REPRESENTATION_CONTEXT('2D SPACE',''
  ) );
#10420 = PCURVE('',#10421,#10426);
#10421 = PLANE('',#10422);
#10422 = AXIS2_PLACEMENT_3D('',#10423,#10424,#10425);
#10423 = CARTESIAN_POINT('',(-0.205,-13.095,-2.51));
#10424 = DIRECTION('',(0.,1.,0.));
#10425 = DIRECTION('',(0.,0.,1.));
#10426 = DEFINITIONAL_REPRESENTATION('',(#10427),#10431);
#10427 = LINE('',#10428,#10429);
#10428 = CARTESIAN_POINT('',(0.,0.));
#10429 = VECTOR('',#10430,1.);
#10430 = DIRECTION('',(1.,0.));
#10431 = ( GEOMETRIC_REPRESENTATION_CONTEXT(2) 
PARAMETRIC_REPRESENTATION_CONTEXT() REPRESENTATION_CONTEXT('2D SPACE',''
  ) );
#10432 = ORIENTED_EDGE('',*,*,#10433,.T.);
#10433 = EDGE_CURVE('',#10399,#10434,#10436,.T.);
#10434 = VERTEX_POINT('',#10435);
#10435 = CARTESIAN_POINT('',(-0.205,-12.305,-2.51));
#10436 = SURFACE_CURVE('',#10437,(#10441,#10448),.PCURVE_S1.);
#10437 = LINE('',#10438,#10439);
#10438 = CARTESIAN_POINT('',(-0.205,-13.095,-2.51));
#10439 = VECTOR('',#10440,1.);
#10440 = DIRECTION('',(0.,1.,0.));
#10441 = PCURVE('',#10409,#10442);
#10442 = DEFINITIONAL_REPRESENTATION('',(#10443),#10447);
#10443 = LINE('',#10444,#10445);
#10444 = CARTESIAN_POINT('',(0.,0.));
#10445 = VECTOR('',#10446,1.);
#10446 = DIRECTION('',(0.,-1.));
#10447 = ( GEOMETRIC_REPRESENTATION_CONTEXT(2) 
PARAMETRIC_REPRESENTATION_CONTEXT() REPRESENTATION_CONTEXT('2D SPACE',''
  ) );
#10448 = PCURVE('',#10449,#10454);
#10449 = PLANE('',#10450);
#10450 = AXIS2_PLACEMENT_3D('',#10451,#10452,#10453);
#10451 = CARTESIAN_POINT('',(-0.205,-13.095,-2.51));
#10452 = DIRECTION('',(0.,0.,1.));
#10453 = DIRECTION('',(1.,0.,0.));
#10454 = DEFINITIONAL_REPRESENTATION('',(#10455),#10459);
#10455 = LINE('',#10456,#10457);
#10456 = CARTESIAN_POINT('',(0.,0.));
#10457 = VECTOR('',#10458,1.);
#10458 = DIRECTION('',(0.,1.));
#10459 = ( GEOMETRIC_REPRESENTATION_CONTEXT(2) 
PARAMETRIC_REPRESENTATION_CONTEXT() REPRESENTATION_CONTEXT('2D SPACE',''
  ) );
#10460 = ORIENTED_EDGE('',*,*,#10461,.T.);
#10461 = EDGE_CURVE('',#10434,#10462,#10464,.T.);
#10462 = VERTEX_POINT('',#10463);
#10463 = CARTESIAN_POINT('',(-0.205,-12.305,0.13));
#10464 = SURFACE_CURVE('',#10465,(#10469,#10476),.PCURVE_S1.);
#10465 = LINE('',#10466,#10467);
#10466 = CARTESIAN_POINT('',(-0.205,-12.305,-2.51));
#10467 = VECTOR('',#10468,1.);
#10468 = DIRECTION('',(0.,0.,1.));
#10469 = PCURVE('',#10409,#10470);
#10470 = DEFINITIONAL_REPRESENTATION('',(#10471),#10475);
#10471 = LINE('',#10472,#10473);
#10472 = CARTESIAN_POINT('',(0.,-0.79));
#10473 = VECTOR('',#10474,1.);
#10474 = DIRECTION('',(1.,0.));
#10475 = ( GEOMETRIC_REPRESENTATION_CONTEXT(2) 
PARAMETRIC_REPRESENTATION_CONTEXT() REPRESENTATION_CONTEXT('2D SPACE',''
  ) );
#10476 = PCURVE('',#10477,#10482);
#10477 = PLANE('',#10478);
#10478 = AXIS2_PLACEMENT_3D('',#10479,#10480,#10481);
#10479 = CARTESIAN_POINT('',(-0.205,-12.305,-2.51));
#10480 = DIRECTION('',(0.,1.,0.));
#10481 = DIRECTION('',(0.,0.,1.));
#10482 = DEFINITIONAL_REPRESENTATION('',(#10483),#10487);
#10483 = LINE('',#10484,#10485);
#10484 = CARTESIAN_POINT('',(0.,0.));
#10485 = VECTOR('',#10486,1.);
#10486 = DIRECTION('',(1.,0.));
#10487 = ( GEOMETRIC_REPRESENTATION_CONTEXT(2) 
PARAMETRIC_REPRESENTATION_CONTEXT() REPRESENTATION_CONTEXT('2D SPACE',''
  ) );
#10488 = ORIENTED_EDGE('',*,*,#10489,.F.);
#10489 = EDGE_CURVE('',#10401,#10462,#10490,.T.);
#10490 = SURFACE_CURVE('',#10491,(#10495,#10502),.PCURVE_S1.);
#10491 = LINE('',#10492,#10493);
#10492 = CARTESIAN_POINT('',(-0.205,-13.095,0.13));
#10493 = VECTOR('',#10494,1.);
#10494 = DIRECTION('',(0.,1.,0.));
#10495 = PCURVE('',#10409,#10496);
#10496 = DEFINITIONAL_REPRESENTATION('',(#10497),#10501);
#10497 = LINE('',#10498,#10499);
#10498 = CARTESIAN_POINT('',(2.64,0.));
#10499 = VECTOR('',#10500,1.);
#10500 = DIRECTION('',(0.,-1.));
#10501 = ( GEOMETRIC_REPRESENTATION_CONTEXT(2) 
PARAMETRIC_REPRESENTATION_CONTEXT() REPRESENTATION_CONTEXT('2D SPACE',''
  ) );
#10502 = PCURVE('',#10503,#10508);
#10503 = PLANE('',#10504);
#10504 = AXIS2_PLACEMENT_3D('',#10505,#10506,#10507);
#10505 = CARTESIAN_POINT('',(-0.205,-13.095,0.13));
#10506 = DIRECTION('',(0.,0.,1.));
#10507 = DIRECTION('',(1.,0.,0.));
#10508 = DEFINITIONAL_REPRESENTATION('',(#10509),#10513);
#10509 = LINE('',#10510,#10511);
#10510 = CARTESIAN_POINT('',(0.,0.));
#10511 = VECTOR('',#10512,1.);
#10512 = DIRECTION('',(0.,1.));
#10513 = ( GEOMETRIC_REPRESENTATION_CONTEXT(2) 
PARAMETRIC_REPRESENTATION_CONTEXT() REPRESENTATION_CONTEXT('2D SPACE',''
  ) );
#10514 = ADVANCED_FACE('',(#10515),#10529,.T.);
#10515 = FACE_BOUND('',#10516,.T.);
#10516 = EDGE_LOOP('',(#10517,#10547,#10570,#10593));
#10517 = ORIENTED_EDGE('',*,*,#10518,.F.);
#10518 = EDGE_CURVE('',#10519,#10521,#10523,.T.);
#10519 = VERTEX_POINT('',#10520);
#10520 = CARTESIAN_POINT('',(0.205,-13.095,-2.51));
#10521 = VERTEX_POINT('',#10522);
#10522 = CARTESIAN_POINT('',(0.205,-13.095,0.13));
#10523 = SURFACE_CURVE('',#10524,(#10528,#10540),.PCURVE_S1.);
#10524 = LINE('',#10525,#10526);
#10525 = CARTESIAN_POINT('',(0.205,-13.095,-2.51));
#10526 = VECTOR('',#10527,1.);
#10527 = DIRECTION('',(0.,0.,1.));
#10528 = PCURVE('',#10529,#10534);
#10529 = PLANE('',#10530);
#10530 = AXIS2_PLACEMENT_3D('',#10531,#10532,#10533);
#10531 = CARTESIAN_POINT('',(0.205,-13.095,-2.51));
#10532 = DIRECTION('',(1.,0.,0.));
#10533 = DIRECTION('',(0.,0.,1.));
#10534 = DEFINITIONAL_REPRESENTATION('',(#10535),#10539);
#10535 = LINE('',#10536,#10537);
#10536 = CARTESIAN_POINT('',(0.,0.));
#10537 = VECTOR('',#10538,1.);
#10538 = DIRECTION('',(1.,0.));
#10539 = ( GEOMETRIC_REPRESENTATION_CONTEXT(2) 
PARAMETRIC_REPRESENTATION_CONTEXT() REPRESENTATION_CONTEXT('2D SPACE',''
  ) );
#10540 = PCURVE('',#10421,#10541);
#10541 = DEFINITIONAL_REPRESENTATION('',(#10542),#10546);
#10542 = LINE('',#10543,#10544);
#10543 = CARTESIAN_POINT('',(0.,0.41));
#10544 = VECTOR('',#10545,1.);
#10545 = DIRECTION('',(1.,0.));
#10546 = ( GEOMETRIC_REPRESENTATION_CONTEXT(2) 
PARAMETRIC_REPRESENTATION_CONTEXT() REPRESENTATION_CONTEXT('2D SPACE',''
  ) );
#10547 = ORIENTED_EDGE('',*,*,#10548,.T.);
#10548 = EDGE_CURVE('',#10519,#10549,#10551,.T.);
#10549 = VERTEX_POINT('',#10550);
#10550 = CARTESIAN_POINT('',(0.205,-12.305,-2.51));
#10551 = SURFACE_CURVE('',#10552,(#10556,#10563),.PCURVE_S1.);
#10552 = LINE('',#10553,#10554);
#10553 = CARTESIAN_POINT('',(0.205,-13.095,-2.51));
#10554 = VECTOR('',#10555,1.);
#10555 = DIRECTION('',(0.,1.,0.));
#10556 = PCURVE('',#10529,#10557);
#10557 = DEFINITIONAL_REPRESENTATION('',(#10558),#10562);
#10558 = LINE('',#10559,#10560);
#10559 = CARTESIAN_POINT('',(0.,0.));
#10560 = VECTOR('',#10561,1.);
#10561 = DIRECTION('',(0.,-1.));
#10562 = ( GEOMETRIC_REPRESENTATION_CONTEXT(2) 
PARAMETRIC_REPRESENTATION_CONTEXT() REPRESENTATION_CONTEXT('2D SPACE',''
  ) );
#10563 = PCURVE('',#10449,#10564);
#10564 = DEFINITIONAL_REPRESENTATION('',(#10565),#10569);
#10565 = LINE('',#10566,#10567);
#10566 = CARTESIAN_POINT('',(0.41,0.));
#10567 = VECTOR('',#10568,1.);
#10568 = DIRECTION('',(0.,1.));
#10569 = ( GEOMETRIC_REPRESENTATION_CONTEXT(2) 
PARAMETRIC_REPRESENTATION_CONTEXT() REPRESENTATION_CONTEXT('2D SPACE',''
  ) );
#10570 = ORIENTED_EDGE('',*,*,#10571,.T.);
#10571 = EDGE_CURVE('',#10549,#10572,#10574,.T.);
#10572 = VERTEX_POINT('',#10573);
#10573 = CARTESIAN_POINT('',(0.205,-12.305,0.13));
#10574 = SURFACE_CURVE('',#10575,(#10579,#10586),.PCURVE_S1.);
#10575 = LINE('',#10576,#10577);
#10576 = CARTESIAN_POINT('',(0.205,-12.305,-2.51));
#10577 = VECTOR('',#10578,1.);
#10578 = DIRECTION('',(0.,0.,1.));
#10579 = PCURVE('',#10529,#10580);
#10580 = DEFINITIONAL_REPRESENTATION('',(#10581),#10585);
#10581 = LINE('',#10582,#10583);
#10582 = CARTESIAN_POINT('',(0.,-0.79));
#10583 = VECTOR('',#10584,1.);
#10584 = DIRECTION('',(1.,0.));
#10585 = ( GEOMETRIC_REPRESENTATION_CONTEXT(2) 
PARAMETRIC_REPRESENTATION_CONTEXT() REPRESENTATION_CONTEXT('2D SPACE',''
  ) );
#10586 = PCURVE('',#10477,#10587);
#10587 = DEFINITIONAL_REPRESENTATION('',(#10588),#10592);
#10588 = LINE('',#10589,#10590);
#10589 = CARTESIAN_POINT('',(0.,0.41));
#10590 = VECTOR('',#10591,1.);
#10591 = DIRECTION('',(1.,0.));
#10592 = ( GEOMETRIC_REPRESENTATION_CONTEXT(2) 
PARAMETRIC_REPRESENTATION_CONTEXT() REPRESENTATION_CONTEXT('2D SPACE',''
  ) );
#10593 = ORIENTED_EDGE('',*,*,#10594,.F.);
#10594 = EDGE_CURVE('',#10521,#10572,#10595,.T.);
#10595 = SURFACE_CURVE('',#10596,(#10600,#10607),.PCURVE_S1.);
#10596 = LINE('',#10597,#10598);
#10597 = CARTESIAN_POINT('',(0.205,-13.095,0.13));
#10598 = VECTOR('',#10599,1.);
#10599 = DIRECTION('',(0.,1.,0.));
#10600 = PCURVE('',#10529,#10601);
#10601 = DEFINITIONAL_REPRESENTATION('',(#10602),#10606);
#10602 = LINE('',#10603,#10604);
#10603 = CARTESIAN_POINT('',(2.64,0.));
#10604 = VECTOR('',#10605,1.);
#10605 = DIRECTION('',(0.,-1.));
#10606 = ( GEOMETRIC_REPRESENTATION_CONTEXT(2) 
PARAMETRIC_REPRESENTATION_CONTEXT() REPRESENTATION_CONTEXT('2D SPACE',''
  ) );
#10607 = PCURVE('',#10503,#10608);
#10608 = DEFINITIONAL_REPRESENTATION('',(#10609),#10613);
#10609 = LINE('',#10610,#10611);
#10610 = CARTESIAN_POINT('',(0.41,0.));
#10611 = VECTOR('',#10612,1.);
#10612 = DIRECTION('',(0.,1.));
#10613 = ( GEOMETRIC_REPRESENTATION_CONTEXT(2) 
PARAMETRIC_REPRESENTATION_CONTEXT() REPRESENTATION_CONTEXT('2D SPACE',''
  ) );
#10614 = ADVANCED_FACE('',(#10615),#10421,.F.);
#10615 = FACE_BOUND('',#10616,.F.);
#10616 = EDGE_LOOP('',(#10617,#10638,#10639,#10660));
#10617 = ORIENTED_EDGE('',*,*,#10618,.F.);
#10618 = EDGE_CURVE('',#10399,#10519,#10619,.T.);
#10619 = SURFACE_CURVE('',#10620,(#10624,#10631),.PCURVE_S1.);
#10620 = LINE('',#10621,#10622);
#10621 = CARTESIAN_POINT('',(-0.205,-13.095,-2.51));
#10622 = VECTOR('',#10623,1.);
#10623 = DIRECTION('',(1.,0.,0.));
#10624 = PCURVE('',#10421,#10625);
#10625 = DEFINITIONAL_REPRESENTATION('',(#10626),#10630);
#10626 = LINE('',#10627,#10628);
#10627 = CARTESIAN_POINT('',(0.,0.));
#10628 = VECTOR('',#10629,1.);
#10629 = DIRECTION('',(0.,1.));
#10630 = ( GEOMETRIC_REPRESENTATION_CONTEXT(2) 
PARAMETRIC_REPRESENTATION_CONTEXT() REPRESENTATION_CONTEXT('2D SPACE',''
  ) );
#10631 = PCURVE('',#10449,#10632);
#10632 = DEFINITIONAL_REPRESENTATION('',(#10633),#10637);
#10633 = LINE('',#10634,#10635);
#10634 = CARTESIAN_POINT('',(0.,0.));
#10635 = VECTOR('',#10636,1.);
#10636 = DIRECTION('',(1.,0.));
#10637 = ( GEOMETRIC_REPRESENTATION_CONTEXT(2) 
PARAMETRIC_REPRESENTATION_CONTEXT() REPRESENTATION_CONTEXT('2D SPACE',''
  ) );
#10638 = ORIENTED_EDGE('',*,*,#10398,.T.);
#10639 = ORIENTED_EDGE('',*,*,#10640,.T.);
#10640 = EDGE_CURVE('',#10401,#10521,#10641,.T.);
#10641 = SURFACE_CURVE('',#10642,(#10646,#10653),.PCURVE_S1.);
#10642 = LINE('',#10643,#10644);
#10643 = CARTESIAN_POINT('',(-0.205,-13.095,0.13));
#10644 = VECTOR('',#10645,1.);
#10645 = DIRECTION('',(1.,0.,0.));
#10646 = PCURVE('',#10421,#10647);
#10647 = DEFINITIONAL_REPRESENTATION('',(#10648),#10652);
#10648 = LINE('',#10649,#10650);
#10649 = CARTESIAN_POINT('',(2.64,0.));
#10650 = VECTOR('',#10651,1.);
#10651 = DIRECTION('',(0.,1.));
#10652 = ( GEOMETRIC_REPRESENTATION_CONTEXT(2) 
PARAMETRIC_REPRESENTATION_CONTEXT() REPRESENTATION_CONTEXT('2D SPACE',''
  ) );
#10653 = PCURVE('',#10503,#10654);
#10654 = DEFINITIONAL_REPRESENTATION('',(#10655),#10659);
#10655 = LINE('',#10656,#10657);
#10656 = CARTESIAN_POINT('',(0.,0.));
#10657 = VECTOR('',#10658,1.);
#10658 = DIRECTION('',(1.,0.));
#10659 = ( GEOMETRIC_REPRESENTATION_CONTEXT(2) 
PARAMETRIC_REPRESENTATION_CONTEXT() REPRESENTATION_CONTEXT('2D SPACE',''
  ) );
#10660 = ORIENTED_EDGE('',*,*,#10518,.F.);
#10661 = ADVANCED_FACE('',(#10662),#10477,.T.);
#10662 = FACE_BOUND('',#10663,.T.);
#10663 = EDGE_LOOP('',(#10664,#10685,#10686,#10707));
#10664 = ORIENTED_EDGE('',*,*,#10665,.F.);
#10665 = EDGE_CURVE('',#10434,#10549,#10666,.T.);
#10666 = SURFACE_CURVE('',#10667,(#10671,#10678),.PCURVE_S1.);
#10667 = LINE('',#10668,#10669);
#10668 = CARTESIAN_POINT('',(-0.205,-12.305,-2.51));
#10669 = VECTOR('',#10670,1.);
#10670 = DIRECTION('',(1.,0.,0.));
#10671 = PCURVE('',#10477,#10672);
#10672 = DEFINITIONAL_REPRESENTATION('',(#10673),#10677);
#10673 = LINE('',#10674,#10675);
#10674 = CARTESIAN_POINT('',(0.,0.));
#10675 = VECTOR('',#10676,1.);
#10676 = DIRECTION('',(0.,1.));
#10677 = ( GEOMETRIC_REPRESENTATION_CONTEXT(2) 
PARAMETRIC_REPRESENTATION_CONTEXT() REPRESENTATION_CONTEXT('2D SPACE',''
  ) );
#10678 = PCURVE('',#10449,#10679);
#10679 = DEFINITIONAL_REPRESENTATION('',(#10680),#10684);
#10680 = LINE('',#10681,#10682);
#10681 = CARTESIAN_POINT('',(0.,0.79));
#10682 = VECTOR('',#10683,1.);
#10683 = DIRECTION('',(1.,0.));
#10684 = ( GEOMETRIC_REPRESENTATION_CONTEXT(2) 
PARAMETRIC_REPRESENTATION_CONTEXT() REPRESENTATION_CONTEXT('2D SPACE',''
  ) );
#10685 = ORIENTED_EDGE('',*,*,#10461,.T.);
#10686 = ORIENTED_EDGE('',*,*,#10687,.T.);
#10687 = EDGE_CURVE('',#10462,#10572,#10688,.T.);
#10688 = SURFACE_CURVE('',#10689,(#10693,#10700),.PCURVE_S1.);
#10689 = LINE('',#10690,#10691);
#10690 = CARTESIAN_POINT('',(-0.205,-12.305,0.13));
#10691 = VECTOR('',#10692,1.);
#10692 = DIRECTION('',(1.,0.,0.));
#10693 = PCURVE('',#10477,#10694);
#10694 = DEFINITIONAL_REPRESENTATION('',(#10695),#10699);
#10695 = LINE('',#10696,#10697);
#10696 = CARTESIAN_POINT('',(2.64,0.));
#10697 = VECTOR('',#10698,1.);
#10698 = DIRECTION('',(0.,1.));
#10699 = ( GEOMETRIC_REPRESENTATION_CONTEXT(2) 
PARAMETRIC_REPRESENTATION_CONTEXT() REPRESENTATION_CONTEXT('2D SPACE',''
  ) );
#10700 = PCURVE('',#10503,#10701);
#10701 = DEFINITIONAL_REPRESENTATION('',(#10702),#10706);
#10702 = LINE('',#10703,#10704);
#10703 = CARTESIAN_POINT('',(0.,0.79));
#10704 = VECTOR('',#10705,1.);
#10705 = DIRECTION('',(1.,0.));
#10706 = ( GEOMETRIC_REPRESENTATION_CONTEXT(2) 
PARAMETRIC_REPRESENTATION_CONTEXT() REPRESENTATION_CONTEXT('2D SPACE',''
  ) );
#10707 = ORIENTED_EDGE('',*,*,#10571,.F.);
#10708 = ADVANCED_FACE('',(#10709),#10449,.F.);
#10709 = FACE_BOUND('',#10710,.F.);
#10710 = EDGE_LOOP('',(#10711,#10712,#10713,#10714));
#10711 = ORIENTED_EDGE('',*,*,#10433,.F.);
#10712 = ORIENTED_EDGE('',*,*,#10618,.T.);
#10713 = ORIENTED_EDGE('',*,*,#10548,.T.);
#10714 = ORIENTED_EDGE('',*,*,#10665,.F.);
#10715 = ADVANCED_FACE('',(#10716),#10503,.T.);
#10716 = FACE_BOUND('',#10717,.T.);
#10717 = EDGE_LOOP('',(#10718,#10719,#10720,#10721));
#10718 = ORIENTED_EDGE('',*,*,#10489,.F.);
#10719 = ORIENTED_EDGE('',*,*,#10640,.T.);
#10720 = ORIENTED_EDGE('',*,*,#10594,.T.);
#10721 = ORIENTED_EDGE('',*,*,#10687,.F.);
#10722 = ( GEOMETRIC_REPRESENTATION_CONTEXT(3) 
GLOBAL_UNCERTAINTY_ASSIGNED_CONTEXT((#10726)) 
GLOBAL_UNIT_ASSIGNED_CONTEXT((#10723,#10724,#10725)) 
REPRESENTATION_CONTEXT('Context #1',
  '3D Context with UNIT and UNCERTAINTY') );
#10723 = ( LENGTH_UNIT() NAMED_UNIT(*) SI_UNIT(.MILLI.,.METRE.) );
#10724 = ( NAMED_UNIT(*) PLANE_ANGLE_UNIT() SI_UNIT($,.RADIAN.) );
#10725 = ( NAMED_UNIT(*) SI_UNIT($,.STERADIAN.) SOLID_ANGLE_UNIT() );
#10726 = UNCERTAINTY_MEASURE_WITH_UNIT(LENGTH_MEASURE(1.E-07),#10723,
  'distance_accuracy_value','confusion accuracy');
#10727 = CONTEXT_DEPENDENT_SHAPE_REPRESENTATION(#10728,#10730);
#10728 = ( REPRESENTATION_RELATIONSHIP('','',#10391,#10) 
REPRESENTATION_RELATIONSHIP_WITH_TRANSFORMATION(#10729) 
SHAPE_REPRESENTATION_RELATIONSHIP() );
#10729 = ITEM_DEFINED_TRANSFORMATION('','',#11,#59);
#10730 = PRODUCT_DEFINITION_SHAPE('Placement','Placement of an item',
  #10731);
#10731 = NEXT_ASSEMBLY_USAGE_OCCURRENCE('95','contact_11','',#5,#10386,$
  );
#10732 = PRODUCT_RELATED_PRODUCT_CATEGORY('part',$,(#10388));
#10733 = SHAPE_DEFINITION_REPRESENTATION(#10734,#10740);
#10734 = PRODUCT_DEFINITION_SHAPE('','',#10735);
#10735 = PRODUCT_DEFINITION('design','',#10736,#10739);
#10736 = PRODUCT_DEFINITION_FORMATION('','',#10737);
#10737 = PRODUCT('contact_12','contact_12','',(#10738));
#10738 = PRODUCT_CONTEXT('',#2,'mechanical');
#10739 = PRODUCT_DEFINITION_CONTEXT('part definition',#2,'design');
#10740 = ADVANCED_BREP_SHAPE_REPRESENTATION('',(#11,#10741),#11071);
#10741 = MANIFOLD_SOLID_BREP('',#10742);
#10742 = CLOSED_SHELL('',(#10743,#10863,#10963,#11010,#11057,#11064));
#10743 = ADVANCED_FACE('',(#10744),#10758,.F.);
#10744 = FACE_BOUND('',#10745,.F.);
#10745 = EDGE_LOOP('',(#10746,#10781,#10809,#10837));
#10746 = ORIENTED_EDGE('',*,*,#10747,.F.);
#10747 = EDGE_CURVE('',#10748,#10750,#10752,.T.);
#10748 = VERTEX_POINT('',#10749);
#10749 = CARTESIAN_POINT('',(2.335,-13.095,-2.51));
#10750 = VERTEX_POINT('',#10751);
#10751 = CARTESIAN_POINT('',(2.335,-13.095,0.13));
#10752 = SURFACE_CURVE('',#10753,(#10757,#10769),.PCURVE_S1.);
#10753 = LINE('',#10754,#10755);
#10754 = CARTESIAN_POINT('',(2.335,-13.095,-2.51));
#10755 = VECTOR('',#10756,1.);
#10756 = DIRECTION('',(0.,0.,1.));
#10757 = PCURVE('',#10758,#10763);
#10758 = PLANE('',#10759);
#10759 = AXIS2_PLACEMENT_3D('',#10760,#10761,#10762);
#10760 = CARTESIAN_POINT('',(2.335,-13.095,-2.51));
#10761 = DIRECTION('',(1.,0.,0.));
#10762 = DIRECTION('',(0.,0.,1.));
#10763 = DEFINITIONAL_REPRESENTATION('',(#10764),#10768);
#10764 = LINE('',#10765,#10766);
#10765 = CARTESIAN_POINT('',(0.,0.));
#10766 = VECTOR('',#10767,1.);
#10767 = DIRECTION('',(1.,0.));
#10768 = ( GEOMETRIC_REPRESENTATION_CONTEXT(2) 
PARAMETRIC_REPRESENTATION_CONTEXT() REPRESENTATION_CONTEXT('2D SPACE',''
  ) );
#10769 = PCURVE('',#10770,#10775);
#10770 = PLANE('',#10771);
#10771 = AXIS2_PLACEMENT_3D('',#10772,#10773,#10774);
#10772 = CARTESIAN_POINT('',(2.335,-13.095,-2.51));
#10773 = DIRECTION('',(0.,1.,0.));
#10774 = DIRECTION('',(0.,0.,1.));
#10775 = DEFINITIONAL_REPRESENTATION('',(#10776),#10780);
#10776 = LINE('',#10777,#10778);
#10777 = CARTESIAN_POINT('',(0.,0.));
#10778 = VECTOR('',#10779,1.);
#10779 = DIRECTION('',(1.,0.));
#10780 = ( GEOMETRIC_REPRESENTATION_CONTEXT(2) 
PARAMETRIC_REPRESENTATION_CONTEXT() REPRESENTATION_CONTEXT('2D SPACE',''
  ) );
#10781 = ORIENTED_EDGE('',*,*,#10782,.T.);
#10782 = EDGE_CURVE('',#10748,#10783,#10785,.T.);
#10783 = VERTEX_POINT('',#10784);
#10784 = CARTESIAN_POINT('',(2.335,-12.305,-2.51));
#10785 = SURFACE_CURVE('',#10786,(#10790,#10797),.PCURVE_S1.);
#10786 = LINE('',#10787,#10788);
#10787 = CARTESIAN_POINT('',(2.335,-13.095,-2.51));
#10788 = VECTOR('',#10789,1.);
#10789 = DIRECTION('',(0.,1.,0.));
#10790 = PCURVE('',#10758,#10791);
#10791 = DEFINITIONAL_REPRESENTATION('',(#10792),#10796);
#10792 = LINE('',#10793,#10794);
#10793 = CARTESIAN_POINT('',(0.,0.));
#10794 = VECTOR('',#10795,1.);
#10795 = DIRECTION('',(0.,-1.));
#10796 = ( GEOMETRIC_REPRESENTATION_CONTEXT(2) 
PARAMETRIC_REPRESENTATION_CONTEXT() REPRESENTATION_CONTEXT('2D SPACE',''
  ) );
#10797 = PCURVE('',#10798,#10803);
#10798 = PLANE('',#10799);
#10799 = AXIS2_PLACEMENT_3D('',#10800,#10801,#10802);
#10800 = CARTESIAN_POINT('',(2.335,-13.095,-2.51));
#10801 = DIRECTION('',(0.,0.,1.));
#10802 = DIRECTION('',(1.,0.,0.));
#10803 = DEFINITIONAL_REPRESENTATION('',(#10804),#10808);
#10804 = LINE('',#10805,#10806);
#10805 = CARTESIAN_POINT('',(0.,0.));
#10806 = VECTOR('',#10807,1.);
#10807 = DIRECTION('',(0.,1.));
#10808 = ( GEOMETRIC_REPRESENTATION_CONTEXT(2) 
PARAMETRIC_REPRESENTATION_CONTEXT() REPRESENTATION_CONTEXT('2D SPACE',''
  ) );
#10809 = ORIENTED_EDGE('',*,*,#10810,.T.);
#10810 = EDGE_CURVE('',#10783,#10811,#10813,.T.);
#10811 = VERTEX_POINT('',#10812);
#10812 = CARTESIAN_POINT('',(2.335,-12.305,0.13));
#10813 = SURFACE_CURVE('',#10814,(#10818,#10825),.PCURVE_S1.);
#10814 = LINE('',#10815,#10816);
#10815 = CARTESIAN_POINT('',(2.335,-12.305,-2.51));
#10816 = VECTOR('',#10817,1.);
#10817 = DIRECTION('',(0.,0.,1.));
#10818 = PCURVE('',#10758,#10819);
#10819 = DEFINITIONAL_REPRESENTATION('',(#10820),#10824);
#10820 = LINE('',#10821,#10822);
#10821 = CARTESIAN_POINT('',(0.,-0.79));
#10822 = VECTOR('',#10823,1.);
#10823 = DIRECTION('',(1.,0.));
#10824 = ( GEOMETRIC_REPRESENTATION_CONTEXT(2) 
PARAMETRIC_REPRESENTATION_CONTEXT() REPRESENTATION_CONTEXT('2D SPACE',''
  ) );
#10825 = PCURVE('',#10826,#10831);
#10826 = PLANE('',#10827);
#10827 = AXIS2_PLACEMENT_3D('',#10828,#10829,#10830);
#10828 = CARTESIAN_POINT('',(2.335,-12.305,-2.51));
#10829 = DIRECTION('',(0.,1.,0.));
#10830 = DIRECTION('',(0.,0.,1.));
#10831 = DEFINITIONAL_REPRESENTATION('',(#10832),#10836);
#10832 = LINE('',#10833,#10834);
#10833 = CARTESIAN_POINT('',(0.,0.));
#10834 = VECTOR('',#10835,1.);
#10835 = DIRECTION('',(1.,0.));
#10836 = ( GEOMETRIC_REPRESENTATION_CONTEXT(2) 
PARAMETRIC_REPRESENTATION_CONTEXT() REPRESENTATION_CONTEXT('2D SPACE',''
  ) );
#10837 = ORIENTED_EDGE('',*,*,#10838,.F.);
#10838 = EDGE_CURVE('',#10750,#10811,#10839,.T.);
#10839 = SURFACE_CURVE('',#10840,(#10844,#10851),.PCURVE_S1.);
#10840 = LINE('',#10841,#10842);
#10841 = CARTESIAN_POINT('',(2.335,-13.095,0.13));
#10842 = VECTOR('',#10843,1.);
#10843 = DIRECTION('',(0.,1.,0.));
#10844 = PCURVE('',#10758,#10845);
#10845 = DEFINITIONAL_REPRESENTATION('',(#10846),#10850);
#10846 = LINE('',#10847,#10848);
#10847 = CARTESIAN_POINT('',(2.64,0.));
#10848 = VECTOR('',#10849,1.);
#10849 = DIRECTION('',(0.,-1.));
#10850 = ( GEOMETRIC_REPRESENTATION_CONTEXT(2) 
PARAMETRIC_REPRESENTATION_CONTEXT() REPRESENTATION_CONTEXT('2D SPACE',''
  ) );
#10851 = PCURVE('',#10852,#10857);
#10852 = PLANE('',#10853);
#10853 = AXIS2_PLACEMENT_3D('',#10854,#10855,#10856);
#10854 = CARTESIAN_POINT('',(2.335,-13.095,0.13));
#10855 = DIRECTION('',(0.,0.,1.));
#10856 = DIRECTION('',(1.,0.,0.));
#10857 = DEFINITIONAL_REPRESENTATION('',(#10858),#10862);
#10858 = LINE('',#10859,#10860);
#10859 = CARTESIAN_POINT('',(0.,0.));
#10860 = VECTOR('',#10861,1.);
#10861 = DIRECTION('',(0.,1.));
#10862 = ( GEOMETRIC_REPRESENTATION_CONTEXT(2) 
PARAMETRIC_REPRESENTATION_CONTEXT() REPRESENTATION_CONTEXT('2D SPACE',''
  ) );
#10863 = ADVANCED_FACE('',(#10864),#10878,.T.);
#10864 = FACE_BOUND('',#10865,.T.);
#10865 = EDGE_LOOP('',(#10866,#10896,#10919,#10942));
#10866 = ORIENTED_EDGE('',*,*,#10867,.F.);
#10867 = EDGE_CURVE('',#10868,#10870,#10872,.T.);
#10868 = VERTEX_POINT('',#10869);
#10869 = CARTESIAN_POINT('',(2.745,-13.095,-2.51));
#10870 = VERTEX_POINT('',#10871);
#10871 = CARTESIAN_POINT('',(2.745,-13.095,0.13));
#10872 = SURFACE_CURVE('',#10873,(#10877,#10889),.PCURVE_S1.);
#10873 = LINE('',#10874,#10875);
#10874 = CARTESIAN_POINT('',(2.745,-13.095,-2.51));
#10875 = VECTOR('',#10876,1.);
#10876 = DIRECTION('',(0.,0.,1.));
#10877 = PCURVE('',#10878,#10883);
#10878 = PLANE('',#10879);
#10879 = AXIS2_PLACEMENT_3D('',#10880,#10881,#10882);
#10880 = CARTESIAN_POINT('',(2.745,-13.095,-2.51));
#10881 = DIRECTION('',(1.,0.,0.));
#10882 = DIRECTION('',(0.,0.,1.));
#10883 = DEFINITIONAL_REPRESENTATION('',(#10884),#10888);
#10884 = LINE('',#10885,#10886);
#10885 = CARTESIAN_POINT('',(0.,0.));
#10886 = VECTOR('',#10887,1.);
#10887 = DIRECTION('',(1.,0.));
#10888 = ( GEOMETRIC_REPRESENTATION_CONTEXT(2) 
PARAMETRIC_REPRESENTATION_CONTEXT() REPRESENTATION_CONTEXT('2D SPACE',''
  ) );
#10889 = PCURVE('',#10770,#10890);
#10890 = DEFINITIONAL_REPRESENTATION('',(#10891),#10895);
#10891 = LINE('',#10892,#10893);
#10892 = CARTESIAN_POINT('',(0.,0.41));
#10893 = VECTOR('',#10894,1.);
#10894 = DIRECTION('',(1.,0.));
#10895 = ( GEOMETRIC_REPRESENTATION_CONTEXT(2) 
PARAMETRIC_REPRESENTATION_CONTEXT() REPRESENTATION_CONTEXT('2D SPACE',''
  ) );
#10896 = ORIENTED_EDGE('',*,*,#10897,.T.);
#10897 = EDGE_CURVE('',#10868,#10898,#10900,.T.);
#10898 = VERTEX_POINT('',#10899);
#10899 = CARTESIAN_POINT('',(2.745,-12.305,-2.51));
#10900 = SURFACE_CURVE('',#10901,(#10905,#10912),.PCURVE_S1.);
#10901 = LINE('',#10902,#10903);
#10902 = CARTESIAN_POINT('',(2.745,-13.095,-2.51));
#10903 = VECTOR('',#10904,1.);
#10904 = DIRECTION('',(0.,1.,0.));
#10905 = PCURVE('',#10878,#10906);
#10906 = DEFINITIONAL_REPRESENTATION('',(#10907),#10911);
#10907 = LINE('',#10908,#10909);
#10908 = CARTESIAN_POINT('',(0.,0.));
#10909 = VECTOR('',#10910,1.);
#10910 = DIRECTION('',(0.,-1.));
#10911 = ( GEOMETRIC_REPRESENTATION_CONTEXT(2) 
PARAMETRIC_REPRESENTATION_CONTEXT() REPRESENTATION_CONTEXT('2D SPACE',''
  ) );
#10912 = PCURVE('',#10798,#10913);
#10913 = DEFINITIONAL_REPRESENTATION('',(#10914),#10918);
#10914 = LINE('',#10915,#10916);
#10915 = CARTESIAN_POINT('',(0.41,0.));
#10916 = VECTOR('',#10917,1.);
#10917 = DIRECTION('',(0.,1.));
#10918 = ( GEOMETRIC_REPRESENTATION_CONTEXT(2) 
PARAMETRIC_REPRESENTATION_CONTEXT() REPRESENTATION_CONTEXT('2D SPACE',''
  ) );
#10919 = ORIENTED_EDGE('',*,*,#10920,.T.);
#10920 = EDGE_CURVE('',#10898,#10921,#10923,.T.);
#10921 = VERTEX_POINT('',#10922);
#10922 = CARTESIAN_POINT('',(2.745,-12.305,0.13));
#10923 = SURFACE_CURVE('',#10924,(#10928,#10935),.PCURVE_S1.);
#10924 = LINE('',#10925,#10926);
#10925 = CARTESIAN_POINT('',(2.745,-12.305,-2.51));
#10926 = VECTOR('',#10927,1.);
#10927 = DIRECTION('',(0.,0.,1.));
#10928 = PCURVE('',#10878,#10929);
#10929 = DEFINITIONAL_REPRESENTATION('',(#10930),#10934);
#10930 = LINE('',#10931,#10932);
#10931 = CARTESIAN_POINT('',(0.,-0.79));
#10932 = VECTOR('',#10933,1.);
#10933 = DIRECTION('',(1.,0.));
#10934 = ( GEOMETRIC_REPRESENTATION_CONTEXT(2) 
PARAMETRIC_REPRESENTATION_CONTEXT() REPRESENTATION_CONTEXT('2D SPACE',''
  ) );
#10935 = PCURVE('',#10826,#10936);
#10936 = DEFINITIONAL_REPRESENTATION('',(#10937),#10941);
#10937 = LINE('',#10938,#10939);
#10938 = CARTESIAN_POINT('',(0.,0.41));
#10939 = VECTOR('',#10940,1.);
#10940 = DIRECTION('',(1.,0.));
#10941 = ( GEOMETRIC_REPRESENTATION_CONTEXT(2) 
PARAMETRIC_REPRESENTATION_CONTEXT() REPRESENTATION_CONTEXT('2D SPACE',''
  ) );
#10942 = ORIENTED_EDGE('',*,*,#10943,.F.);
#10943 = EDGE_CURVE('',#10870,#10921,#10944,.T.);
#10944 = SURFACE_CURVE('',#10945,(#10949,#10956),.PCURVE_S1.);
#10945 = LINE('',#10946,#10947);
#10946 = CARTESIAN_POINT('',(2.745,-13.095,0.13));
#10947 = VECTOR('',#10948,1.);
#10948 = DIRECTION('',(0.,1.,0.));
#10949 = PCURVE('',#10878,#10950);
#10950 = DEFINITIONAL_REPRESENTATION('',(#10951),#10955);
#10951 = LINE('',#10952,#10953);
#10952 = CARTESIAN_POINT('',(2.64,0.));
#10953 = VECTOR('',#10954,1.);
#10954 = DIRECTION('',(0.,-1.));
#10955 = ( GEOMETRIC_REPRESENTATION_CONTEXT(2) 
PARAMETRIC_REPRESENTATION_CONTEXT() REPRESENTATION_CONTEXT('2D SPACE',''
  ) );
#10956 = PCURVE('',#10852,#10957);
#10957 = DEFINITIONAL_REPRESENTATION('',(#10958),#10962);
#10958 = LINE('',#10959,#10960);
#10959 = CARTESIAN_POINT('',(0.41,0.));
#10960 = VECTOR('',#10961,1.);
#10961 = DIRECTION('',(0.,1.));
#10962 = ( GEOMETRIC_REPRESENTATION_CONTEXT(2) 
PARAMETRIC_REPRESENTATION_CONTEXT() REPRESENTATION_CONTEXT('2D SPACE',''
  ) );
#10963 = ADVANCED_FACE('',(#10964),#10770,.F.);
#10964 = FACE_BOUND('',#10965,.F.);
#10965 = EDGE_LOOP('',(#10966,#10987,#10988,#11009));
#10966 = ORIENTED_EDGE('',*,*,#10967,.F.);
#10967 = EDGE_CURVE('',#10748,#10868,#10968,.T.);
#10968 = SURFACE_CURVE('',#10969,(#10973,#10980),.PCURVE_S1.);
#10969 = LINE('',#10970,#10971);
#10970 = CARTESIAN_POINT('',(2.335,-13.095,-2.51));
#10971 = VECTOR('',#10972,1.);
#10972 = DIRECTION('',(1.,0.,0.));
#10973 = PCURVE('',#10770,#10974);
#10974 = DEFINITIONAL_REPRESENTATION('',(#10975),#10979);
#10975 = LINE('',#10976,#10977);
#10976 = CARTESIAN_POINT('',(0.,0.));
#10977 = VECTOR('',#10978,1.);
#10978 = DIRECTION('',(0.,1.));
#10979 = ( GEOMETRIC_REPRESENTATION_CONTEXT(2) 
PARAMETRIC_REPRESENTATION_CONTEXT() REPRESENTATION_CONTEXT('2D SPACE',''
  ) );
#10980 = PCURVE('',#10798,#10981);
#10981 = DEFINITIONAL_REPRESENTATION('',(#10982),#10986);
#10982 = LINE('',#10983,#10984);
#10983 = CARTESIAN_POINT('',(0.,0.));
#10984 = VECTOR('',#10985,1.);
#10985 = DIRECTION('',(1.,0.));
#10986 = ( GEOMETRIC_REPRESENTATION_CONTEXT(2) 
PARAMETRIC_REPRESENTATION_CONTEXT() REPRESENTATION_CONTEXT('2D SPACE',''
  ) );
#10987 = ORIENTED_EDGE('',*,*,#10747,.T.);
#10988 = ORIENTED_EDGE('',*,*,#10989,.T.);
#10989 = EDGE_CURVE('',#10750,#10870,#10990,.T.);
#10990 = SURFACE_CURVE('',#10991,(#10995,#11002),.PCURVE_S1.);
#10991 = LINE('',#10992,#10993);
#10992 = CARTESIAN_POINT('',(2.335,-13.095,0.13));
#10993 = VECTOR('',#10994,1.);
#10994 = DIRECTION('',(1.,0.,0.));
#10995 = PCURVE('',#10770,#10996);
#10996 = DEFINITIONAL_REPRESENTATION('',(#10997),#11001);
#10997 = LINE('',#10998,#10999);
#10998 = CARTESIAN_POINT('',(2.64,0.));
#10999 = VECTOR('',#11000,1.);
#11000 = DIRECTION('',(0.,1.));
#11001 = ( GEOMETRIC_REPRESENTATION_CONTEXT(2) 
PARAMETRIC_REPRESENTATION_CONTEXT() REPRESENTATION_CONTEXT('2D SPACE',''
  ) );
#11002 = PCURVE('',#10852,#11003);
#11003 = DEFINITIONAL_REPRESENTATION('',(#11004),#11008);
#11004 = LINE('',#11005,#11006);
#11005 = CARTESIAN_POINT('',(0.,0.));
#11006 = VECTOR('',#11007,1.);
#11007 = DIRECTION('',(1.,0.));
#11008 = ( GEOMETRIC_REPRESENTATION_CONTEXT(2) 
PARAMETRIC_REPRESENTATION_CONTEXT() REPRESENTATION_CONTEXT('2D SPACE',''
  ) );
#11009 = ORIENTED_EDGE('',*,*,#10867,.F.);
#11010 = ADVANCED_FACE('',(#11011),#10826,.T.);
#11011 = FACE_BOUND('',#11012,.T.);
#11012 = EDGE_LOOP('',(#11013,#11034,#11035,#11056));
#11013 = ORIENTED_EDGE('',*,*,#11014,.F.);
#11014 = EDGE_CURVE('',#10783,#10898,#11015,.T.);
#11015 = SURFACE_CURVE('',#11016,(#11020,#11027),.PCURVE_S1.);
#11016 = LINE('',#11017,#11018);
#11017 = CARTESIAN_POINT('',(2.335,-12.305,-2.51));
#11018 = VECTOR('',#11019,1.);
#11019 = DIRECTION('',(1.,0.,0.));
#11020 = PCURVE('',#10826,#11021);
#11021 = DEFINITIONAL_REPRESENTATION('',(#11022),#11026);
#11022 = LINE('',#11023,#11024);
#11023 = CARTESIAN_POINT('',(0.,0.));
#11024 = VECTOR('',#11025,1.);
#11025 = DIRECTION('',(0.,1.));
#11026 = ( GEOMETRIC_REPRESENTATION_CONTEXT(2) 
PARAMETRIC_REPRESENTATION_CONTEXT() REPRESENTATION_CONTEXT('2D SPACE',''
  ) );
#11027 = PCURVE('',#10798,#11028);
#11028 = DEFINITIONAL_REPRESENTATION('',(#11029),#11033);
#11029 = LINE('',#11030,#11031);
#11030 = CARTESIAN_POINT('',(0.,0.79));
#11031 = VECTOR('',#11032,1.);
#11032 = DIRECTION('',(1.,0.));
#11033 = ( GEOMETRIC_REPRESENTATION_CONTEXT(2) 
PARAMETRIC_REPRESENTATION_CONTEXT() REPRESENTATION_CONTEXT('2D SPACE',''
  ) );
#11034 = ORIENTED_EDGE('',*,*,#10810,.T.);
#11035 = ORIENTED_EDGE('',*,*,#11036,.T.);
#11036 = EDGE_CURVE('',#10811,#10921,#11037,.T.);
#11037 = SURFACE_CURVE('',#11038,(#11042,#11049),.PCURVE_S1.);
#11038 = LINE('',#11039,#11040);
#11039 = CARTESIAN_POINT('',(2.335,-12.305,0.13));
#11040 = VECTOR('',#11041,1.);
#11041 = DIRECTION('',(1.,0.,0.));
#11042 = PCURVE('',#10826,#11043);
#11043 = DEFINITIONAL_REPRESENTATION('',(#11044),#11048);
#11044 = LINE('',#11045,#11046);
#11045 = CARTESIAN_POINT('',(2.64,0.));
#11046 = VECTOR('',#11047,1.);
#11047 = DIRECTION('',(0.,1.));
#11048 = ( GEOMETRIC_REPRESENTATION_CONTEXT(2) 
PARAMETRIC_REPRESENTATION_CONTEXT() REPRESENTATION_CONTEXT('2D SPACE',''
  ) );
#11049 = PCURVE('',#10852,#11050);
#11050 = DEFINITIONAL_REPRESENTATION('',(#11051),#11055);
#11051 = LINE('',#11052,#11053);
#11052 = CARTESIAN_POINT('',(0.,0.79));
#11053 = VECTOR('',#11054,1.);
#11054 = DIRECTION('',(1.,0.));
#11055 = ( GEOMETRIC_REPRESENTATION_CONTEXT(2) 
PARAMETRIC_REPRESENTATION_CONTEXT() REPRESENTATION_CONTEXT('2D SPACE',''
  ) );
#11056 = ORIENTED_EDGE('',*,*,#10920,.F.);
#11057 = ADVANCED_FACE('',(#11058),#10798,.F.);
#11058 = FACE_BOUND('',#11059,.F.);
#11059 = EDGE_LOOP('',(#11060,#11061,#11062,#11063));
#11060 = ORIENTED_EDGE('',*,*,#10782,.F.);
#11061 = ORIENTED_EDGE('',*,*,#10967,.T.);
#11062 = ORIENTED_EDGE('',*,*,#10897,.T.);
#11063 = ORIENTED_EDGE('',*,*,#11014,.F.);
#11064 = ADVANCED_FACE('',(#11065),#10852,.T.);
#11065 = FACE_BOUND('',#11066,.T.);
#11066 = EDGE_LOOP('',(#11067,#11068,#11069,#11070));
#11067 = ORIENTED_EDGE('',*,*,#10838,.F.);
#11068 = ORIENTED_EDGE('',*,*,#10989,.T.);
#11069 = ORIENTED_EDGE('',*,*,#10943,.T.);
#11070 = ORIENTED_EDGE('',*,*,#11036,.F.);
#11071 = ( GEOMETRIC_REPRESENTATION_CONTEXT(3) 
GLOBAL_UNCERTAINTY_ASSIGNED_CONTEXT((#11075)) 
GLOBAL_UNIT_ASSIGNED_CONTEXT((#11072,#11073,#11074)) 
REPRESENTATION_CONTEXT('Context #1',
  '3D Context with UNIT and UNCERTAINTY') );
#11072 = ( LENGTH_UNIT() NAMED_UNIT(*) SI_UNIT(.MILLI.,.METRE.) );
#11073 = ( NAMED_UNIT(*) PLANE_ANGLE_UNIT() SI_UNIT($,.RADIAN.) );
#11074 = ( NAMED_UNIT(*) SI_UNIT($,.STERADIAN.) SOLID_ANGLE_UNIT() );
#11075 = UNCERTAINTY_MEASURE_WITH_UNIT(LENGTH_MEASURE(1.E-07),#11072,
  'distance_accuracy_value','confusion accuracy');
#11076 = CONTEXT_DEPENDENT_SHAPE_REPRESENTATION(#11077,#11079);
#11077 = ( REPRESENTATION_RELATIONSHIP('','',#10740,#10) 
REPRESENTATION_RELATIONSHIP_WITH_TRANSFORMATION(#11078) 
SHAPE_REPRESENTATION_RELATIONSHIP() );
#11078 = ITEM_DEFINED_TRANSFORMATION('','',#11,#63);
#11079 = PRODUCT_DEFINITION_SHAPE('Placement','Placement of an item',
  #11080);
#11080 = NEXT_ASSEMBLY_USAGE_OCCURRENCE('96','contact_12','',#5,#10735,$
  );
#11081 = PRODUCT_RELATED_PRODUCT_CATEGORY('part',$,(#10737));
#11082 = SHAPE_DEFINITION_REPRESENTATION(#11083,#11089);
#11083 = PRODUCT_DEFINITION_SHAPE('','',#11084);
#11084 = PRODUCT_DEFINITION('design','',#11085,#11088);
#11085 = PRODUCT_DEFINITION_FORMATION('','',#11086);
#11086 = PRODUCT('contact_13','contact_13','',(#11087));
#11087 = PRODUCT_CONTEXT('',#2,'mechanical');
#11088 = PRODUCT_DEFINITION_CONTEXT('part definition',#2,'design');
#11089 = ADVANCED_BREP_SHAPE_REPRESENTATION('',(#11,#11090),#11420);
#11090 = MANIFOLD_SOLID_BREP('',#11091);
#11091 = CLOSED_SHELL('',(#11092,#11212,#11312,#11359,#11406,#11413));
#11092 = ADVANCED_FACE('',(#11093),#11107,.F.);
#11093 = FACE_BOUND('',#11094,.F.);
#11094 = EDGE_LOOP('',(#11095,#11130,#11158,#11186));
#11095 = ORIENTED_EDGE('',*,*,#11096,.F.);
#11096 = EDGE_CURVE('',#11097,#11099,#11101,.T.);
#11097 = VERTEX_POINT('',#11098);
#11098 = CARTESIAN_POINT('',(-0.205,-15.635,-2.51));
#11099 = VERTEX_POINT('',#11100);
#11100 = CARTESIAN_POINT('',(-0.205,-15.635,0.13));
#11101 = SURFACE_CURVE('',#11102,(#11106,#11118),.PCURVE_S1.);
#11102 = LINE('',#11103,#11104);
#11103 = CARTESIAN_POINT('',(-0.205,-15.635,-2.51));
#11104 = VECTOR('',#11105,1.);
#11105 = DIRECTION('',(0.,0.,1.));
#11106 = PCURVE('',#11107,#11112);
#11107 = PLANE('',#11108);
#11108 = AXIS2_PLACEMENT_3D('',#11109,#11110,#11111);
#11109 = CARTESIAN_POINT('',(-0.205,-15.635,-2.51));
#11110 = DIRECTION('',(1.,0.,0.));
#11111 = DIRECTION('',(0.,0.,1.));
#11112 = DEFINITIONAL_REPRESENTATION('',(#11113),#11117);
#11113 = LINE('',#11114,#11115);
#11114 = CARTESIAN_POINT('',(0.,0.));
#11115 = VECTOR('',#11116,1.);
#11116 = DIRECTION('',(1.,0.));
#11117 = ( GEOMETRIC_REPRESENTATION_CONTEXT(2) 
PARAMETRIC_REPRESENTATION_CONTEXT() REPRESENTATION_CONTEXT('2D SPACE',''
  ) );
#11118 = PCURVE('',#11119,#11124);
#11119 = PLANE('',#11120);
#11120 = AXIS2_PLACEMENT_3D('',#11121,#11122,#11123);
#11121 = CARTESIAN_POINT('',(-0.205,-15.635,-2.51));
#11122 = DIRECTION('',(0.,1.,0.));
#11123 = DIRECTION('',(0.,0.,1.));
#11124 = DEFINITIONAL_REPRESENTATION('',(#11125),#11129);
#11125 = LINE('',#11126,#11127);
#11126 = CARTESIAN_POINT('',(0.,0.));
#11127 = VECTOR('',#11128,1.);
#11128 = DIRECTION('',(1.,0.));
#11129 = ( GEOMETRIC_REPRESENTATION_CONTEXT(2) 
PARAMETRIC_REPRESENTATION_CONTEXT() REPRESENTATION_CONTEXT('2D SPACE',''
  ) );
#11130 = ORIENTED_EDGE('',*,*,#11131,.T.);
#11131 = EDGE_CURVE('',#11097,#11132,#11134,.T.);
#11132 = VERTEX_POINT('',#11133);
#11133 = CARTESIAN_POINT('',(-0.205,-14.845,-2.51));
#11134 = SURFACE_CURVE('',#11135,(#11139,#11146),.PCURVE_S1.);
#11135 = LINE('',#11136,#11137);
#11136 = CARTESIAN_POINT('',(-0.205,-15.635,-2.51));
#11137 = VECTOR('',#11138,1.);
#11138 = DIRECTION('',(0.,1.,0.));
#11139 = PCURVE('',#11107,#11140);
#11140 = DEFINITIONAL_REPRESENTATION('',(#11141),#11145);
#11141 = LINE('',#11142,#11143);
#11142 = CARTESIAN_POINT('',(0.,0.));
#11143 = VECTOR('',#11144,1.);
#11144 = DIRECTION('',(0.,-1.));
#11145 = ( GEOMETRIC_REPRESENTATION_CONTEXT(2) 
PARAMETRIC_REPRESENTATION_CONTEXT() REPRESENTATION_CONTEXT('2D SPACE',''
  ) );
#11146 = PCURVE('',#11147,#11152);
#11147 = PLANE('',#11148);
#11148 = AXIS2_PLACEMENT_3D('',#11149,#11150,#11151);
#11149 = CARTESIAN_POINT('',(-0.205,-15.635,-2.51));
#11150 = DIRECTION('',(0.,0.,1.));
#11151 = DIRECTION('',(1.,0.,0.));
#11152 = DEFINITIONAL_REPRESENTATION('',(#11153),#11157);
#11153 = LINE('',#11154,#11155);
#11154 = CARTESIAN_POINT('',(0.,0.));
#11155 = VECTOR('',#11156,1.);
#11156 = DIRECTION('',(0.,1.));
#11157 = ( GEOMETRIC_REPRESENTATION_CONTEXT(2) 
PARAMETRIC_REPRESENTATION_CONTEXT() REPRESENTATION_CONTEXT('2D SPACE',''
  ) );
#11158 = ORIENTED_EDGE('',*,*,#11159,.T.);
#11159 = EDGE_CURVE('',#11132,#11160,#11162,.T.);
#11160 = VERTEX_POINT('',#11161);
#11161 = CARTESIAN_POINT('',(-0.205,-14.845,0.13));
#11162 = SURFACE_CURVE('',#11163,(#11167,#11174),.PCURVE_S1.);
#11163 = LINE('',#11164,#11165);
#11164 = CARTESIAN_POINT('',(-0.205,-14.845,-2.51));
#11165 = VECTOR('',#11166,1.);
#11166 = DIRECTION('',(0.,0.,1.));
#11167 = PCURVE('',#11107,#11168);
#11168 = DEFINITIONAL_REPRESENTATION('',(#11169),#11173);
#11169 = LINE('',#11170,#11171);
#11170 = CARTESIAN_POINT('',(0.,-0.79));
#11171 = VECTOR('',#11172,1.);
#11172 = DIRECTION('',(1.,0.));
#11173 = ( GEOMETRIC_REPRESENTATION_CONTEXT(2) 
PARAMETRIC_REPRESENTATION_CONTEXT() REPRESENTATION_CONTEXT('2D SPACE',''
  ) );
#11174 = PCURVE('',#11175,#11180);
#11175 = PLANE('',#11176);
#11176 = AXIS2_PLACEMENT_3D('',#11177,#11178,#11179);
#11177 = CARTESIAN_POINT('',(-0.205,-14.845,-2.51));
#11178 = DIRECTION('',(0.,1.,0.));
#11179 = DIRECTION('',(0.,0.,1.));
#11180 = DEFINITIONAL_REPRESENTATION('',(#11181),#11185);
#11181 = LINE('',#11182,#11183);
#11182 = CARTESIAN_POINT('',(0.,0.));
#11183 = VECTOR('',#11184,1.);
#11184 = DIRECTION('',(1.,0.));
#11185 = ( GEOMETRIC_REPRESENTATION_CONTEXT(2) 
PARAMETRIC_REPRESENTATION_CONTEXT() REPRESENTATION_CONTEXT('2D SPACE',''
  ) );
#11186 = ORIENTED_EDGE('',*,*,#11187,.F.);
#11187 = EDGE_CURVE('',#11099,#11160,#11188,.T.);
#11188 = SURFACE_CURVE('',#11189,(#11193,#11200),.PCURVE_S1.);
#11189 = LINE('',#11190,#11191);
#11190 = CARTESIAN_POINT('',(-0.205,-15.635,0.13));
#11191 = VECTOR('',#11192,1.);
#11192 = DIRECTION('',(0.,1.,0.));
#11193 = PCURVE('',#11107,#11194);
#11194 = DEFINITIONAL_REPRESENTATION('',(#11195),#11199);
#11195 = LINE('',#11196,#11197);
#11196 = CARTESIAN_POINT('',(2.64,0.));
#11197 = VECTOR('',#11198,1.);
#11198 = DIRECTION('',(0.,-1.));
#11199 = ( GEOMETRIC_REPRESENTATION_CONTEXT(2) 
PARAMETRIC_REPRESENTATION_CONTEXT() REPRESENTATION_CONTEXT('2D SPACE',''
  ) );
#11200 = PCURVE('',#11201,#11206);
#11201 = PLANE('',#11202);
#11202 = AXIS2_PLACEMENT_3D('',#11203,#11204,#11205);
#11203 = CARTESIAN_POINT('',(-0.205,-15.635,0.13));
#11204 = DIRECTION('',(0.,0.,1.));
#11205 = DIRECTION('',(1.,0.,0.));
#11206 = DEFINITIONAL_REPRESENTATION('',(#11207),#11211);
#11207 = LINE('',#11208,#11209);
#11208 = CARTESIAN_POINT('',(0.,0.));
#11209 = VECTOR('',#11210,1.);
#11210 = DIRECTION('',(0.,1.));
#11211 = ( GEOMETRIC_REPRESENTATION_CONTEXT(2) 
PARAMETRIC_REPRESENTATION_CONTEXT() REPRESENTATION_CONTEXT('2D SPACE',''
  ) );
#11212 = ADVANCED_FACE('',(#11213),#11227,.T.);
#11213 = FACE_BOUND('',#11214,.T.);
#11214 = EDGE_LOOP('',(#11215,#11245,#11268,#11291));
#11215 = ORIENTED_EDGE('',*,*,#11216,.F.);
#11216 = EDGE_CURVE('',#11217,#11219,#11221,.T.);
#11217 = VERTEX_POINT('',#11218);
#11218 = CARTESIAN_POINT('',(0.205,-15.635,-2.51));
#11219 = VERTEX_POINT('',#11220);
#11220 = CARTESIAN_POINT('',(0.205,-15.635,0.13));
#11221 = SURFACE_CURVE('',#11222,(#11226,#11238),.PCURVE_S1.);
#11222 = LINE('',#11223,#11224);
#11223 = CARTESIAN_POINT('',(0.205,-15.635,-2.51));
#11224 = VECTOR('',#11225,1.);
#11225 = DIRECTION('',(0.,0.,1.));
#11226 = PCURVE('',#11227,#11232);
#11227 = PLANE('',#11228);
#11228 = AXIS2_PLACEMENT_3D('',#11229,#11230,#11231);
#11229 = CARTESIAN_POINT('',(0.205,-15.635,-2.51));
#11230 = DIRECTION('',(1.,0.,0.));
#11231 = DIRECTION('',(0.,0.,1.));
#11232 = DEFINITIONAL_REPRESENTATION('',(#11233),#11237);
#11233 = LINE('',#11234,#11235);
#11234 = CARTESIAN_POINT('',(0.,0.));
#11235 = VECTOR('',#11236,1.);
#11236 = DIRECTION('',(1.,0.));
#11237 = ( GEOMETRIC_REPRESENTATION_CONTEXT(2) 
PARAMETRIC_REPRESENTATION_CONTEXT() REPRESENTATION_CONTEXT('2D SPACE',''
  ) );
#11238 = PCURVE('',#11119,#11239);
#11239 = DEFINITIONAL_REPRESENTATION('',(#11240),#11244);
#11240 = LINE('',#11241,#11242);
#11241 = CARTESIAN_POINT('',(0.,0.41));
#11242 = VECTOR('',#11243,1.);
#11243 = DIRECTION('',(1.,0.));
#11244 = ( GEOMETRIC_REPRESENTATION_CONTEXT(2) 
PARAMETRIC_REPRESENTATION_CONTEXT() REPRESENTATION_CONTEXT('2D SPACE',''
  ) );
#11245 = ORIENTED_EDGE('',*,*,#11246,.T.);
#11246 = EDGE_CURVE('',#11217,#11247,#11249,.T.);
#11247 = VERTEX_POINT('',#11248);
#11248 = CARTESIAN_POINT('',(0.205,-14.845,-2.51));
#11249 = SURFACE_CURVE('',#11250,(#11254,#11261),.PCURVE_S1.);
#11250 = LINE('',#11251,#11252);
#11251 = CARTESIAN_POINT('',(0.205,-15.635,-2.51));
#11252 = VECTOR('',#11253,1.);
#11253 = DIRECTION('',(0.,1.,0.));
#11254 = PCURVE('',#11227,#11255);
#11255 = DEFINITIONAL_REPRESENTATION('',(#11256),#11260);
#11256 = LINE('',#11257,#11258);
#11257 = CARTESIAN_POINT('',(0.,0.));
#11258 = VECTOR('',#11259,1.);
#11259 = DIRECTION('',(0.,-1.));
#11260 = ( GEOMETRIC_REPRESENTATION_CONTEXT(2) 
PARAMETRIC_REPRESENTATION_CONTEXT() REPRESENTATION_CONTEXT('2D SPACE',''
  ) );
#11261 = PCURVE('',#11147,#11262);
#11262 = DEFINITIONAL_REPRESENTATION('',(#11263),#11267);
#11263 = LINE('',#11264,#11265);
#11264 = CARTESIAN_POINT('',(0.41,0.));
#11265 = VECTOR('',#11266,1.);
#11266 = DIRECTION('',(0.,1.));
#11267 = ( GEOMETRIC_REPRESENTATION_CONTEXT(2) 
PARAMETRIC_REPRESENTATION_CONTEXT() REPRESENTATION_CONTEXT('2D SPACE',''
  ) );
#11268 = ORIENTED_EDGE('',*,*,#11269,.T.);
#11269 = EDGE_CURVE('',#11247,#11270,#11272,.T.);
#11270 = VERTEX_POINT('',#11271);
#11271 = CARTESIAN_POINT('',(0.205,-14.845,0.13));
#11272 = SURFACE_CURVE('',#11273,(#11277,#11284),.PCURVE_S1.);
#11273 = LINE('',#11274,#11275);
#11274 = CARTESIAN_POINT('',(0.205,-14.845,-2.51));
#11275 = VECTOR('',#11276,1.);
#11276 = DIRECTION('',(0.,0.,1.));
#11277 = PCURVE('',#11227,#11278);
#11278 = DEFINITIONAL_REPRESENTATION('',(#11279),#11283);
#11279 = LINE('',#11280,#11281);
#11280 = CARTESIAN_POINT('',(0.,-0.79));
#11281 = VECTOR('',#11282,1.);
#11282 = DIRECTION('',(1.,0.));
#11283 = ( GEOMETRIC_REPRESENTATION_CONTEXT(2) 
PARAMETRIC_REPRESENTATION_CONTEXT() REPRESENTATION_CONTEXT('2D SPACE',''
  ) );
#11284 = PCURVE('',#11175,#11285);
#11285 = DEFINITIONAL_REPRESENTATION('',(#11286),#11290);
#11286 = LINE('',#11287,#11288);
#11287 = CARTESIAN_POINT('',(0.,0.41));
#11288 = VECTOR('',#11289,1.);
#11289 = DIRECTION('',(1.,0.));
#11290 = ( GEOMETRIC_REPRESENTATION_CONTEXT(2) 
PARAMETRIC_REPRESENTATION_CONTEXT() REPRESENTATION_CONTEXT('2D SPACE',''
  ) );
#11291 = ORIENTED_EDGE('',*,*,#11292,.F.);
#11292 = EDGE_CURVE('',#11219,#11270,#11293,.T.);
#11293 = SURFACE_CURVE('',#11294,(#11298,#11305),.PCURVE_S1.);
#11294 = LINE('',#11295,#11296);
#11295 = CARTESIAN_POINT('',(0.205,-15.635,0.13));
#11296 = VECTOR('',#11297,1.);
#11297 = DIRECTION('',(0.,1.,0.));
#11298 = PCURVE('',#11227,#11299);
#11299 = DEFINITIONAL_REPRESENTATION('',(#11300),#11304);
#11300 = LINE('',#11301,#11302);
#11301 = CARTESIAN_POINT('',(2.64,0.));
#11302 = VECTOR('',#11303,1.);
#11303 = DIRECTION('',(0.,-1.));
#11304 = ( GEOMETRIC_REPRESENTATION_CONTEXT(2) 
PARAMETRIC_REPRESENTATION_CONTEXT() REPRESENTATION_CONTEXT('2D SPACE',''
  ) );
#11305 = PCURVE('',#11201,#11306);
#11306 = DEFINITIONAL_REPRESENTATION('',(#11307),#11311);
#11307 = LINE('',#11308,#11309);
#11308 = CARTESIAN_POINT('',(0.41,0.));
#11309 = VECTOR('',#11310,1.);
#11310 = DIRECTION('',(0.,1.));
#11311 = ( GEOMETRIC_REPRESENTATION_CONTEXT(2) 
PARAMETRIC_REPRESENTATION_CONTEXT() REPRESENTATION_CONTEXT('2D SPACE',''
  ) );
#11312 = ADVANCED_FACE('',(#11313),#11119,.F.);
#11313 = FACE_BOUND('',#11314,.F.);
#11314 = EDGE_LOOP('',(#11315,#11336,#11337,#11358));
#11315 = ORIENTED_EDGE('',*,*,#11316,.F.);
#11316 = EDGE_CURVE('',#11097,#11217,#11317,.T.);
#11317 = SURFACE_CURVE('',#11318,(#11322,#11329),.PCURVE_S1.);
#11318 = LINE('',#11319,#11320);
#11319 = CARTESIAN_POINT('',(-0.205,-15.635,-2.51));
#11320 = VECTOR('',#11321,1.);
#11321 = DIRECTION('',(1.,0.,0.));
#11322 = PCURVE('',#11119,#11323);
#11323 = DEFINITIONAL_REPRESENTATION('',(#11324),#11328);
#11324 = LINE('',#11325,#11326);
#11325 = CARTESIAN_POINT('',(0.,0.));
#11326 = VECTOR('',#11327,1.);
#11327 = DIRECTION('',(0.,1.));
#11328 = ( GEOMETRIC_REPRESENTATION_CONTEXT(2) 
PARAMETRIC_REPRESENTATION_CONTEXT() REPRESENTATION_CONTEXT('2D SPACE',''
  ) );
#11329 = PCURVE('',#11147,#11330);
#11330 = DEFINITIONAL_REPRESENTATION('',(#11331),#11335);
#11331 = LINE('',#11332,#11333);
#11332 = CARTESIAN_POINT('',(0.,0.));
#11333 = VECTOR('',#11334,1.);
#11334 = DIRECTION('',(1.,0.));
#11335 = ( GEOMETRIC_REPRESENTATION_CONTEXT(2) 
PARAMETRIC_REPRESENTATION_CONTEXT() REPRESENTATION_CONTEXT('2D SPACE',''
  ) );
#11336 = ORIENTED_EDGE('',*,*,#11096,.T.);
#11337 = ORIENTED_EDGE('',*,*,#11338,.T.);
#11338 = EDGE_CURVE('',#11099,#11219,#11339,.T.);
#11339 = SURFACE_CURVE('',#11340,(#11344,#11351),.PCURVE_S1.);
#11340 = LINE('',#11341,#11342);
#11341 = CARTESIAN_POINT('',(-0.205,-15.635,0.13));
#11342 = VECTOR('',#11343,1.);
#11343 = DIRECTION('',(1.,0.,0.));
#11344 = PCURVE('',#11119,#11345);
#11345 = DEFINITIONAL_REPRESENTATION('',(#11346),#11350);
#11346 = LINE('',#11347,#11348);
#11347 = CARTESIAN_POINT('',(2.64,0.));
#11348 = VECTOR('',#11349,1.);
#11349 = DIRECTION('',(0.,1.));
#11350 = ( GEOMETRIC_REPRESENTATION_CONTEXT(2) 
PARAMETRIC_REPRESENTATION_CONTEXT() REPRESENTATION_CONTEXT('2D SPACE',''
  ) );
#11351 = PCURVE('',#11201,#11352);
#11352 = DEFINITIONAL_REPRESENTATION('',(#11353),#11357);
#11353 = LINE('',#11354,#11355);
#11354 = CARTESIAN_POINT('',(0.,0.));
#11355 = VECTOR('',#11356,1.);
#11356 = DIRECTION('',(1.,0.));
#11357 = ( GEOMETRIC_REPRESENTATION_CONTEXT(2) 
PARAMETRIC_REPRESENTATION_CONTEXT() REPRESENTATION_CONTEXT('2D SPACE',''
  ) );
#11358 = ORIENTED_EDGE('',*,*,#11216,.F.);
#11359 = ADVANCED_FACE('',(#11360),#11175,.T.);
#11360 = FACE_BOUND('',#11361,.T.);
#11361 = EDGE_LOOP('',(#11362,#11383,#11384,#11405));
#11362 = ORIENTED_EDGE('',*,*,#11363,.F.);
#11363 = EDGE_CURVE('',#11132,#11247,#11364,.T.);
#11364 = SURFACE_CURVE('',#11365,(#11369,#11376),.PCURVE_S1.);
#11365 = LINE('',#11366,#11367);
#11366 = CARTESIAN_POINT('',(-0.205,-14.845,-2.51));
#11367 = VECTOR('',#11368,1.);
#11368 = DIRECTION('',(1.,0.,0.));
#11369 = PCURVE('',#11175,#11370);
#11370 = DEFINITIONAL_REPRESENTATION('',(#11371),#11375);
#11371 = LINE('',#11372,#11373);
#11372 = CARTESIAN_POINT('',(0.,0.));
#11373 = VECTOR('',#11374,1.);
#11374 = DIRECTION('',(0.,1.));
#11375 = ( GEOMETRIC_REPRESENTATION_CONTEXT(2) 
PARAMETRIC_REPRESENTATION_CONTEXT() REPRESENTATION_CONTEXT('2D SPACE',''
  ) );
#11376 = PCURVE('',#11147,#11377);
#11377 = DEFINITIONAL_REPRESENTATION('',(#11378),#11382);
#11378 = LINE('',#11379,#11380);
#11379 = CARTESIAN_POINT('',(0.,0.79));
#11380 = VECTOR('',#11381,1.);
#11381 = DIRECTION('',(1.,0.));
#11382 = ( GEOMETRIC_REPRESENTATION_CONTEXT(2) 
PARAMETRIC_REPRESENTATION_CONTEXT() REPRESENTATION_CONTEXT('2D SPACE',''
  ) );
#11383 = ORIENTED_EDGE('',*,*,#11159,.T.);
#11384 = ORIENTED_EDGE('',*,*,#11385,.T.);
#11385 = EDGE_CURVE('',#11160,#11270,#11386,.T.);
#11386 = SURFACE_CURVE('',#11387,(#11391,#11398),.PCURVE_S1.);
#11387 = LINE('',#11388,#11389);
#11388 = CARTESIAN_POINT('',(-0.205,-14.845,0.13));
#11389 = VECTOR('',#11390,1.);
#11390 = DIRECTION('',(1.,0.,0.));
#11391 = PCURVE('',#11175,#11392);
#11392 = DEFINITIONAL_REPRESENTATION('',(#11393),#11397);
#11393 = LINE('',#11394,#11395);
#11394 = CARTESIAN_POINT('',(2.64,0.));
#11395 = VECTOR('',#11396,1.);
#11396 = DIRECTION('',(0.,1.));
#11397 = ( GEOMETRIC_REPRESENTATION_CONTEXT(2) 
PARAMETRIC_REPRESENTATION_CONTEXT() REPRESENTATION_CONTEXT('2D SPACE',''
  ) );
#11398 = PCURVE('',#11201,#11399);
#11399 = DEFINITIONAL_REPRESENTATION('',(#11400),#11404);
#11400 = LINE('',#11401,#11402);
#11401 = CARTESIAN_POINT('',(0.,0.79));
#11402 = VECTOR('',#11403,1.);
#11403 = DIRECTION('',(1.,0.));
#11404 = ( GEOMETRIC_REPRESENTATION_CONTEXT(2) 
PARAMETRIC_REPRESENTATION_CONTEXT() REPRESENTATION_CONTEXT('2D SPACE',''
  ) );
#11405 = ORIENTED_EDGE('',*,*,#11269,.F.);
#11406 = ADVANCED_FACE('',(#11407),#11147,.F.);
#11407 = FACE_BOUND('',#11408,.F.);
#11408 = EDGE_LOOP('',(#11409,#11410,#11411,#11412));
#11409 = ORIENTED_EDGE('',*,*,#11131,.F.);
#11410 = ORIENTED_EDGE('',*,*,#11316,.T.);
#11411 = ORIENTED_EDGE('',*,*,#11246,.T.);
#11412 = ORIENTED_EDGE('',*,*,#11363,.F.);
#11413 = ADVANCED_FACE('',(#11414),#11201,.T.);
#11414 = FACE_BOUND('',#11415,.T.);
#11415 = EDGE_LOOP('',(#11416,#11417,#11418,#11419));
#11416 = ORIENTED_EDGE('',*,*,#11187,.F.);
#11417 = ORIENTED_EDGE('',*,*,#11338,.T.);
#11418 = ORIENTED_EDGE('',*,*,#11292,.T.);
#11419 = ORIENTED_EDGE('',*,*,#11385,.F.);
#11420 = ( GEOMETRIC_REPRESENTATION_CONTEXT(3) 
GLOBAL_UNCERTAINTY_ASSIGNED_CONTEXT((#11424)) 
GLOBAL_UNIT_ASSIGNED_CONTEXT((#11421,#11422,#11423)) 
REPRESENTATION_CONTEXT('Context #1',
  '3D Context with UNIT and UNCERTAINTY') );
#11421 = ( LENGTH_UNIT() NAMED_UNIT(*) SI_UNIT(.MILLI.,.METRE.) );
#11422 = ( NAMED_UNIT(*) PLANE_ANGLE_UNIT() SI_UNIT($,.RADIAN.) );
#11423 = ( NAMED_UNIT(*) SI_UNIT($,.STERADIAN.) SOLID_ANGLE_UNIT() );
#11424 = UNCERTAINTY_MEASURE_WITH_UNIT(LENGTH_MEASURE(1.E-07),#11421,
  'distance_accuracy_value','confusion accuracy');
#11425 = CONTEXT_DEPENDENT_SHAPE_REPRESENTATION(#11426,#11428);
#11426 = ( REPRESENTATION_RELATIONSHIP('','',#11089,#10) 
REPRESENTATION_RELATIONSHIP_WITH_TRANSFORMATION(#11427) 
SHAPE_REPRESENTATION_RELATIONSHIP() );
#11427 = ITEM_DEFINED_TRANSFORMATION('','',#11,#67);
#11428 = PRODUCT_DEFINITION_SHAPE('Placement','Placement of an item',
  #11429);
#11429 = NEXT_ASSEMBLY_USAGE_OCCURRENCE('97','contact_13','',#5,#11084,$
  );
#11430 = PRODUCT_RELATED_PRODUCT_CATEGORY('part',$,(#11086));
#11431 = SHAPE_DEFINITION_REPRESENTATION(#11432,#11438);
#11432 = PRODUCT_DEFINITION_SHAPE('','',#11433);
#11433 = PRODUCT_DEFINITION('design','',#11434,#11437);
#11434 = PRODUCT_DEFINITION_FORMATION('','',#11435);
#11435 = PRODUCT('contact_14','contact_14','',(#11436));
#11436 = PRODUCT_CONTEXT('',#2,'mechanical');
#11437 = PRODUCT_DEFINITION_CONTEXT('part definition',#2,'design');
#11438 = ADVANCED_BREP_SHAPE_REPRESENTATION('',(#11,#11439),#11769);
#11439 = MANIFOLD_SOLID_BREP('',#11440);
#11440 = CLOSED_SHELL('',(#11441,#11561,#11661,#11708,#11755,#11762));
#11441 = ADVANCED_FACE('',(#11442),#11456,.F.);
#11442 = FACE_BOUND('',#11443,.F.);
#11443 = EDGE_LOOP('',(#11444,#11479,#11507,#11535));
#11444 = ORIENTED_EDGE('',*,*,#11445,.F.);
#11445 = EDGE_CURVE('',#11446,#11448,#11450,.T.);
#11446 = VERTEX_POINT('',#11447);
#11447 = CARTESIAN_POINT('',(2.335,-15.635,-2.51));
#11448 = VERTEX_POINT('',#11449);
#11449 = CARTESIAN_POINT('',(2.335,-15.635,0.13));
#11450 = SURFACE_CURVE('',#11451,(#11455,#11467),.PCURVE_S1.);
#11451 = LINE('',#11452,#11453);
#11452 = CARTESIAN_POINT('',(2.335,-15.635,-2.51));
#11453 = VECTOR('',#11454,1.);
#11454 = DIRECTION('',(0.,0.,1.));
#11455 = PCURVE('',#11456,#11461);
#11456 = PLANE('',#11457);
#11457 = AXIS2_PLACEMENT_3D('',#11458,#11459,#11460);
#11458 = CARTESIAN_POINT('',(2.335,-15.635,-2.51));
#11459 = DIRECTION('',(1.,0.,0.));
#11460 = DIRECTION('',(0.,0.,1.));
#11461 = DEFINITIONAL_REPRESENTATION('',(#11462),#11466);
#11462 = LINE('',#11463,#11464);
#11463 = CARTESIAN_POINT('',(0.,0.));
#11464 = VECTOR('',#11465,1.);
#11465 = DIRECTION('',(1.,0.));
#11466 = ( GEOMETRIC_REPRESENTATION_CONTEXT(2) 
PARAMETRIC_REPRESENTATION_CONTEXT() REPRESENTATION_CONTEXT('2D SPACE',''
  ) );
#11467 = PCURVE('',#11468,#11473);
#11468 = PLANE('',#11469);
#11469 = AXIS2_PLACEMENT_3D('',#11470,#11471,#11472);
#11470 = CARTESIAN_POINT('',(2.335,-15.635,-2.51));
#11471 = DIRECTION('',(0.,1.,0.));
#11472 = DIRECTION('',(0.,0.,1.));
#11473 = DEFINITIONAL_REPRESENTATION('',(#11474),#11478);
#11474 = LINE('',#11475,#11476);
#11475 = CARTESIAN_POINT('',(0.,0.));
#11476 = VECTOR('',#11477,1.);
#11477 = DIRECTION('',(1.,0.));
#11478 = ( GEOMETRIC_REPRESENTATION_CONTEXT(2) 
PARAMETRIC_REPRESENTATION_CONTEXT() REPRESENTATION_CONTEXT('2D SPACE',''
  ) );
#11479 = ORIENTED_EDGE('',*,*,#11480,.T.);
#11480 = EDGE_CURVE('',#11446,#11481,#11483,.T.);
#11481 = VERTEX_POINT('',#11482);
#11482 = CARTESIAN_POINT('',(2.335,-14.845,-2.51));
#11483 = SURFACE_CURVE('',#11484,(#11488,#11495),.PCURVE_S1.);
#11484 = LINE('',#11485,#11486);
#11485 = CARTESIAN_POINT('',(2.335,-15.635,-2.51));
#11486 = VECTOR('',#11487,1.);
#11487 = DIRECTION('',(0.,1.,0.));
#11488 = PCURVE('',#11456,#11489);
#11489 = DEFINITIONAL_REPRESENTATION('',(#11490),#11494);
#11490 = LINE('',#11491,#11492);
#11491 = CARTESIAN_POINT('',(0.,0.));
#11492 = VECTOR('',#11493,1.);
#11493 = DIRECTION('',(0.,-1.));
#11494 = ( GEOMETRIC_REPRESENTATION_CONTEXT(2) 
PARAMETRIC_REPRESENTATION_CONTEXT() REPRESENTATION_CONTEXT('2D SPACE',''
  ) );
#11495 = PCURVE('',#11496,#11501);
#11496 = PLANE('',#11497);
#11497 = AXIS2_PLACEMENT_3D('',#11498,#11499,#11500);
#11498 = CARTESIAN_POINT('',(2.335,-15.635,-2.51));
#11499 = DIRECTION('',(0.,0.,1.));
#11500 = DIRECTION('',(1.,0.,0.));
#11501 = DEFINITIONAL_REPRESENTATION('',(#11502),#11506);
#11502 = LINE('',#11503,#11504);
#11503 = CARTESIAN_POINT('',(0.,0.));
#11504 = VECTOR('',#11505,1.);
#11505 = DIRECTION('',(0.,1.));
#11506 = ( GEOMETRIC_REPRESENTATION_CONTEXT(2) 
PARAMETRIC_REPRESENTATION_CONTEXT() REPRESENTATION_CONTEXT('2D SPACE',''
  ) );
#11507 = ORIENTED_EDGE('',*,*,#11508,.T.);
#11508 = EDGE_CURVE('',#11481,#11509,#11511,.T.);
#11509 = VERTEX_POINT('',#11510);
#11510 = CARTESIAN_POINT('',(2.335,-14.845,0.13));
#11511 = SURFACE_CURVE('',#11512,(#11516,#11523),.PCURVE_S1.);
#11512 = LINE('',#11513,#11514);
#11513 = CARTESIAN_POINT('',(2.335,-14.845,-2.51));
#11514 = VECTOR('',#11515,1.);
#11515 = DIRECTION('',(0.,0.,1.));
#11516 = PCURVE('',#11456,#11517);
#11517 = DEFINITIONAL_REPRESENTATION('',(#11518),#11522);
#11518 = LINE('',#11519,#11520);
#11519 = CARTESIAN_POINT('',(0.,-0.79));
#11520 = VECTOR('',#11521,1.);
#11521 = DIRECTION('',(1.,0.));
#11522 = ( GEOMETRIC_REPRESENTATION_CONTEXT(2) 
PARAMETRIC_REPRESENTATION_CONTEXT() REPRESENTATION_CONTEXT('2D SPACE',''
  ) );
#11523 = PCURVE('',#11524,#11529);
#11524 = PLANE('',#11525);
#11525 = AXIS2_PLACEMENT_3D('',#11526,#11527,#11528);
#11526 = CARTESIAN_POINT('',(2.335,-14.845,-2.51));
#11527 = DIRECTION('',(0.,1.,0.));
#11528 = DIRECTION('',(0.,0.,1.));
#11529 = DEFINITIONAL_REPRESENTATION('',(#11530),#11534);
#11530 = LINE('',#11531,#11532);
#11531 = CARTESIAN_POINT('',(0.,0.));
#11532 = VECTOR('',#11533,1.);
#11533 = DIRECTION('',(1.,0.));
#11534 = ( GEOMETRIC_REPRESENTATION_CONTEXT(2) 
PARAMETRIC_REPRESENTATION_CONTEXT() REPRESENTATION_CONTEXT('2D SPACE',''
  ) );
#11535 = ORIENTED_EDGE('',*,*,#11536,.F.);
#11536 = EDGE_CURVE('',#11448,#11509,#11537,.T.);
#11537 = SURFACE_CURVE('',#11538,(#11542,#11549),.PCURVE_S1.);
#11538 = LINE('',#11539,#11540);
#11539 = CARTESIAN_POINT('',(2.335,-15.635,0.13));
#11540 = VECTOR('',#11541,1.);
#11541 = DIRECTION('',(0.,1.,0.));
#11542 = PCURVE('',#11456,#11543);
#11543 = DEFINITIONAL_REPRESENTATION('',(#11544),#11548);
#11544 = LINE('',#11545,#11546);
#11545 = CARTESIAN_POINT('',(2.64,0.));
#11546 = VECTOR('',#11547,1.);
#11547 = DIRECTION('',(0.,-1.));
#11548 = ( GEOMETRIC_REPRESENTATION_CONTEXT(2) 
PARAMETRIC_REPRESENTATION_CONTEXT() REPRESENTATION_CONTEXT('2D SPACE',''
  ) );
#11549 = PCURVE('',#11550,#11555);
#11550 = PLANE('',#11551);
#11551 = AXIS2_PLACEMENT_3D('',#11552,#11553,#11554);
#11552 = CARTESIAN_POINT('',(2.335,-15.635,0.13));
#11553 = DIRECTION('',(0.,0.,1.));
#11554 = DIRECTION('',(1.,0.,0.));
#11555 = DEFINITIONAL_REPRESENTATION('',(#11556),#11560);
#11556 = LINE('',#11557,#11558);
#11557 = CARTESIAN_POINT('',(0.,0.));
#11558 = VECTOR('',#11559,1.);
#11559 = DIRECTION('',(0.,1.));
#11560 = ( GEOMETRIC_REPRESENTATION_CONTEXT(2) 
PARAMETRIC_REPRESENTATION_CONTEXT() REPRESENTATION_CONTEXT('2D SPACE',''
  ) );
#11561 = ADVANCED_FACE('',(#11562),#11576,.T.);
#11562 = FACE_BOUND('',#11563,.T.);
#11563 = EDGE_LOOP('',(#11564,#11594,#11617,#11640));
#11564 = ORIENTED_EDGE('',*,*,#11565,.F.);
#11565 = EDGE_CURVE('',#11566,#11568,#11570,.T.);
#11566 = VERTEX_POINT('',#11567);
#11567 = CARTESIAN_POINT('',(2.745,-15.635,-2.51));
#11568 = VERTEX_POINT('',#11569);
#11569 = CARTESIAN_POINT('',(2.745,-15.635,0.13));
#11570 = SURFACE_CURVE('',#11571,(#11575,#11587),.PCURVE_S1.);
#11571 = LINE('',#11572,#11573);
#11572 = CARTESIAN_POINT('',(2.745,-15.635,-2.51));
#11573 = VECTOR('',#11574,1.);
#11574 = DIRECTION('',(0.,0.,1.));
#11575 = PCURVE('',#11576,#11581);
#11576 = PLANE('',#11577);
#11577 = AXIS2_PLACEMENT_3D('',#11578,#11579,#11580);
#11578 = CARTESIAN_POINT('',(2.745,-15.635,-2.51));
#11579 = DIRECTION('',(1.,0.,0.));
#11580 = DIRECTION('',(0.,0.,1.));
#11581 = DEFINITIONAL_REPRESENTATION('',(#11582),#11586);
#11582 = LINE('',#11583,#11584);
#11583 = CARTESIAN_POINT('',(0.,0.));
#11584 = VECTOR('',#11585,1.);
#11585 = DIRECTION('',(1.,0.));
#11586 = ( GEOMETRIC_REPRESENTATION_CONTEXT(2) 
PARAMETRIC_REPRESENTATION_CONTEXT() REPRESENTATION_CONTEXT('2D SPACE',''
  ) );
#11587 = PCURVE('',#11468,#11588);
#11588 = DEFINITIONAL_REPRESENTATION('',(#11589),#11593);
#11589 = LINE('',#11590,#11591);
#11590 = CARTESIAN_POINT('',(0.,0.41));
#11591 = VECTOR('',#11592,1.);
#11592 = DIRECTION('',(1.,0.));
#11593 = ( GEOMETRIC_REPRESENTATION_CONTEXT(2) 
PARAMETRIC_REPRESENTATION_CONTEXT() REPRESENTATION_CONTEXT('2D SPACE',''
  ) );
#11594 = ORIENTED_EDGE('',*,*,#11595,.T.);
#11595 = EDGE_CURVE('',#11566,#11596,#11598,.T.);
#11596 = VERTEX_POINT('',#11597);
#11597 = CARTESIAN_POINT('',(2.745,-14.845,-2.51));
#11598 = SURFACE_CURVE('',#11599,(#11603,#11610),.PCURVE_S1.);
#11599 = LINE('',#11600,#11601);
#11600 = CARTESIAN_POINT('',(2.745,-15.635,-2.51));
#11601 = VECTOR('',#11602,1.);
#11602 = DIRECTION('',(0.,1.,0.));
#11603 = PCURVE('',#11576,#11604);
#11604 = DEFINITIONAL_REPRESENTATION('',(#11605),#11609);
#11605 = LINE('',#11606,#11607);
#11606 = CARTESIAN_POINT('',(0.,0.));
#11607 = VECTOR('',#11608,1.);
#11608 = DIRECTION('',(0.,-1.));
#11609 = ( GEOMETRIC_REPRESENTATION_CONTEXT(2) 
PARAMETRIC_REPRESENTATION_CONTEXT() REPRESENTATION_CONTEXT('2D SPACE',''
  ) );
#11610 = PCURVE('',#11496,#11611);
#11611 = DEFINITIONAL_REPRESENTATION('',(#11612),#11616);
#11612 = LINE('',#11613,#11614);
#11613 = CARTESIAN_POINT('',(0.41,0.));
#11614 = VECTOR('',#11615,1.);
#11615 = DIRECTION('',(0.,1.));
#11616 = ( GEOMETRIC_REPRESENTATION_CONTEXT(2) 
PARAMETRIC_REPRESENTATION_CONTEXT() REPRESENTATION_CONTEXT('2D SPACE',''
  ) );
#11617 = ORIENTED_EDGE('',*,*,#11618,.T.);
#11618 = EDGE_CURVE('',#11596,#11619,#11621,.T.);
#11619 = VERTEX_POINT('',#11620);
#11620 = CARTESIAN_POINT('',(2.745,-14.845,0.13));
#11621 = SURFACE_CURVE('',#11622,(#11626,#11633),.PCURVE_S1.);
#11622 = LINE('',#11623,#11624);
#11623 = CARTESIAN_POINT('',(2.745,-14.845,-2.51));
#11624 = VECTOR('',#11625,1.);
#11625 = DIRECTION('',(0.,0.,1.));
#11626 = PCURVE('',#11576,#11627);
#11627 = DEFINITIONAL_REPRESENTATION('',(#11628),#11632);
#11628 = LINE('',#11629,#11630);
#11629 = CARTESIAN_POINT('',(0.,-0.79));
#11630 = VECTOR('',#11631,1.);
#11631 = DIRECTION('',(1.,0.));
#11632 = ( GEOMETRIC_REPRESENTATION_CONTEXT(2) 
PARAMETRIC_REPRESENTATION_CONTEXT() REPRESENTATION_CONTEXT('2D SPACE',''
  ) );
#11633 = PCURVE('',#11524,#11634);
#11634 = DEFINITIONAL_REPRESENTATION('',(#11635),#11639);
#11635 = LINE('',#11636,#11637);
#11636 = CARTESIAN_POINT('',(0.,0.41));
#11637 = VECTOR('',#11638,1.);
#11638 = DIRECTION('',(1.,0.));
#11639 = ( GEOMETRIC_REPRESENTATION_CONTEXT(2) 
PARAMETRIC_REPRESENTATION_CONTEXT() REPRESENTATION_CONTEXT('2D SPACE',''
  ) );
#11640 = ORIENTED_EDGE('',*,*,#11641,.F.);
#11641 = EDGE_CURVE('',#11568,#11619,#11642,.T.);
#11642 = SURFACE_CURVE('',#11643,(#11647,#11654),.PCURVE_S1.);
#11643 = LINE('',#11644,#11645);
#11644 = CARTESIAN_POINT('',(2.745,-15.635,0.13));
#11645 = VECTOR('',#11646,1.);
#11646 = DIRECTION('',(0.,1.,0.));
#11647 = PCURVE('',#11576,#11648);
#11648 = DEFINITIONAL_REPRESENTATION('',(#11649),#11653);
#11649 = LINE('',#11650,#11651);
#11650 = CARTESIAN_POINT('',(2.64,0.));
#11651 = VECTOR('',#11652,1.);
#11652 = DIRECTION('',(0.,-1.));
#11653 = ( GEOMETRIC_REPRESENTATION_CONTEXT(2) 
PARAMETRIC_REPRESENTATION_CONTEXT() REPRESENTATION_CONTEXT('2D SPACE',''
  ) );
#11654 = PCURVE('',#11550,#11655);
#11655 = DEFINITIONAL_REPRESENTATION('',(#11656),#11660);
#11656 = LINE('',#11657,#11658);
#11657 = CARTESIAN_POINT('',(0.41,0.));
#11658 = VECTOR('',#11659,1.);
#11659 = DIRECTION('',(0.,1.));
#11660 = ( GEOMETRIC_REPRESENTATION_CONTEXT(2) 
PARAMETRIC_REPRESENTATION_CONTEXT() REPRESENTATION_CONTEXT('2D SPACE',''
  ) );
#11661 = ADVANCED_FACE('',(#11662),#11468,.F.);
#11662 = FACE_BOUND('',#11663,.F.);
#11663 = EDGE_LOOP('',(#11664,#11685,#11686,#11707));
#11664 = ORIENTED_EDGE('',*,*,#11665,.F.);
#11665 = EDGE_CURVE('',#11446,#11566,#11666,.T.);
#11666 = SURFACE_CURVE('',#11667,(#11671,#11678),.PCURVE_S1.);
#11667 = LINE('',#11668,#11669);
#11668 = CARTESIAN_POINT('',(2.335,-15.635,-2.51));
#11669 = VECTOR('',#11670,1.);
#11670 = DIRECTION('',(1.,0.,0.));
#11671 = PCURVE('',#11468,#11672);
#11672 = DEFINITIONAL_REPRESENTATION('',(#11673),#11677);
#11673 = LINE('',#11674,#11675);
#11674 = CARTESIAN_POINT('',(0.,0.));
#11675 = VECTOR('',#11676,1.);
#11676 = DIRECTION('',(0.,1.));
#11677 = ( GEOMETRIC_REPRESENTATION_CONTEXT(2) 
PARAMETRIC_REPRESENTATION_CONTEXT() REPRESENTATION_CONTEXT('2D SPACE',''
  ) );
#11678 = PCURVE('',#11496,#11679);
#11679 = DEFINITIONAL_REPRESENTATION('',(#11680),#11684);
#11680 = LINE('',#11681,#11682);
#11681 = CARTESIAN_POINT('',(0.,0.));
#11682 = VECTOR('',#11683,1.);
#11683 = DIRECTION('',(1.,0.));
#11684 = ( GEOMETRIC_REPRESENTATION_CONTEXT(2) 
PARAMETRIC_REPRESENTATION_CONTEXT() REPRESENTATION_CONTEXT('2D SPACE',''
  ) );
#11685 = ORIENTED_EDGE('',*,*,#11445,.T.);
#11686 = ORIENTED_EDGE('',*,*,#11687,.T.);
#11687 = EDGE_CURVE('',#11448,#11568,#11688,.T.);
#11688 = SURFACE_CURVE('',#11689,(#11693,#11700),.PCURVE_S1.);
#11689 = LINE('',#11690,#11691);
#11690 = CARTESIAN_POINT('',(2.335,-15.635,0.13));
#11691 = VECTOR('',#11692,1.);
#11692 = DIRECTION('',(1.,0.,0.));
#11693 = PCURVE('',#11468,#11694);
#11694 = DEFINITIONAL_REPRESENTATION('',(#11695),#11699);
#11695 = LINE('',#11696,#11697);
#11696 = CARTESIAN_POINT('',(2.64,0.));
#11697 = VECTOR('',#11698,1.);
#11698 = DIRECTION('',(0.,1.));
#11699 = ( GEOMETRIC_REPRESENTATION_CONTEXT(2) 
PARAMETRIC_REPRESENTATION_CONTEXT() REPRESENTATION_CONTEXT('2D SPACE',''
  ) );
#11700 = PCURVE('',#11550,#11701);
#11701 = DEFINITIONAL_REPRESENTATION('',(#11702),#11706);
#11702 = LINE('',#11703,#11704);
#11703 = CARTESIAN_POINT('',(0.,0.));
#11704 = VECTOR('',#11705,1.);
#11705 = DIRECTION('',(1.,0.));
#11706 = ( GEOMETRIC_REPRESENTATION_CONTEXT(2) 
PARAMETRIC_REPRESENTATION_CONTEXT() REPRESENTATION_CONTEXT('2D SPACE',''
  ) );
#11707 = ORIENTED_EDGE('',*,*,#11565,.F.);
#11708 = ADVANCED_FACE('',(#11709),#11524,.T.);
#11709 = FACE_BOUND('',#11710,.T.);
#11710 = EDGE_LOOP('',(#11711,#11732,#11733,#11754));
#11711 = ORIENTED_EDGE('',*,*,#11712,.F.);
#11712 = EDGE_CURVE('',#11481,#11596,#11713,.T.);
#11713 = SURFACE_CURVE('',#11714,(#11718,#11725),.PCURVE_S1.);
#11714 = LINE('',#11715,#11716);
#11715 = CARTESIAN_POINT('',(2.335,-14.845,-2.51));
#11716 = VECTOR('',#11717,1.);
#11717 = DIRECTION('',(1.,0.,0.));
#11718 = PCURVE('',#11524,#11719);
#11719 = DEFINITIONAL_REPRESENTATION('',(#11720),#11724);
#11720 = LINE('',#11721,#11722);
#11721 = CARTESIAN_POINT('',(0.,0.));
#11722 = VECTOR('',#11723,1.);
#11723 = DIRECTION('',(0.,1.));
#11724 = ( GEOMETRIC_REPRESENTATION_CONTEXT(2) 
PARAMETRIC_REPRESENTATION_CONTEXT() REPRESENTATION_CONTEXT('2D SPACE',''
  ) );
#11725 = PCURVE('',#11496,#11726);
#11726 = DEFINITIONAL_REPRESENTATION('',(#11727),#11731);
#11727 = LINE('',#11728,#11729);
#11728 = CARTESIAN_POINT('',(0.,0.79));
#11729 = VECTOR('',#11730,1.);
#11730 = DIRECTION('',(1.,0.));
#11731 = ( GEOMETRIC_REPRESENTATION_CONTEXT(2) 
PARAMETRIC_REPRESENTATION_CONTEXT() REPRESENTATION_CONTEXT('2D SPACE',''
  ) );
#11732 = ORIENTED_EDGE('',*,*,#11508,.T.);
#11733 = ORIENTED_EDGE('',*,*,#11734,.T.);
#11734 = EDGE_CURVE('',#11509,#11619,#11735,.T.);
#11735 = SURFACE_CURVE('',#11736,(#11740,#11747),.PCURVE_S1.);
#11736 = LINE('',#11737,#11738);
#11737 = CARTESIAN_POINT('',(2.335,-14.845,0.13));
#11738 = VECTOR('',#11739,1.);
#11739 = DIRECTION('',(1.,0.,0.));
#11740 = PCURVE('',#11524,#11741);
#11741 = DEFINITIONAL_REPRESENTATION('',(#11742),#11746);
#11742 = LINE('',#11743,#11744);
#11743 = CARTESIAN_POINT('',(2.64,0.));
#11744 = VECTOR('',#11745,1.);
#11745 = DIRECTION('',(0.,1.));
#11746 = ( GEOMETRIC_REPRESENTATION_CONTEXT(2) 
PARAMETRIC_REPRESENTATION_CONTEXT() REPRESENTATION_CONTEXT('2D SPACE',''
  ) );
#11747 = PCURVE('',#11550,#11748);
#11748 = DEFINITIONAL_REPRESENTATION('',(#11749),#11753);
#11749 = LINE('',#11750,#11751);
#11750 = CARTESIAN_POINT('',(0.,0.79));
#11751 = VECTOR('',#11752,1.);
#11752 = DIRECTION('',(1.,0.));
#11753 = ( GEOMETRIC_REPRESENTATION_CONTEXT(2) 
PARAMETRIC_REPRESENTATION_CONTEXT() REPRESENTATION_CONTEXT('2D SPACE',''
  ) );
#11754 = ORIENTED_EDGE('',*,*,#11618,.F.);
#11755 = ADVANCED_FACE('',(#11756),#11496,.F.);
#11756 = FACE_BOUND('',#11757,.F.);
#11757 = EDGE_LOOP('',(#11758,#11759,#11760,#11761));
#11758 = ORIENTED_EDGE('',*,*,#11480,.F.);
#11759 = ORIENTED_EDGE('',*,*,#11665,.T.);
#11760 = ORIENTED_EDGE('',*,*,#11595,.T.);
#11761 = ORIENTED_EDGE('',*,*,#11712,.F.);
#11762 = ADVANCED_FACE('',(#11763),#11550,.T.);
#11763 = FACE_BOUND('',#11764,.T.);
#11764 = EDGE_LOOP('',(#11765,#11766,#11767,#11768));
#11765 = ORIENTED_EDGE('',*,*,#11536,.F.);
#11766 = ORIENTED_EDGE('',*,*,#11687,.T.);
#11767 = ORIENTED_EDGE('',*,*,#11641,.T.);
#11768 = ORIENTED_EDGE('',*,*,#11734,.F.);
#11769 = ( GEOMETRIC_REPRESENTATION_CONTEXT(3) 
GLOBAL_UNCERTAINTY_ASSIGNED_CONTEXT((#11773)) 
GLOBAL_UNIT_ASSIGNED_CONTEXT((#11770,#11771,#11772)) 
REPRESENTATION_CONTEXT('Context #1',
  '3D Context with UNIT and UNCERTAINTY') );
#11770 = ( LENGTH_UNIT() NAMED_UNIT(*) SI_UNIT(.MILLI.,.METRE.) );
#11771 = ( NAMED_UNIT(*) PLANE_ANGLE_UNIT() SI_UNIT($,.RADIAN.) );
#11772 = ( NAMED_UNIT(*) SI_UNIT($,.STERADIAN.) SOLID_ANGLE_UNIT() );
#11773 = UNCERTAINTY_MEASURE_WITH_UNIT(LENGTH_MEASURE(1.E-07),#11770,
  'distance_accuracy_value','confusion accuracy');
#11774 = CONTEXT_DEPENDENT_SHAPE_REPRESENTATION(#11775,#11777);
#11775 = ( REPRESENTATION_RELATIONSHIP('','',#11438,#10) 
REPRESENTATION_RELATIONSHIP_WITH_TRANSFORMATION(#11776) 
SHAPE_REPRESENTATION_RELATIONSHIP() );
#11776 = ITEM_DEFINED_TRANSFORMATION('','',#11,#71);
#11777 = PRODUCT_DEFINITION_SHAPE('Placement','Placement of an item',
  #11778);
#11778 = NEXT_ASSEMBLY_USAGE_OCCURRENCE('98','contact_14','',#5,#11433,$
  );
#11779 = PRODUCT_RELATED_PRODUCT_CATEGORY('part',$,(#11435));
#11780 = SHAPE_DEFINITION_REPRESENTATION(#11781,#11787);
#11781 = PRODUCT_DEFINITION_SHAPE('','',#11782);
#11782 = PRODUCT_DEFINITION('design','',#11783,#11786);
#11783 = PRODUCT_DEFINITION_FORMATION('','',#11784);
#11784 = PRODUCT('contact_15','contact_15','',(#11785));
#11785 = PRODUCT_CONTEXT('',#2,'mechanical');
#11786 = PRODUCT_DEFINITION_CONTEXT('part definition',#2,'design');
#11787 = ADVANCED_BREP_SHAPE_REPRESENTATION('',(#11,#11788),#12118);
#11788 = MANIFOLD_SOLID_BREP('',#11789);
#11789 = CLOSED_SHELL('',(#11790,#11910,#12010,#12057,#12104,#12111));
#11790 = ADVANCED_FACE('',(#11791),#11805,.F.);
#11791 = FACE_BOUND('',#11792,.F.);
#11792 = EDGE_LOOP('',(#11793,#11828,#11856,#11884));
#11793 = ORIENTED_EDGE('',*,*,#11794,.F.);
#11794 = EDGE_CURVE('',#11795,#11797,#11799,.T.);
#11795 = VERTEX_POINT('',#11796);
#11796 = CARTESIAN_POINT('',(-0.205,-18.175,-2.51));
#11797 = VERTEX_POINT('',#11798);
#11798 = CARTESIAN_POINT('',(-0.205,-18.175,0.13));
#11799 = SURFACE_CURVE('',#11800,(#11804,#11816),.PCURVE_S1.);
#11800 = LINE('',#11801,#11802);
#11801 = CARTESIAN_POINT('',(-0.205,-18.175,-2.51));
#11802 = VECTOR('',#11803,1.);
#11803 = DIRECTION('',(0.,0.,1.));
#11804 = PCURVE('',#11805,#11810);
#11805 = PLANE('',#11806);
#11806 = AXIS2_PLACEMENT_3D('',#11807,#11808,#11809);
#11807 = CARTESIAN_POINT('',(-0.205,-18.175,-2.51));
#11808 = DIRECTION('',(1.,0.,0.));
#11809 = DIRECTION('',(0.,0.,1.));
#11810 = DEFINITIONAL_REPRESENTATION('',(#11811),#11815);
#11811 = LINE('',#11812,#11813);
#11812 = CARTESIAN_POINT('',(0.,0.));
#11813 = VECTOR('',#11814,1.);
#11814 = DIRECTION('',(1.,0.));
#11815 = ( GEOMETRIC_REPRESENTATION_CONTEXT(2) 
PARAMETRIC_REPRESENTATION_CONTEXT() REPRESENTATION_CONTEXT('2D SPACE',''
  ) );
#11816 = PCURVE('',#11817,#11822);
#11817 = PLANE('',#11818);
#11818 = AXIS2_PLACEMENT_3D('',#11819,#11820,#11821);
#11819 = CARTESIAN_POINT('',(-0.205,-18.175,-2.51));
#11820 = DIRECTION('',(0.,1.,0.));
#11821 = DIRECTION('',(0.,0.,1.));
#11822 = DEFINITIONAL_REPRESENTATION('',(#11823),#11827);
#11823 = LINE('',#11824,#11825);
#11824 = CARTESIAN_POINT('',(0.,0.));
#11825 = VECTOR('',#11826,1.);
#11826 = DIRECTION('',(1.,0.));
#11827 = ( GEOMETRIC_REPRESENTATION_CONTEXT(2) 
PARAMETRIC_REPRESENTATION_CONTEXT() REPRESENTATION_CONTEXT('2D SPACE',''
  ) );
#11828 = ORIENTED_EDGE('',*,*,#11829,.T.);
#11829 = EDGE_CURVE('',#11795,#11830,#11832,.T.);
#11830 = VERTEX_POINT('',#11831);
#11831 = CARTESIAN_POINT('',(-0.205,-17.385,-2.51));
#11832 = SURFACE_CURVE('',#11833,(#11837,#11844),.PCURVE_S1.);
#11833 = LINE('',#11834,#11835);
#11834 = CARTESIAN_POINT('',(-0.205,-18.175,-2.51));
#11835 = VECTOR('',#11836,1.);
#11836 = DIRECTION('',(0.,1.,0.));
#11837 = PCURVE('',#11805,#11838);
#11838 = DEFINITIONAL_REPRESENTATION('',(#11839),#11843);
#11839 = LINE('',#11840,#11841);
#11840 = CARTESIAN_POINT('',(0.,0.));
#11841 = VECTOR('',#11842,1.);
#11842 = DIRECTION('',(0.,-1.));
#11843 = ( GEOMETRIC_REPRESENTATION_CONTEXT(2) 
PARAMETRIC_REPRESENTATION_CONTEXT() REPRESENTATION_CONTEXT('2D SPACE',''
  ) );
#11844 = PCURVE('',#11845,#11850);
#11845 = PLANE('',#11846);
#11846 = AXIS2_PLACEMENT_3D('',#11847,#11848,#11849);
#11847 = CARTESIAN_POINT('',(-0.205,-18.175,-2.51));
#11848 = DIRECTION('',(0.,0.,1.));
#11849 = DIRECTION('',(1.,0.,0.));
#11850 = DEFINITIONAL_REPRESENTATION('',(#11851),#11855);
#11851 = LINE('',#11852,#11853);
#11852 = CARTESIAN_POINT('',(0.,0.));
#11853 = VECTOR('',#11854,1.);
#11854 = DIRECTION('',(0.,1.));
#11855 = ( GEOMETRIC_REPRESENTATION_CONTEXT(2) 
PARAMETRIC_REPRESENTATION_CONTEXT() REPRESENTATION_CONTEXT('2D SPACE',''
  ) );
#11856 = ORIENTED_EDGE('',*,*,#11857,.T.);
#11857 = EDGE_CURVE('',#11830,#11858,#11860,.T.);
#11858 = VERTEX_POINT('',#11859);
#11859 = CARTESIAN_POINT('',(-0.205,-17.385,0.13));
#11860 = SURFACE_CURVE('',#11861,(#11865,#11872),.PCURVE_S1.);
#11861 = LINE('',#11862,#11863);
#11862 = CARTESIAN_POINT('',(-0.205,-17.385,-2.51));
#11863 = VECTOR('',#11864,1.);
#11864 = DIRECTION('',(0.,0.,1.));
#11865 = PCURVE('',#11805,#11866);
#11866 = DEFINITIONAL_REPRESENTATION('',(#11867),#11871);
#11867 = LINE('',#11868,#11869);
#11868 = CARTESIAN_POINT('',(0.,-0.79));
#11869 = VECTOR('',#11870,1.);
#11870 = DIRECTION('',(1.,0.));
#11871 = ( GEOMETRIC_REPRESENTATION_CONTEXT(2) 
PARAMETRIC_REPRESENTATION_CONTEXT() REPRESENTATION_CONTEXT('2D SPACE',''
  ) );
#11872 = PCURVE('',#11873,#11878);
#11873 = PLANE('',#11874);
#11874 = AXIS2_PLACEMENT_3D('',#11875,#11876,#11877);
#11875 = CARTESIAN_POINT('',(-0.205,-17.385,-2.51));
#11876 = DIRECTION('',(0.,1.,0.));
#11877 = DIRECTION('',(0.,0.,1.));
#11878 = DEFINITIONAL_REPRESENTATION('',(#11879),#11883);
#11879 = LINE('',#11880,#11881);
#11880 = CARTESIAN_POINT('',(0.,0.));
#11881 = VECTOR('',#11882,1.);
#11882 = DIRECTION('',(1.,0.));
#11883 = ( GEOMETRIC_REPRESENTATION_CONTEXT(2) 
PARAMETRIC_REPRESENTATION_CONTEXT() REPRESENTATION_CONTEXT('2D SPACE',''
  ) );
#11884 = ORIENTED_EDGE('',*,*,#11885,.F.);
#11885 = EDGE_CURVE('',#11797,#11858,#11886,.T.);
#11886 = SURFACE_CURVE('',#11887,(#11891,#11898),.PCURVE_S1.);
#11887 = LINE('',#11888,#11889);
#11888 = CARTESIAN_POINT('',(-0.205,-18.175,0.13));
#11889 = VECTOR('',#11890,1.);
#11890 = DIRECTION('',(0.,1.,0.));
#11891 = PCURVE('',#11805,#11892);
#11892 = DEFINITIONAL_REPRESENTATION('',(#11893),#11897);
#11893 = LINE('',#11894,#11895);
#11894 = CARTESIAN_POINT('',(2.64,0.));
#11895 = VECTOR('',#11896,1.);
#11896 = DIRECTION('',(0.,-1.));
#11897 = ( GEOMETRIC_REPRESENTATION_CONTEXT(2) 
PARAMETRIC_REPRESENTATION_CONTEXT() REPRESENTATION_CONTEXT('2D SPACE',''
  ) );
#11898 = PCURVE('',#11899,#11904);
#11899 = PLANE('',#11900);
#11900 = AXIS2_PLACEMENT_3D('',#11901,#11902,#11903);
#11901 = CARTESIAN_POINT('',(-0.205,-18.175,0.13));
#11902 = DIRECTION('',(0.,0.,1.));
#11903 = DIRECTION('',(1.,0.,0.));
#11904 = DEFINITIONAL_REPRESENTATION('',(#11905),#11909);
#11905 = LINE('',#11906,#11907);
#11906 = CARTESIAN_POINT('',(0.,0.));
#11907 = VECTOR('',#11908,1.);
#11908 = DIRECTION('',(0.,1.));
#11909 = ( GEOMETRIC_REPRESENTATION_CONTEXT(2) 
PARAMETRIC_REPRESENTATION_CONTEXT() REPRESENTATION_CONTEXT('2D SPACE',''
  ) );
#11910 = ADVANCED_FACE('',(#11911),#11925,.T.);
#11911 = FACE_BOUND('',#11912,.T.);
#11912 = EDGE_LOOP('',(#11913,#11943,#11966,#11989));
#11913 = ORIENTED_EDGE('',*,*,#11914,.F.);
#11914 = EDGE_CURVE('',#11915,#11917,#11919,.T.);
#11915 = VERTEX_POINT('',#11916);
#11916 = CARTESIAN_POINT('',(0.205,-18.175,-2.51));
#11917 = VERTEX_POINT('',#11918);
#11918 = CARTESIAN_POINT('',(0.205,-18.175,0.13));
#11919 = SURFACE_CURVE('',#11920,(#11924,#11936),.PCURVE_S1.);
#11920 = LINE('',#11921,#11922);
#11921 = CARTESIAN_POINT('',(0.205,-18.175,-2.51));
#11922 = VECTOR('',#11923,1.);
#11923 = DIRECTION('',(0.,0.,1.));
#11924 = PCURVE('',#11925,#11930);
#11925 = PLANE('',#11926);
#11926 = AXIS2_PLACEMENT_3D('',#11927,#11928,#11929);
#11927 = CARTESIAN_POINT('',(0.205,-18.175,-2.51));
#11928 = DIRECTION('',(1.,0.,0.));
#11929 = DIRECTION('',(0.,0.,1.));
#11930 = DEFINITIONAL_REPRESENTATION('',(#11931),#11935);
#11931 = LINE('',#11932,#11933);
#11932 = CARTESIAN_POINT('',(0.,0.));
#11933 = VECTOR('',#11934,1.);
#11934 = DIRECTION('',(1.,0.));
#11935 = ( GEOMETRIC_REPRESENTATION_CONTEXT(2) 
PARAMETRIC_REPRESENTATION_CONTEXT() REPRESENTATION_CONTEXT('2D SPACE',''
  ) );
#11936 = PCURVE('',#11817,#11937);
#11937 = DEFINITIONAL_REPRESENTATION('',(#11938),#11942);
#11938 = LINE('',#11939,#11940);
#11939 = CARTESIAN_POINT('',(0.,0.41));
#11940 = VECTOR('',#11941,1.);
#11941 = DIRECTION('',(1.,0.));
#11942 = ( GEOMETRIC_REPRESENTATION_CONTEXT(2) 
PARAMETRIC_REPRESENTATION_CONTEXT() REPRESENTATION_CONTEXT('2D SPACE',''
  ) );
#11943 = ORIENTED_EDGE('',*,*,#11944,.T.);
#11944 = EDGE_CURVE('',#11915,#11945,#11947,.T.);
#11945 = VERTEX_POINT('',#11946);
#11946 = CARTESIAN_POINT('',(0.205,-17.385,-2.51));
#11947 = SURFACE_CURVE('',#11948,(#11952,#11959),.PCURVE_S1.);
#11948 = LINE('',#11949,#11950);
#11949 = CARTESIAN_POINT('',(0.205,-18.175,-2.51));
#11950 = VECTOR('',#11951,1.);
#11951 = DIRECTION('',(0.,1.,0.));
#11952 = PCURVE('',#11925,#11953);
#11953 = DEFINITIONAL_REPRESENTATION('',(#11954),#11958);
#11954 = LINE('',#11955,#11956);
#11955 = CARTESIAN_POINT('',(0.,0.));
#11956 = VECTOR('',#11957,1.);
#11957 = DIRECTION('',(0.,-1.));
#11958 = ( GEOMETRIC_REPRESENTATION_CONTEXT(2) 
PARAMETRIC_REPRESENTATION_CONTEXT() REPRESENTATION_CONTEXT('2D SPACE',''
  ) );
#11959 = PCURVE('',#11845,#11960);
#11960 = DEFINITIONAL_REPRESENTATION('',(#11961),#11965);
#11961 = LINE('',#11962,#11963);
#11962 = CARTESIAN_POINT('',(0.41,0.));
#11963 = VECTOR('',#11964,1.);
#11964 = DIRECTION('',(0.,1.));
#11965 = ( GEOMETRIC_REPRESENTATION_CONTEXT(2) 
PARAMETRIC_REPRESENTATION_CONTEXT() REPRESENTATION_CONTEXT('2D SPACE',''
  ) );
#11966 = ORIENTED_EDGE('',*,*,#11967,.T.);
#11967 = EDGE_CURVE('',#11945,#11968,#11970,.T.);
#11968 = VERTEX_POINT('',#11969);
#11969 = CARTESIAN_POINT('',(0.205,-17.385,0.13));
#11970 = SURFACE_CURVE('',#11971,(#11975,#11982),.PCURVE_S1.);
#11971 = LINE('',#11972,#11973);
#11972 = CARTESIAN_POINT('',(0.205,-17.385,-2.51));
#11973 = VECTOR('',#11974,1.);
#11974 = DIRECTION('',(0.,0.,1.));
#11975 = PCURVE('',#11925,#11976);
#11976 = DEFINITIONAL_REPRESENTATION('',(#11977),#11981);
#11977 = LINE('',#11978,#11979);
#11978 = CARTESIAN_POINT('',(0.,-0.79));
#11979 = VECTOR('',#11980,1.);
#11980 = DIRECTION('',(1.,0.));
#11981 = ( GEOMETRIC_REPRESENTATION_CONTEXT(2) 
PARAMETRIC_REPRESENTATION_CONTEXT() REPRESENTATION_CONTEXT('2D SPACE',''
  ) );
#11982 = PCURVE('',#11873,#11983);
#11983 = DEFINITIONAL_REPRESENTATION('',(#11984),#11988);
#11984 = LINE('',#11985,#11986);
#11985 = CARTESIAN_POINT('',(0.,0.41));
#11986 = VECTOR('',#11987,1.);
#11987 = DIRECTION('',(1.,0.));
#11988 = ( GEOMETRIC_REPRESENTATION_CONTEXT(2) 
PARAMETRIC_REPRESENTATION_CONTEXT() REPRESENTATION_CONTEXT('2D SPACE',''
  ) );
#11989 = ORIENTED_EDGE('',*,*,#11990,.F.);
#11990 = EDGE_CURVE('',#11917,#11968,#11991,.T.);
#11991 = SURFACE_CURVE('',#11992,(#11996,#12003),.PCURVE_S1.);
#11992 = LINE('',#11993,#11994);
#11993 = CARTESIAN_POINT('',(0.205,-18.175,0.13));
#11994 = VECTOR('',#11995,1.);
#11995 = DIRECTION('',(0.,1.,0.));
#11996 = PCURVE('',#11925,#11997);
#11997 = DEFINITIONAL_REPRESENTATION('',(#11998),#12002);
#11998 = LINE('',#11999,#12000);
#11999 = CARTESIAN_POINT('',(2.64,0.));
#12000 = VECTOR('',#12001,1.);
#12001 = DIRECTION('',(0.,-1.));
#12002 = ( GEOMETRIC_REPRESENTATION_CONTEXT(2) 
PARAMETRIC_REPRESENTATION_CONTEXT() REPRESENTATION_CONTEXT('2D SPACE',''
  ) );
#12003 = PCURVE('',#11899,#12004);
#12004 = DEFINITIONAL_REPRESENTATION('',(#12005),#12009);
#12005 = LINE('',#12006,#12007);
#12006 = CARTESIAN_POINT('',(0.41,0.));
#12007 = VECTOR('',#12008,1.);
#12008 = DIRECTION('',(0.,1.));
#12009 = ( GEOMETRIC_REPRESENTATION_CONTEXT(2) 
PARAMETRIC_REPRESENTATION_CONTEXT() REPRESENTATION_CONTEXT('2D SPACE',''
  ) );
#12010 = ADVANCED_FACE('',(#12011),#11817,.F.);
#12011 = FACE_BOUND('',#12012,.F.);
#12012 = EDGE_LOOP('',(#12013,#12034,#12035,#12056));
#12013 = ORIENTED_EDGE('',*,*,#12014,.F.);
#12014 = EDGE_CURVE('',#11795,#11915,#12015,.T.);
#12015 = SURFACE_CURVE('',#12016,(#12020,#12027),.PCURVE_S1.);
#12016 = LINE('',#12017,#12018);
#12017 = CARTESIAN_POINT('',(-0.205,-18.175,-2.51));
#12018 = VECTOR('',#12019,1.);
#12019 = DIRECTION('',(1.,0.,0.));
#12020 = PCURVE('',#11817,#12021);
#12021 = DEFINITIONAL_REPRESENTATION('',(#12022),#12026);
#12022 = LINE('',#12023,#12024);
#12023 = CARTESIAN_POINT('',(0.,0.));
#12024 = VECTOR('',#12025,1.);
#12025 = DIRECTION('',(0.,1.));
#12026 = ( GEOMETRIC_REPRESENTATION_CONTEXT(2) 
PARAMETRIC_REPRESENTATION_CONTEXT() REPRESENTATION_CONTEXT('2D SPACE',''
  ) );
#12027 = PCURVE('',#11845,#12028);
#12028 = DEFINITIONAL_REPRESENTATION('',(#12029),#12033);
#12029 = LINE('',#12030,#12031);
#12030 = CARTESIAN_POINT('',(0.,0.));
#12031 = VECTOR('',#12032,1.);
#12032 = DIRECTION('',(1.,0.));
#12033 = ( GEOMETRIC_REPRESENTATION_CONTEXT(2) 
PARAMETRIC_REPRESENTATION_CONTEXT() REPRESENTATION_CONTEXT('2D SPACE',''
  ) );
#12034 = ORIENTED_EDGE('',*,*,#11794,.T.);
#12035 = ORIENTED_EDGE('',*,*,#12036,.T.);
#12036 = EDGE_CURVE('',#11797,#11917,#12037,.T.);
#12037 = SURFACE_CURVE('',#12038,(#12042,#12049),.PCURVE_S1.);
#12038 = LINE('',#12039,#12040);
#12039 = CARTESIAN_POINT('',(-0.205,-18.175,0.13));
#12040 = VECTOR('',#12041,1.);
#12041 = DIRECTION('',(1.,0.,0.));
#12042 = PCURVE('',#11817,#12043);
#12043 = DEFINITIONAL_REPRESENTATION('',(#12044),#12048);
#12044 = LINE('',#12045,#12046);
#12045 = CARTESIAN_POINT('',(2.64,0.));
#12046 = VECTOR('',#12047,1.);
#12047 = DIRECTION('',(0.,1.));
#12048 = ( GEOMETRIC_REPRESENTATION_CONTEXT(2) 
PARAMETRIC_REPRESENTATION_CONTEXT() REPRESENTATION_CONTEXT('2D SPACE',''
  ) );
#12049 = PCURVE('',#11899,#12050);
#12050 = DEFINITIONAL_REPRESENTATION('',(#12051),#12055);
#12051 = LINE('',#12052,#12053);
#12052 = CARTESIAN_POINT('',(0.,0.));
#12053 = VECTOR('',#12054,1.);
#12054 = DIRECTION('',(1.,0.));
#12055 = ( GEOMETRIC_REPRESENTATION_CONTEXT(2) 
PARAMETRIC_REPRESENTATION_CONTEXT() REPRESENTATION_CONTEXT('2D SPACE',''
  ) );
#12056 = ORIENTED_EDGE('',*,*,#11914,.F.);
#12057 = ADVANCED_FACE('',(#12058),#11873,.T.);
#12058 = FACE_BOUND('',#12059,.T.);
#12059 = EDGE_LOOP('',(#12060,#12081,#12082,#12103));
#12060 = ORIENTED_EDGE('',*,*,#12061,.F.);
#12061 = EDGE_CURVE('',#11830,#11945,#12062,.T.);
#12062 = SURFACE_CURVE('',#12063,(#12067,#12074),.PCURVE_S1.);
#12063 = LINE('',#12064,#12065);
#12064 = CARTESIAN_POINT('',(-0.205,-17.385,-2.51));
#12065 = VECTOR('',#12066,1.);
#12066 = DIRECTION('',(1.,0.,0.));
#12067 = PCURVE('',#11873,#12068);
#12068 = DEFINITIONAL_REPRESENTATION('',(#12069),#12073);
#12069 = LINE('',#12070,#12071);
#12070 = CARTESIAN_POINT('',(0.,0.));
#12071 = VECTOR('',#12072,1.);
#12072 = DIRECTION('',(0.,1.));
#12073 = ( GEOMETRIC_REPRESENTATION_CONTEXT(2) 
PARAMETRIC_REPRESENTATION_CONTEXT() REPRESENTATION_CONTEXT('2D SPACE',''
  ) );
#12074 = PCURVE('',#11845,#12075);
#12075 = DEFINITIONAL_REPRESENTATION('',(#12076),#12080);
#12076 = LINE('',#12077,#12078);
#12077 = CARTESIAN_POINT('',(0.,0.79));
#12078 = VECTOR('',#12079,1.);
#12079 = DIRECTION('',(1.,0.));
#12080 = ( GEOMETRIC_REPRESENTATION_CONTEXT(2) 
PARAMETRIC_REPRESENTATION_CONTEXT() REPRESENTATION_CONTEXT('2D SPACE',''
  ) );
#12081 = ORIENTED_EDGE('',*,*,#11857,.T.);
#12082 = ORIENTED_EDGE('',*,*,#12083,.T.);
#12083 = EDGE_CURVE('',#11858,#11968,#12084,.T.);
#12084 = SURFACE_CURVE('',#12085,(#12089,#12096),.PCURVE_S1.);
#12085 = LINE('',#12086,#12087);
#12086 = CARTESIAN_POINT('',(-0.205,-17.385,0.13));
#12087 = VECTOR('',#12088,1.);
#12088 = DIRECTION('',(1.,0.,0.));
#12089 = PCURVE('',#11873,#12090);
#12090 = DEFINITIONAL_REPRESENTATION('',(#12091),#12095);
#12091 = LINE('',#12092,#12093);
#12092 = CARTESIAN_POINT('',(2.64,0.));
#12093 = VECTOR('',#12094,1.);
#12094 = DIRECTION('',(0.,1.));
#12095 = ( GEOMETRIC_REPRESENTATION_CONTEXT(2) 
PARAMETRIC_REPRESENTATION_CONTEXT() REPRESENTATION_CONTEXT('2D SPACE',''
  ) );
#12096 = PCURVE('',#11899,#12097);
#12097 = DEFINITIONAL_REPRESENTATION('',(#12098),#12102);
#12098 = LINE('',#12099,#12100);
#12099 = CARTESIAN_POINT('',(0.,0.79));
#12100 = VECTOR('',#12101,1.);
#12101 = DIRECTION('',(1.,0.));
#12102 = ( GEOMETRIC_REPRESENTATION_CONTEXT(2) 
PARAMETRIC_REPRESENTATION_CONTEXT() REPRESENTATION_CONTEXT('2D SPACE',''
  ) );
#12103 = ORIENTED_EDGE('',*,*,#11967,.F.);
#12104 = ADVANCED_FACE('',(#12105),#11845,.F.);
#12105 = FACE_BOUND('',#12106,.F.);
#12106 = EDGE_LOOP('',(#12107,#12108,#12109,#12110));
#12107 = ORIENTED_EDGE('',*,*,#11829,.F.);
#12108 = ORIENTED_EDGE('',*,*,#12014,.T.);
#12109 = ORIENTED_EDGE('',*,*,#11944,.T.);
#12110 = ORIENTED_EDGE('',*,*,#12061,.F.);
#12111 = ADVANCED_FACE('',(#12112),#11899,.T.);
#12112 = FACE_BOUND('',#12113,.T.);
#12113 = EDGE_LOOP('',(#12114,#12115,#12116,#12117));
#12114 = ORIENTED_EDGE('',*,*,#11885,.F.);
#12115 = ORIENTED_EDGE('',*,*,#12036,.T.);
#12116 = ORIENTED_EDGE('',*,*,#11990,.T.);
#12117 = ORIENTED_EDGE('',*,*,#12083,.F.);
#12118 = ( GEOMETRIC_REPRESENTATION_CONTEXT(3) 
GLOBAL_UNCERTAINTY_ASSIGNED_CONTEXT((#12122)) 
GLOBAL_UNIT_ASSIGNED_CONTEXT((#12119,#12120,#12121)) 
REPRESENTATION_CONTEXT('Context #1',
  '3D Context with UNIT and UNCERTAINTY') );
#12119 = ( LENGTH_UNIT() NAMED_UNIT(*) SI_UNIT(.MILLI.,.METRE.) );
#12120 = ( NAMED_UNIT(*) PLANE_ANGLE_UNIT() SI_UNIT($,.RADIAN.) );
#12121 = ( NAMED_UNIT(*) SI_UNIT($,.STERADIAN.) SOLID_ANGLE_UNIT() );
#12122 = UNCERTAINTY_MEASURE_WITH_UNIT(LENGTH_MEASURE(1.E-07),#12119,
  'distance_accuracy_value','confusion accuracy');
#12123 = CONTEXT_DEPENDENT_SHAPE_REPRESENTATION(#12124,#12126);
#12124 = ( REPRESENTATION_RELATIONSHIP('','',#11787,#10) 
REPRESENTATION_RELATIONSHIP_WITH_TRANSFORMATION(#12125) 
SHAPE_REPRESENTATION_RELATIONSHIP() );
#12125 = ITEM_DEFINED_TRANSFORMATION('','',#11,#75);
#12126 = PRODUCT_DEFINITION_SHAPE('Placement','Placement of an item',
  #12127);
#12127 = NEXT_ASSEMBLY_USAGE_OCCURRENCE('99','contact_15','',#5,#11782,$
  );
#12128 = PRODUCT_RELATED_PRODUCT_CATEGORY('part',$,(#11784));
#12129 = SHAPE_DEFINITION_REPRESENTATION(#12130,#12136);
#12130 = PRODUCT_DEFINITION_SHAPE('','',#12131);
#12131 = PRODUCT_DEFINITION('design','',#12132,#12135);
#12132 = PRODUCT_DEFINITION_FORMATION('','',#12133);
#12133 = PRODUCT('contact_16','contact_16','',(#12134));
#12134 = PRODUCT_CONTEXT('',#2,'mechanical');
#12135 = PRODUCT_DEFINITION_CONTEXT('part definition',#2,'design');
#12136 = ADVANCED_BREP_SHAPE_REPRESENTATION('',(#11,#12137),#12467);
#12137 = MANIFOLD_SOLID_BREP('',#12138);
#12138 = CLOSED_SHELL('',(#12139,#12259,#12359,#12406,#12453,#12460));
#12139 = ADVANCED_FACE('',(#12140),#12154,.F.);
#12140 = FACE_BOUND('',#12141,.F.);
#12141 = EDGE_LOOP('',(#12142,#12177,#12205,#12233));
#12142 = ORIENTED_EDGE('',*,*,#12143,.F.);
#12143 = EDGE_CURVE('',#12144,#12146,#12148,.T.);
#12144 = VERTEX_POINT('',#12145);
#12145 = CARTESIAN_POINT('',(2.335,-18.175,-2.51));
#12146 = VERTEX_POINT('',#12147);
#12147 = CARTESIAN_POINT('',(2.335,-18.175,0.13));
#12148 = SURFACE_CURVE('',#12149,(#12153,#12165),.PCURVE_S1.);
#12149 = LINE('',#12150,#12151);
#12150 = CARTESIAN_POINT('',(2.335,-18.175,-2.51));
#12151 = VECTOR('',#12152,1.);
#12152 = DIRECTION('',(0.,0.,1.));
#12153 = PCURVE('',#12154,#12159);
#12154 = PLANE('',#12155);
#12155 = AXIS2_PLACEMENT_3D('',#12156,#12157,#12158);
#12156 = CARTESIAN_POINT('',(2.335,-18.175,-2.51));
#12157 = DIRECTION('',(1.,0.,0.));
#12158 = DIRECTION('',(0.,0.,1.));
#12159 = DEFINITIONAL_REPRESENTATION('',(#12160),#12164);
#12160 = LINE('',#12161,#12162);
#12161 = CARTESIAN_POINT('',(0.,0.));
#12162 = VECTOR('',#12163,1.);
#12163 = DIRECTION('',(1.,0.));
#12164 = ( GEOMETRIC_REPRESENTATION_CONTEXT(2) 
PARAMETRIC_REPRESENTATION_CONTEXT() REPRESENTATION_CONTEXT('2D SPACE',''
  ) );
#12165 = PCURVE('',#12166,#12171);
#12166 = PLANE('',#12167);
#12167 = AXIS2_PLACEMENT_3D('',#12168,#12169,#12170);
#12168 = CARTESIAN_POINT('',(2.335,-18.175,-2.51));
#12169 = DIRECTION('',(0.,1.,0.));
#12170 = DIRECTION('',(0.,0.,1.));
#12171 = DEFINITIONAL_REPRESENTATION('',(#12172),#12176);
#12172 = LINE('',#12173,#12174);
#12173 = CARTESIAN_POINT('',(0.,0.));
#12174 = VECTOR('',#12175,1.);
#12175 = DIRECTION('',(1.,0.));
#12176 = ( GEOMETRIC_REPRESENTATION_CONTEXT(2) 
PARAMETRIC_REPRESENTATION_CONTEXT() REPRESENTATION_CONTEXT('2D SPACE',''
  ) );
#12177 = ORIENTED_EDGE('',*,*,#12178,.T.);
#12178 = EDGE_CURVE('',#12144,#12179,#12181,.T.);
#12179 = VERTEX_POINT('',#12180);
#12180 = CARTESIAN_POINT('',(2.335,-17.385,-2.51));
#12181 = SURFACE_CURVE('',#12182,(#12186,#12193),.PCURVE_S1.);
#12182 = LINE('',#12183,#12184);
#12183 = CARTESIAN_POINT('',(2.335,-18.175,-2.51));
#12184 = VECTOR('',#12185,1.);
#12185 = DIRECTION('',(0.,1.,0.));
#12186 = PCURVE('',#12154,#12187);
#12187 = DEFINITIONAL_REPRESENTATION('',(#12188),#12192);
#12188 = LINE('',#12189,#12190);
#12189 = CARTESIAN_POINT('',(0.,0.));
#12190 = VECTOR('',#12191,1.);
#12191 = DIRECTION('',(0.,-1.));
#12192 = ( GEOMETRIC_REPRESENTATION_CONTEXT(2) 
PARAMETRIC_REPRESENTATION_CONTEXT() REPRESENTATION_CONTEXT('2D SPACE',''
  ) );
#12193 = PCURVE('',#12194,#12199);
#12194 = PLANE('',#12195);
#12195 = AXIS2_PLACEMENT_3D('',#12196,#12197,#12198);
#12196 = CARTESIAN_POINT('',(2.335,-18.175,-2.51));
#12197 = DIRECTION('',(0.,0.,1.));
#12198 = DIRECTION('',(1.,0.,0.));
#12199 = DEFINITIONAL_REPRESENTATION('',(#12200),#12204);
#12200 = LINE('',#12201,#12202);
#12201 = CARTESIAN_POINT('',(0.,0.));
#12202 = VECTOR('',#12203,1.);
#12203 = DIRECTION('',(0.,1.));
#12204 = ( GEOMETRIC_REPRESENTATION_CONTEXT(2) 
PARAMETRIC_REPRESENTATION_CONTEXT() REPRESENTATION_CONTEXT('2D SPACE',''
  ) );
#12205 = ORIENTED_EDGE('',*,*,#12206,.T.);
#12206 = EDGE_CURVE('',#12179,#12207,#12209,.T.);
#12207 = VERTEX_POINT('',#12208);
#12208 = CARTESIAN_POINT('',(2.335,-17.385,0.13));
#12209 = SURFACE_CURVE('',#12210,(#12214,#12221),.PCURVE_S1.);
#12210 = LINE('',#12211,#12212);
#12211 = CARTESIAN_POINT('',(2.335,-17.385,-2.51));
#12212 = VECTOR('',#12213,1.);
#12213 = DIRECTION('',(0.,0.,1.));
#12214 = PCURVE('',#12154,#12215);
#12215 = DEFINITIONAL_REPRESENTATION('',(#12216),#12220);
#12216 = LINE('',#12217,#12218);
#12217 = CARTESIAN_POINT('',(0.,-0.79));
#12218 = VECTOR('',#12219,1.);
#12219 = DIRECTION('',(1.,0.));
#12220 = ( GEOMETRIC_REPRESENTATION_CONTEXT(2) 
PARAMETRIC_REPRESENTATION_CONTEXT() REPRESENTATION_CONTEXT('2D SPACE',''
  ) );
#12221 = PCURVE('',#12222,#12227);
#12222 = PLANE('',#12223);
#12223 = AXIS2_PLACEMENT_3D('',#12224,#12225,#12226);
#12224 = CARTESIAN_POINT('',(2.335,-17.385,-2.51));
#12225 = DIRECTION('',(0.,1.,0.));
#12226 = DIRECTION('',(0.,0.,1.));
#12227 = DEFINITIONAL_REPRESENTATION('',(#12228),#12232);
#12228 = LINE('',#12229,#12230);
#12229 = CARTESIAN_POINT('',(0.,0.));
#12230 = VECTOR('',#12231,1.);
#12231 = DIRECTION('',(1.,0.));
#12232 = ( GEOMETRIC_REPRESENTATION_CONTEXT(2) 
PARAMETRIC_REPRESENTATION_CONTEXT() REPRESENTATION_CONTEXT('2D SPACE',''
  ) );
#12233 = ORIENTED_EDGE('',*,*,#12234,.F.);
#12234 = EDGE_CURVE('',#12146,#12207,#12235,.T.);
#12235 = SURFACE_CURVE('',#12236,(#12240,#12247),.PCURVE_S1.);
#12236 = LINE('',#12237,#12238);
#12237 = CARTESIAN_POINT('',(2.335,-18.175,0.13));
#12238 = VECTOR('',#12239,1.);
#12239 = DIRECTION('',(0.,1.,0.));
#12240 = PCURVE('',#12154,#12241);
#12241 = DEFINITIONAL_REPRESENTATION('',(#12242),#12246);
#12242 = LINE('',#12243,#12244);
#12243 = CARTESIAN_POINT('',(2.64,0.));
#12244 = VECTOR('',#12245,1.);
#12245 = DIRECTION('',(0.,-1.));
#12246 = ( GEOMETRIC_REPRESENTATION_CONTEXT(2) 
PARAMETRIC_REPRESENTATION_CONTEXT() REPRESENTATION_CONTEXT('2D SPACE',''
  ) );
#12247 = PCURVE('',#12248,#12253);
#12248 = PLANE('',#12249);
#12249 = AXIS2_PLACEMENT_3D('',#12250,#12251,#12252);
#12250 = CARTESIAN_POINT('',(2.335,-18.175,0.13));
#12251 = DIRECTION('',(0.,0.,1.));
#12252 = DIRECTION('',(1.,0.,0.));
#12253 = DEFINITIONAL_REPRESENTATION('',(#12254),#12258);
#12254 = LINE('',#12255,#12256);
#12255 = CARTESIAN_POINT('',(0.,0.));
#12256 = VECTOR('',#12257,1.);
#12257 = DIRECTION('',(0.,1.));
#12258 = ( GEOMETRIC_REPRESENTATION_CONTEXT(2) 
PARAMETRIC_REPRESENTATION_CONTEXT() REPRESENTATION_CONTEXT('2D SPACE',''
  ) );
#12259 = ADVANCED_FACE('',(#12260),#12274,.T.);
#12260 = FACE_BOUND('',#12261,.T.);
#12261 = EDGE_LOOP('',(#12262,#12292,#12315,#12338));
#12262 = ORIENTED_EDGE('',*,*,#12263,.F.);
#12263 = EDGE_CURVE('',#12264,#12266,#12268,.T.);
#12264 = VERTEX_POINT('',#12265);
#12265 = CARTESIAN_POINT('',(2.745,-18.175,-2.51));
#12266 = VERTEX_POINT('',#12267);
#12267 = CARTESIAN_POINT('',(2.745,-18.175,0.13));
#12268 = SURFACE_CURVE('',#12269,(#12273,#12285),.PCURVE_S1.);
#12269 = LINE('',#12270,#12271);
#12270 = CARTESIAN_POINT('',(2.745,-18.175,-2.51));
#12271 = VECTOR('',#12272,1.);
#12272 = DIRECTION('',(0.,0.,1.));
#12273 = PCURVE('',#12274,#12279);
#12274 = PLANE('',#12275);
#12275 = AXIS2_PLACEMENT_3D('',#12276,#12277,#12278);
#12276 = CARTESIAN_POINT('',(2.745,-18.175,-2.51));
#12277 = DIRECTION('',(1.,0.,0.));
#12278 = DIRECTION('',(0.,0.,1.));
#12279 = DEFINITIONAL_REPRESENTATION('',(#12280),#12284);
#12280 = LINE('',#12281,#12282);
#12281 = CARTESIAN_POINT('',(0.,0.));
#12282 = VECTOR('',#12283,1.);
#12283 = DIRECTION('',(1.,0.));
#12284 = ( GEOMETRIC_REPRESENTATION_CONTEXT(2) 
PARAMETRIC_REPRESENTATION_CONTEXT() REPRESENTATION_CONTEXT('2D SPACE',''
  ) );
#12285 = PCURVE('',#12166,#12286);
#12286 = DEFINITIONAL_REPRESENTATION('',(#12287),#12291);
#12287 = LINE('',#12288,#12289);
#12288 = CARTESIAN_POINT('',(0.,0.41));
#12289 = VECTOR('',#12290,1.);
#12290 = DIRECTION('',(1.,0.));
#12291 = ( GEOMETRIC_REPRESENTATION_CONTEXT(2) 
PARAMETRIC_REPRESENTATION_CONTEXT() REPRESENTATION_CONTEXT('2D SPACE',''
  ) );
#12292 = ORIENTED_EDGE('',*,*,#12293,.T.);
#12293 = EDGE_CURVE('',#12264,#12294,#12296,.T.);
#12294 = VERTEX_POINT('',#12295);
#12295 = CARTESIAN_POINT('',(2.745,-17.385,-2.51));
#12296 = SURFACE_CURVE('',#12297,(#12301,#12308),.PCURVE_S1.);
#12297 = LINE('',#12298,#12299);
#12298 = CARTESIAN_POINT('',(2.745,-18.175,-2.51));
#12299 = VECTOR('',#12300,1.);
#12300 = DIRECTION('',(0.,1.,0.));
#12301 = PCURVE('',#12274,#12302);
#12302 = DEFINITIONAL_REPRESENTATION('',(#12303),#12307);
#12303 = LINE('',#12304,#12305);
#12304 = CARTESIAN_POINT('',(0.,0.));
#12305 = VECTOR('',#12306,1.);
#12306 = DIRECTION('',(0.,-1.));
#12307 = ( GEOMETRIC_REPRESENTATION_CONTEXT(2) 
PARAMETRIC_REPRESENTATION_CONTEXT() REPRESENTATION_CONTEXT('2D SPACE',''
  ) );
#12308 = PCURVE('',#12194,#12309);
#12309 = DEFINITIONAL_REPRESENTATION('',(#12310),#12314);
#12310 = LINE('',#12311,#12312);
#12311 = CARTESIAN_POINT('',(0.41,0.));
#12312 = VECTOR('',#12313,1.);
#12313 = DIRECTION('',(0.,1.));
#12314 = ( GEOMETRIC_REPRESENTATION_CONTEXT(2) 
PARAMETRIC_REPRESENTATION_CONTEXT() REPRESENTATION_CONTEXT('2D SPACE',''
  ) );
#12315 = ORIENTED_EDGE('',*,*,#12316,.T.);
#12316 = EDGE_CURVE('',#12294,#12317,#12319,.T.);
#12317 = VERTEX_POINT('',#12318);
#12318 = CARTESIAN_POINT('',(2.745,-17.385,0.13));
#12319 = SURFACE_CURVE('',#12320,(#12324,#12331),.PCURVE_S1.);
#12320 = LINE('',#12321,#12322);
#12321 = CARTESIAN_POINT('',(2.745,-17.385,-2.51));
#12322 = VECTOR('',#12323,1.);
#12323 = DIRECTION('',(0.,0.,1.));
#12324 = PCURVE('',#12274,#12325);
#12325 = DEFINITIONAL_REPRESENTATION('',(#12326),#12330);
#12326 = LINE('',#12327,#12328);
#12327 = CARTESIAN_POINT('',(0.,-0.79));
#12328 = VECTOR('',#12329,1.);
#12329 = DIRECTION('',(1.,0.));
#12330 = ( GEOMETRIC_REPRESENTATION_CONTEXT(2) 
PARAMETRIC_REPRESENTATION_CONTEXT() REPRESENTATION_CONTEXT('2D SPACE',''
  ) );
#12331 = PCURVE('',#12222,#12332);
#12332 = DEFINITIONAL_REPRESENTATION('',(#12333),#12337);
#12333 = LINE('',#12334,#12335);
#12334 = CARTESIAN_POINT('',(0.,0.41));
#12335 = VECTOR('',#12336,1.);
#12336 = DIRECTION('',(1.,0.));
#12337 = ( GEOMETRIC_REPRESENTATION_CONTEXT(2) 
PARAMETRIC_REPRESENTATION_CONTEXT() REPRESENTATION_CONTEXT('2D SPACE',''
  ) );
#12338 = ORIENTED_EDGE('',*,*,#12339,.F.);
#12339 = EDGE_CURVE('',#12266,#12317,#12340,.T.);
#12340 = SURFACE_CURVE('',#12341,(#12345,#12352),.PCURVE_S1.);
#12341 = LINE('',#12342,#12343);
#12342 = CARTESIAN_POINT('',(2.745,-18.175,0.13));
#12343 = VECTOR('',#12344,1.);
#12344 = DIRECTION('',(0.,1.,0.));
#12345 = PCURVE('',#12274,#12346);
#12346 = DEFINITIONAL_REPRESENTATION('',(#12347),#12351);
#12347 = LINE('',#12348,#12349);
#12348 = CARTESIAN_POINT('',(2.64,0.));
#12349 = VECTOR('',#12350,1.);
#12350 = DIRECTION('',(0.,-1.));
#12351 = ( GEOMETRIC_REPRESENTATION_CONTEXT(2) 
PARAMETRIC_REPRESENTATION_CONTEXT() REPRESENTATION_CONTEXT('2D SPACE',''
  ) );
#12352 = PCURVE('',#12248,#12353);
#12353 = DEFINITIONAL_REPRESENTATION('',(#12354),#12358);
#12354 = LINE('',#12355,#12356);
#12355 = CARTESIAN_POINT('',(0.41,0.));
#12356 = VECTOR('',#12357,1.);
#12357 = DIRECTION('',(0.,1.));
#12358 = ( GEOMETRIC_REPRESENTATION_CONTEXT(2) 
PARAMETRIC_REPRESENTATION_CONTEXT() REPRESENTATION_CONTEXT('2D SPACE',''
  ) );
#12359 = ADVANCED_FACE('',(#12360),#12166,.F.);
#12360 = FACE_BOUND('',#12361,.F.);
#12361 = EDGE_LOOP('',(#12362,#12383,#12384,#12405));
#12362 = ORIENTED_EDGE('',*,*,#12363,.F.);
#12363 = EDGE_CURVE('',#12144,#12264,#12364,.T.);
#12364 = SURFACE_CURVE('',#12365,(#12369,#12376),.PCURVE_S1.);
#12365 = LINE('',#12366,#12367);
#12366 = CARTESIAN_POINT('',(2.335,-18.175,-2.51));
#12367 = VECTOR('',#12368,1.);
#12368 = DIRECTION('',(1.,0.,0.));
#12369 = PCURVE('',#12166,#12370);
#12370 = DEFINITIONAL_REPRESENTATION('',(#12371),#12375);
#12371 = LINE('',#12372,#12373);
#12372 = CARTESIAN_POINT('',(0.,0.));
#12373 = VECTOR('',#12374,1.);
#12374 = DIRECTION('',(0.,1.));
#12375 = ( GEOMETRIC_REPRESENTATION_CONTEXT(2) 
PARAMETRIC_REPRESENTATION_CONTEXT() REPRESENTATION_CONTEXT('2D SPACE',''
  ) );
#12376 = PCURVE('',#12194,#12377);
#12377 = DEFINITIONAL_REPRESENTATION('',(#12378),#12382);
#12378 = LINE('',#12379,#12380);
#12379 = CARTESIAN_POINT('',(0.,0.));
#12380 = VECTOR('',#12381,1.);
#12381 = DIRECTION('',(1.,0.));
#12382 = ( GEOMETRIC_REPRESENTATION_CONTEXT(2) 
PARAMETRIC_REPRESENTATION_CONTEXT() REPRESENTATION_CONTEXT('2D SPACE',''
  ) );
#12383 = ORIENTED_EDGE('',*,*,#12143,.T.);
#12384 = ORIENTED_EDGE('',*,*,#12385,.T.);
#12385 = EDGE_CURVE('',#12146,#12266,#12386,.T.);
#12386 = SURFACE_CURVE('',#12387,(#12391,#12398),.PCURVE_S1.);
#12387 = LINE('',#12388,#12389);
#12388 = CARTESIAN_POINT('',(2.335,-18.175,0.13));
#12389 = VECTOR('',#12390,1.);
#12390 = DIRECTION('',(1.,0.,0.));
#12391 = PCURVE('',#12166,#12392);
#12392 = DEFINITIONAL_REPRESENTATION('',(#12393),#12397);
#12393 = LINE('',#12394,#12395);
#12394 = CARTESIAN_POINT('',(2.64,0.));
#12395 = VECTOR('',#12396,1.);
#12396 = DIRECTION('',(0.,1.));
#12397 = ( GEOMETRIC_REPRESENTATION_CONTEXT(2) 
PARAMETRIC_REPRESENTATION_CONTEXT() REPRESENTATION_CONTEXT('2D SPACE',''
  ) );
#12398 = PCURVE('',#12248,#12399);
#12399 = DEFINITIONAL_REPRESENTATION('',(#12400),#12404);
#12400 = LINE('',#12401,#12402);
#12401 = CARTESIAN_POINT('',(0.,0.));
#12402 = VECTOR('',#12403,1.);
#12403 = DIRECTION('',(1.,0.));
#12404 = ( GEOMETRIC_REPRESENTATION_CONTEXT(2) 
PARAMETRIC_REPRESENTATION_CONTEXT() REPRESENTATION_CONTEXT('2D SPACE',''
  ) );
#12405 = ORIENTED_EDGE('',*,*,#12263,.F.);
#12406 = ADVANCED_FACE('',(#12407),#12222,.T.);
#12407 = FACE_BOUND('',#12408,.T.);
#12408 = EDGE_LOOP('',(#12409,#12430,#12431,#12452));
#12409 = ORIENTED_EDGE('',*,*,#12410,.F.);
#12410 = EDGE_CURVE('',#12179,#12294,#12411,.T.);
#12411 = SURFACE_CURVE('',#12412,(#12416,#12423),.PCURVE_S1.);
#12412 = LINE('',#12413,#12414);
#12413 = CARTESIAN_POINT('',(2.335,-17.385,-2.51));
#12414 = VECTOR('',#12415,1.);
#12415 = DIRECTION('',(1.,0.,0.));
#12416 = PCURVE('',#12222,#12417);
#12417 = DEFINITIONAL_REPRESENTATION('',(#12418),#12422);
#12418 = LINE('',#12419,#12420);
#12419 = CARTESIAN_POINT('',(0.,0.));
#12420 = VECTOR('',#12421,1.);
#12421 = DIRECTION('',(0.,1.));
#12422 = ( GEOMETRIC_REPRESENTATION_CONTEXT(2) 
PARAMETRIC_REPRESENTATION_CONTEXT() REPRESENTATION_CONTEXT('2D SPACE',''
  ) );
#12423 = PCURVE('',#12194,#12424);
#12424 = DEFINITIONAL_REPRESENTATION('',(#12425),#12429);
#12425 = LINE('',#12426,#12427);
#12426 = CARTESIAN_POINT('',(0.,0.79));
#12427 = VECTOR('',#12428,1.);
#12428 = DIRECTION('',(1.,0.));
#12429 = ( GEOMETRIC_REPRESENTATION_CONTEXT(2) 
PARAMETRIC_REPRESENTATION_CONTEXT() REPRESENTATION_CONTEXT('2D SPACE',''
  ) );
#12430 = ORIENTED_EDGE('',*,*,#12206,.T.);
#12431 = ORIENTED_EDGE('',*,*,#12432,.T.);
#12432 = EDGE_CURVE('',#12207,#12317,#12433,.T.);
#12433 = SURFACE_CURVE('',#12434,(#12438,#12445),.PCURVE_S1.);
#12434 = LINE('',#12435,#12436);
#12435 = CARTESIAN_POINT('',(2.335,-17.385,0.13));
#12436 = VECTOR('',#12437,1.);
#12437 = DIRECTION('',(1.,0.,0.));
#12438 = PCURVE('',#12222,#12439);
#12439 = DEFINITIONAL_REPRESENTATION('',(#12440),#12444);
#12440 = LINE('',#12441,#12442);
#12441 = CARTESIAN_POINT('',(2.64,0.));
#12442 = VECTOR('',#12443,1.);
#12443 = DIRECTION('',(0.,1.));
#12444 = ( GEOMETRIC_REPRESENTATION_CONTEXT(2) 
PARAMETRIC_REPRESENTATION_CONTEXT() REPRESENTATION_CONTEXT('2D SPACE',''
  ) );
#12445 = PCURVE('',#12248,#12446);
#12446 = DEFINITIONAL_REPRESENTATION('',(#12447),#12451);
#12447 = LINE('',#12448,#12449);
#12448 = CARTESIAN_POINT('',(0.,0.79));
#12449 = VECTOR('',#12450,1.);
#12450 = DIRECTION('',(1.,0.));
#12451 = ( GEOMETRIC_REPRESENTATION_CONTEXT(2) 
PARAMETRIC_REPRESENTATION_CONTEXT() REPRESENTATION_CONTEXT('2D SPACE',''
  ) );
#12452 = ORIENTED_EDGE('',*,*,#12316,.F.);
#12453 = ADVANCED_FACE('',(#12454),#12194,.F.);
#12454 = FACE_BOUND('',#12455,.F.);
#12455 = EDGE_LOOP('',(#12456,#12457,#12458,#12459));
#12456 = ORIENTED_EDGE('',*,*,#12178,.F.);
#12457 = ORIENTED_EDGE('',*,*,#12363,.T.);
#12458 = ORIENTED_EDGE('',*,*,#12293,.T.);
#12459 = ORIENTED_EDGE('',*,*,#12410,.F.);
#12460 = ADVANCED_FACE('',(#12461),#12248,.T.);
#12461 = FACE_BOUND('',#12462,.T.);
#12462 = EDGE_LOOP('',(#12463,#12464,#12465,#12466));
#12463 = ORIENTED_EDGE('',*,*,#12234,.F.);
#12464 = ORIENTED_EDGE('',*,*,#12385,.T.);
#12465 = ORIENTED_EDGE('',*,*,#12339,.T.);
#12466 = ORIENTED_EDGE('',*,*,#12432,.F.);
#12467 = ( GEOMETRIC_REPRESENTATION_CONTEXT(3) 
GLOBAL_UNCERTAINTY_ASSIGNED_CONTEXT((#12471)) 
GLOBAL_UNIT_ASSIGNED_CONTEXT((#12468,#12469,#12470)) 
REPRESENTATION_CONTEXT('Context #1',
  '3D Context with UNIT and UNCERTAINTY') );
#12468 = ( LENGTH_UNIT() NAMED_UNIT(*) SI_UNIT(.MILLI.,.METRE.) );
#12469 = ( NAMED_UNIT(*) PLANE_ANGLE_UNIT() SI_UNIT($,.RADIAN.) );
#12470 = ( NAMED_UNIT(*) SI_UNIT($,.STERADIAN.) SOLID_ANGLE_UNIT() );
#12471 = UNCERTAINTY_MEASURE_WITH_UNIT(LENGTH_MEASURE(1.E-07),#12468,
  'distance_accuracy_value','confusion accuracy');
#12472 = CONTEXT_DEPENDENT_SHAPE_REPRESENTATION(#12473,#12475);
#12473 = ( REPRESENTATION_RELATIONSHIP('','',#12136,#10) 
REPRESENTATION_RELATIONSHIP_WITH_TRANSFORMATION(#12474) 
SHAPE_REPRESENTATION_RELATIONSHIP() );
#12474 = ITEM_DEFINED_TRANSFORMATION('','',#11,#79);
#12475 = PRODUCT_DEFINITION_SHAPE('Placement','Placement of an item',
  #12476);
#12476 = NEXT_ASSEMBLY_USAGE_OCCURRENCE('100','contact_16','',#5,#12131,
  $);
#12477 = PRODUCT_RELATED_PRODUCT_CATEGORY('part',$,(#12133));
#12478 = SHAPE_DEFINITION_REPRESENTATION(#12479,#12485);
#12479 = PRODUCT_DEFINITION_SHAPE('','',#12480);
#12480 = PRODUCT_DEFINITION('design','',#12481,#12484);
#12481 = PRODUCT_DEFINITION_FORMATION('','',#12482);
#12482 = PRODUCT('contact_17','contact_17','',(#12483));
#12483 = PRODUCT_CONTEXT('',#2,'mechanical');
#12484 = PRODUCT_DEFINITION_CONTEXT('part definition',#2,'design');
#12485 = ADVANCED_BREP_SHAPE_REPRESENTATION('',(#11,#12486),#12816);
#12486 = MANIFOLD_SOLID_BREP('',#12487);
#12487 = CLOSED_SHELL('',(#12488,#12608,#12708,#12755,#12802,#12809));
#12488 = ADVANCED_FACE('',(#12489),#12503,.F.);
#12489 = FACE_BOUND('',#12490,.F.);
#12490 = EDGE_LOOP('',(#12491,#12526,#12554,#12582));
#12491 = ORIENTED_EDGE('',*,*,#12492,.F.);
#12492 = EDGE_CURVE('',#12493,#12495,#12497,.T.);
#12493 = VERTEX_POINT('',#12494);
#12494 = CARTESIAN_POINT('',(-0.205,-20.715,-2.51));
#12495 = VERTEX_POINT('',#12496);
#12496 = CARTESIAN_POINT('',(-0.205,-20.715,0.13));
#12497 = SURFACE_CURVE('',#12498,(#12502,#12514),.PCURVE_S1.);
#12498 = LINE('',#12499,#12500);
#12499 = CARTESIAN_POINT('',(-0.205,-20.715,-2.51));
#12500 = VECTOR('',#12501,1.);
#12501 = DIRECTION('',(0.,0.,1.));
#12502 = PCURVE('',#12503,#12508);
#12503 = PLANE('',#12504);
#12504 = AXIS2_PLACEMENT_3D('',#12505,#12506,#12507);
#12505 = CARTESIAN_POINT('',(-0.205,-20.715,-2.51));
#12506 = DIRECTION('',(1.,0.,0.));
#12507 = DIRECTION('',(0.,0.,1.));
#12508 = DEFINITIONAL_REPRESENTATION('',(#12509),#12513);
#12509 = LINE('',#12510,#12511);
#12510 = CARTESIAN_POINT('',(0.,0.));
#12511 = VECTOR('',#12512,1.);
#12512 = DIRECTION('',(1.,0.));
#12513 = ( GEOMETRIC_REPRESENTATION_CONTEXT(2) 
PARAMETRIC_REPRESENTATION_CONTEXT() REPRESENTATION_CONTEXT('2D SPACE',''
  ) );
#12514 = PCURVE('',#12515,#12520);
#12515 = PLANE('',#12516);
#12516 = AXIS2_PLACEMENT_3D('',#12517,#12518,#12519);
#12517 = CARTESIAN_POINT('',(-0.205,-20.715,-2.51));
#12518 = DIRECTION('',(0.,1.,0.));
#12519 = DIRECTION('',(0.,0.,1.));
#12520 = DEFINITIONAL_REPRESENTATION('',(#12521),#12525);
#12521 = LINE('',#12522,#12523);
#12522 = CARTESIAN_POINT('',(0.,0.));
#12523 = VECTOR('',#12524,1.);
#12524 = DIRECTION('',(1.,0.));
#12525 = ( GEOMETRIC_REPRESENTATION_CONTEXT(2) 
PARAMETRIC_REPRESENTATION_CONTEXT() REPRESENTATION_CONTEXT('2D SPACE',''
  ) );
#12526 = ORIENTED_EDGE('',*,*,#12527,.T.);
#12527 = EDGE_CURVE('',#12493,#12528,#12530,.T.);
#12528 = VERTEX_POINT('',#12529);
#12529 = CARTESIAN_POINT('',(-0.205,-19.925,-2.51));
#12530 = SURFACE_CURVE('',#12531,(#12535,#12542),.PCURVE_S1.);
#12531 = LINE('',#12532,#12533);
#12532 = CARTESIAN_POINT('',(-0.205,-20.715,-2.51));
#12533 = VECTOR('',#12534,1.);
#12534 = DIRECTION('',(0.,1.,0.));
#12535 = PCURVE('',#12503,#12536);
#12536 = DEFINITIONAL_REPRESENTATION('',(#12537),#12541);
#12537 = LINE('',#12538,#12539);
#12538 = CARTESIAN_POINT('',(0.,0.));
#12539 = VECTOR('',#12540,1.);
#12540 = DIRECTION('',(0.,-1.));
#12541 = ( GEOMETRIC_REPRESENTATION_CONTEXT(2) 
PARAMETRIC_REPRESENTATION_CONTEXT() REPRESENTATION_CONTEXT('2D SPACE',''
  ) );
#12542 = PCURVE('',#12543,#12548);
#12543 = PLANE('',#12544);
#12544 = AXIS2_PLACEMENT_3D('',#12545,#12546,#12547);
#12545 = CARTESIAN_POINT('',(-0.205,-20.715,-2.51));
#12546 = DIRECTION('',(0.,0.,1.));
#12547 = DIRECTION('',(1.,0.,0.));
#12548 = DEFINITIONAL_REPRESENTATION('',(#12549),#12553);
#12549 = LINE('',#12550,#12551);
#12550 = CARTESIAN_POINT('',(0.,0.));
#12551 = VECTOR('',#12552,1.);
#12552 = DIRECTION('',(0.,1.));
#12553 = ( GEOMETRIC_REPRESENTATION_CONTEXT(2) 
PARAMETRIC_REPRESENTATION_CONTEXT() REPRESENTATION_CONTEXT('2D SPACE',''
  ) );
#12554 = ORIENTED_EDGE('',*,*,#12555,.T.);
#12555 = EDGE_CURVE('',#12528,#12556,#12558,.T.);
#12556 = VERTEX_POINT('',#12557);
#12557 = CARTESIAN_POINT('',(-0.205,-19.925,0.13));
#12558 = SURFACE_CURVE('',#12559,(#12563,#12570),.PCURVE_S1.);
#12559 = LINE('',#12560,#12561);
#12560 = CARTESIAN_POINT('',(-0.205,-19.925,-2.51));
#12561 = VECTOR('',#12562,1.);
#12562 = DIRECTION('',(0.,0.,1.));
#12563 = PCURVE('',#12503,#12564);
#12564 = DEFINITIONAL_REPRESENTATION('',(#12565),#12569);
#12565 = LINE('',#12566,#12567);
#12566 = CARTESIAN_POINT('',(0.,-0.79));
#12567 = VECTOR('',#12568,1.);
#12568 = DIRECTION('',(1.,0.));
#12569 = ( GEOMETRIC_REPRESENTATION_CONTEXT(2) 
PARAMETRIC_REPRESENTATION_CONTEXT() REPRESENTATION_CONTEXT('2D SPACE',''
  ) );
#12570 = PCURVE('',#12571,#12576);
#12571 = PLANE('',#12572);
#12572 = AXIS2_PLACEMENT_3D('',#12573,#12574,#12575);
#12573 = CARTESIAN_POINT('',(-0.205,-19.925,-2.51));
#12574 = DIRECTION('',(0.,1.,0.));
#12575 = DIRECTION('',(0.,0.,1.));
#12576 = DEFINITIONAL_REPRESENTATION('',(#12577),#12581);
#12577 = LINE('',#12578,#12579);
#12578 = CARTESIAN_POINT('',(0.,0.));
#12579 = VECTOR('',#12580,1.);
#12580 = DIRECTION('',(1.,0.));
#12581 = ( GEOMETRIC_REPRESENTATION_CONTEXT(2) 
PARAMETRIC_REPRESENTATION_CONTEXT() REPRESENTATION_CONTEXT('2D SPACE',''
  ) );
#12582 = ORIENTED_EDGE('',*,*,#12583,.F.);
#12583 = EDGE_CURVE('',#12495,#12556,#12584,.T.);
#12584 = SURFACE_CURVE('',#12585,(#12589,#12596),.PCURVE_S1.);
#12585 = LINE('',#12586,#12587);
#12586 = CARTESIAN_POINT('',(-0.205,-20.715,0.13));
#12587 = VECTOR('',#12588,1.);
#12588 = DIRECTION('',(0.,1.,0.));
#12589 = PCURVE('',#12503,#12590);
#12590 = DEFINITIONAL_REPRESENTATION('',(#12591),#12595);
#12591 = LINE('',#12592,#12593);
#12592 = CARTESIAN_POINT('',(2.64,0.));
#12593 = VECTOR('',#12594,1.);
#12594 = DIRECTION('',(0.,-1.));
#12595 = ( GEOMETRIC_REPRESENTATION_CONTEXT(2) 
PARAMETRIC_REPRESENTATION_CONTEXT() REPRESENTATION_CONTEXT('2D SPACE',''
  ) );
#12596 = PCURVE('',#12597,#12602);
#12597 = PLANE('',#12598);
#12598 = AXIS2_PLACEMENT_3D('',#12599,#12600,#12601);
#12599 = CARTESIAN_POINT('',(-0.205,-20.715,0.13));
#12600 = DIRECTION('',(0.,0.,1.));
#12601 = DIRECTION('',(1.,0.,0.));
#12602 = DEFINITIONAL_REPRESENTATION('',(#12603),#12607);
#12603 = LINE('',#12604,#12605);
#12604 = CARTESIAN_POINT('',(0.,0.));
#12605 = VECTOR('',#12606,1.);
#12606 = DIRECTION('',(0.,1.));
#12607 = ( GEOMETRIC_REPRESENTATION_CONTEXT(2) 
PARAMETRIC_REPRESENTATION_CONTEXT() REPRESENTATION_CONTEXT('2D SPACE',''
  ) );
#12608 = ADVANCED_FACE('',(#12609),#12623,.T.);
#12609 = FACE_BOUND('',#12610,.T.);
#12610 = EDGE_LOOP('',(#12611,#12641,#12664,#12687));
#12611 = ORIENTED_EDGE('',*,*,#12612,.F.);
#12612 = EDGE_CURVE('',#12613,#12615,#12617,.T.);
#12613 = VERTEX_POINT('',#12614);
#12614 = CARTESIAN_POINT('',(0.205,-20.715,-2.51));
#12615 = VERTEX_POINT('',#12616);
#12616 = CARTESIAN_POINT('',(0.205,-20.715,0.13));
#12617 = SURFACE_CURVE('',#12618,(#12622,#12634),.PCURVE_S1.);
#12618 = LINE('',#12619,#12620);
#12619 = CARTESIAN_POINT('',(0.205,-20.715,-2.51));
#12620 = VECTOR('',#12621,1.);
#12621 = DIRECTION('',(0.,0.,1.));
#12622 = PCURVE('',#12623,#12628);
#12623 = PLANE('',#12624);
#12624 = AXIS2_PLACEMENT_3D('',#12625,#12626,#12627);
#12625 = CARTESIAN_POINT('',(0.205,-20.715,-2.51));
#12626 = DIRECTION('',(1.,0.,0.));
#12627 = DIRECTION('',(0.,0.,1.));
#12628 = DEFINITIONAL_REPRESENTATION('',(#12629),#12633);
#12629 = LINE('',#12630,#12631);
#12630 = CARTESIAN_POINT('',(0.,0.));
#12631 = VECTOR('',#12632,1.);
#12632 = DIRECTION('',(1.,0.));
#12633 = ( GEOMETRIC_REPRESENTATION_CONTEXT(2) 
PARAMETRIC_REPRESENTATION_CONTEXT() REPRESENTATION_CONTEXT('2D SPACE',''
  ) );
#12634 = PCURVE('',#12515,#12635);
#12635 = DEFINITIONAL_REPRESENTATION('',(#12636),#12640);
#12636 = LINE('',#12637,#12638);
#12637 = CARTESIAN_POINT('',(0.,0.41));
#12638 = VECTOR('',#12639,1.);
#12639 = DIRECTION('',(1.,0.));
#12640 = ( GEOMETRIC_REPRESENTATION_CONTEXT(2) 
PARAMETRIC_REPRESENTATION_CONTEXT() REPRESENTATION_CONTEXT('2D SPACE',''
  ) );
#12641 = ORIENTED_EDGE('',*,*,#12642,.T.);
#12642 = EDGE_CURVE('',#12613,#12643,#12645,.T.);
#12643 = VERTEX_POINT('',#12644);
#12644 = CARTESIAN_POINT('',(0.205,-19.925,-2.51));
#12645 = SURFACE_CURVE('',#12646,(#12650,#12657),.PCURVE_S1.);
#12646 = LINE('',#12647,#12648);
#12647 = CARTESIAN_POINT('',(0.205,-20.715,-2.51));
#12648 = VECTOR('',#12649,1.);
#12649 = DIRECTION('',(0.,1.,0.));
#12650 = PCURVE('',#12623,#12651);
#12651 = DEFINITIONAL_REPRESENTATION('',(#12652),#12656);
#12652 = LINE('',#12653,#12654);
#12653 = CARTESIAN_POINT('',(0.,0.));
#12654 = VECTOR('',#12655,1.);
#12655 = DIRECTION('',(0.,-1.));
#12656 = ( GEOMETRIC_REPRESENTATION_CONTEXT(2) 
PARAMETRIC_REPRESENTATION_CONTEXT() REPRESENTATION_CONTEXT('2D SPACE',''
  ) );
#12657 = PCURVE('',#12543,#12658);
#12658 = DEFINITIONAL_REPRESENTATION('',(#12659),#12663);
#12659 = LINE('',#12660,#12661);
#12660 = CARTESIAN_POINT('',(0.41,0.));
#12661 = VECTOR('',#12662,1.);
#12662 = DIRECTION('',(0.,1.));
#12663 = ( GEOMETRIC_REPRESENTATION_CONTEXT(2) 
PARAMETRIC_REPRESENTATION_CONTEXT() REPRESENTATION_CONTEXT('2D SPACE',''
  ) );
#12664 = ORIENTED_EDGE('',*,*,#12665,.T.);
#12665 = EDGE_CURVE('',#12643,#12666,#12668,.T.);
#12666 = VERTEX_POINT('',#12667);
#12667 = CARTESIAN_POINT('',(0.205,-19.925,0.13));
#12668 = SURFACE_CURVE('',#12669,(#12673,#12680),.PCURVE_S1.);
#12669 = LINE('',#12670,#12671);
#12670 = CARTESIAN_POINT('',(0.205,-19.925,-2.51));
#12671 = VECTOR('',#12672,1.);
#12672 = DIRECTION('',(0.,0.,1.));
#12673 = PCURVE('',#12623,#12674);
#12674 = DEFINITIONAL_REPRESENTATION('',(#12675),#12679);
#12675 = LINE('',#12676,#12677);
#12676 = CARTESIAN_POINT('',(0.,-0.79));
#12677 = VECTOR('',#12678,1.);
#12678 = DIRECTION('',(1.,0.));
#12679 = ( GEOMETRIC_REPRESENTATION_CONTEXT(2) 
PARAMETRIC_REPRESENTATION_CONTEXT() REPRESENTATION_CONTEXT('2D SPACE',''
  ) );
#12680 = PCURVE('',#12571,#12681);
#12681 = DEFINITIONAL_REPRESENTATION('',(#12682),#12686);
#12682 = LINE('',#12683,#12684);
#12683 = CARTESIAN_POINT('',(0.,0.41));
#12684 = VECTOR('',#12685,1.);
#12685 = DIRECTION('',(1.,0.));
#12686 = ( GEOMETRIC_REPRESENTATION_CONTEXT(2) 
PARAMETRIC_REPRESENTATION_CONTEXT() REPRESENTATION_CONTEXT('2D SPACE',''
  ) );
#12687 = ORIENTED_EDGE('',*,*,#12688,.F.);
#12688 = EDGE_CURVE('',#12615,#12666,#12689,.T.);
#12689 = SURFACE_CURVE('',#12690,(#12694,#12701),.PCURVE_S1.);
#12690 = LINE('',#12691,#12692);
#12691 = CARTESIAN_POINT('',(0.205,-20.715,0.13));
#12692 = VECTOR('',#12693,1.);
#12693 = DIRECTION('',(0.,1.,0.));
#12694 = PCURVE('',#12623,#12695);
#12695 = DEFINITIONAL_REPRESENTATION('',(#12696),#12700);
#12696 = LINE('',#12697,#12698);
#12697 = CARTESIAN_POINT('',(2.64,0.));
#12698 = VECTOR('',#12699,1.);
#12699 = DIRECTION('',(0.,-1.));
#12700 = ( GEOMETRIC_REPRESENTATION_CONTEXT(2) 
PARAMETRIC_REPRESENTATION_CONTEXT() REPRESENTATION_CONTEXT('2D SPACE',''
  ) );
#12701 = PCURVE('',#12597,#12702);
#12702 = DEFINITIONAL_REPRESENTATION('',(#12703),#12707);
#12703 = LINE('',#12704,#12705);
#12704 = CARTESIAN_POINT('',(0.41,0.));
#12705 = VECTOR('',#12706,1.);
#12706 = DIRECTION('',(0.,1.));
#12707 = ( GEOMETRIC_REPRESENTATION_CONTEXT(2) 
PARAMETRIC_REPRESENTATION_CONTEXT() REPRESENTATION_CONTEXT('2D SPACE',''
  ) );
#12708 = ADVANCED_FACE('',(#12709),#12515,.F.);
#12709 = FACE_BOUND('',#12710,.F.);
#12710 = EDGE_LOOP('',(#12711,#12732,#12733,#12754));
#12711 = ORIENTED_EDGE('',*,*,#12712,.F.);
#12712 = EDGE_CURVE('',#12493,#12613,#12713,.T.);
#12713 = SURFACE_CURVE('',#12714,(#12718,#12725),.PCURVE_S1.);
#12714 = LINE('',#12715,#12716);
#12715 = CARTESIAN_POINT('',(-0.205,-20.715,-2.51));
#12716 = VECTOR('',#12717,1.);
#12717 = DIRECTION('',(1.,0.,0.));
#12718 = PCURVE('',#12515,#12719);
#12719 = DEFINITIONAL_REPRESENTATION('',(#12720),#12724);
#12720 = LINE('',#12721,#12722);
#12721 = CARTESIAN_POINT('',(0.,0.));
#12722 = VECTOR('',#12723,1.);
#12723 = DIRECTION('',(0.,1.));
#12724 = ( GEOMETRIC_REPRESENTATION_CONTEXT(2) 
PARAMETRIC_REPRESENTATION_CONTEXT() REPRESENTATION_CONTEXT('2D SPACE',''
  ) );
#12725 = PCURVE('',#12543,#12726);
#12726 = DEFINITIONAL_REPRESENTATION('',(#12727),#12731);
#12727 = LINE('',#12728,#12729);
#12728 = CARTESIAN_POINT('',(0.,0.));
#12729 = VECTOR('',#12730,1.);
#12730 = DIRECTION('',(1.,0.));
#12731 = ( GEOMETRIC_REPRESENTATION_CONTEXT(2) 
PARAMETRIC_REPRESENTATION_CONTEXT() REPRESENTATION_CONTEXT('2D SPACE',''
  ) );
#12732 = ORIENTED_EDGE('',*,*,#12492,.T.);
#12733 = ORIENTED_EDGE('',*,*,#12734,.T.);
#12734 = EDGE_CURVE('',#12495,#12615,#12735,.T.);
#12735 = SURFACE_CURVE('',#12736,(#12740,#12747),.PCURVE_S1.);
#12736 = LINE('',#12737,#12738);
#12737 = CARTESIAN_POINT('',(-0.205,-20.715,0.13));
#12738 = VECTOR('',#12739,1.);
#12739 = DIRECTION('',(1.,0.,0.));
#12740 = PCURVE('',#12515,#12741);
#12741 = DEFINITIONAL_REPRESENTATION('',(#12742),#12746);
#12742 = LINE('',#12743,#12744);
#12743 = CARTESIAN_POINT('',(2.64,0.));
#12744 = VECTOR('',#12745,1.);
#12745 = DIRECTION('',(0.,1.));
#12746 = ( GEOMETRIC_REPRESENTATION_CONTEXT(2) 
PARAMETRIC_REPRESENTATION_CONTEXT() REPRESENTATION_CONTEXT('2D SPACE',''
  ) );
#12747 = PCURVE('',#12597,#12748);
#12748 = DEFINITIONAL_REPRESENTATION('',(#12749),#12753);
#12749 = LINE('',#12750,#12751);
#12750 = CARTESIAN_POINT('',(0.,0.));
#12751 = VECTOR('',#12752,1.);
#12752 = DIRECTION('',(1.,0.));
#12753 = ( GEOMETRIC_REPRESENTATION_CONTEXT(2) 
PARAMETRIC_REPRESENTATION_CONTEXT() REPRESENTATION_CONTEXT('2D SPACE',''
  ) );
#12754 = ORIENTED_EDGE('',*,*,#12612,.F.);
#12755 = ADVANCED_FACE('',(#12756),#12571,.T.);
#12756 = FACE_BOUND('',#12757,.T.);
#12757 = EDGE_LOOP('',(#12758,#12779,#12780,#12801));
#12758 = ORIENTED_EDGE('',*,*,#12759,.F.);
#12759 = EDGE_CURVE('',#12528,#12643,#12760,.T.);
#12760 = SURFACE_CURVE('',#12761,(#12765,#12772),.PCURVE_S1.);
#12761 = LINE('',#12762,#12763);
#12762 = CARTESIAN_POINT('',(-0.205,-19.925,-2.51));
#12763 = VECTOR('',#12764,1.);
#12764 = DIRECTION('',(1.,0.,0.));
#12765 = PCURVE('',#12571,#12766);
#12766 = DEFINITIONAL_REPRESENTATION('',(#12767),#12771);
#12767 = LINE('',#12768,#12769);
#12768 = CARTESIAN_POINT('',(0.,0.));
#12769 = VECTOR('',#12770,1.);
#12770 = DIRECTION('',(0.,1.));
#12771 = ( GEOMETRIC_REPRESENTATION_CONTEXT(2) 
PARAMETRIC_REPRESENTATION_CONTEXT() REPRESENTATION_CONTEXT('2D SPACE',''
  ) );
#12772 = PCURVE('',#12543,#12773);
#12773 = DEFINITIONAL_REPRESENTATION('',(#12774),#12778);
#12774 = LINE('',#12775,#12776);
#12775 = CARTESIAN_POINT('',(0.,0.79));
#12776 = VECTOR('',#12777,1.);
#12777 = DIRECTION('',(1.,0.));
#12778 = ( GEOMETRIC_REPRESENTATION_CONTEXT(2) 
PARAMETRIC_REPRESENTATION_CONTEXT() REPRESENTATION_CONTEXT('2D SPACE',''
  ) );
#12779 = ORIENTED_EDGE('',*,*,#12555,.T.);
#12780 = ORIENTED_EDGE('',*,*,#12781,.T.);
#12781 = EDGE_CURVE('',#12556,#12666,#12782,.T.);
#12782 = SURFACE_CURVE('',#12783,(#12787,#12794),.PCURVE_S1.);
#12783 = LINE('',#12784,#12785);
#12784 = CARTESIAN_POINT('',(-0.205,-19.925,0.13));
#12785 = VECTOR('',#12786,1.);
#12786 = DIRECTION('',(1.,0.,0.));
#12787 = PCURVE('',#12571,#12788);
#12788 = DEFINITIONAL_REPRESENTATION('',(#12789),#12793);
#12789 = LINE('',#12790,#12791);
#12790 = CARTESIAN_POINT('',(2.64,0.));
#12791 = VECTOR('',#12792,1.);
#12792 = DIRECTION('',(0.,1.));
#12793 = ( GEOMETRIC_REPRESENTATION_CONTEXT(2) 
PARAMETRIC_REPRESENTATION_CONTEXT() REPRESENTATION_CONTEXT('2D SPACE',''
  ) );
#12794 = PCURVE('',#12597,#12795);
#12795 = DEFINITIONAL_REPRESENTATION('',(#12796),#12800);
#12796 = LINE('',#12797,#12798);
#12797 = CARTESIAN_POINT('',(0.,0.79));
#12798 = VECTOR('',#12799,1.);
#12799 = DIRECTION('',(1.,0.));
#12800 = ( GEOMETRIC_REPRESENTATION_CONTEXT(2) 
PARAMETRIC_REPRESENTATION_CONTEXT() REPRESENTATION_CONTEXT('2D SPACE',''
  ) );
#12801 = ORIENTED_EDGE('',*,*,#12665,.F.);
#12802 = ADVANCED_FACE('',(#12803),#12543,.F.);
#12803 = FACE_BOUND('',#12804,.F.);
#12804 = EDGE_LOOP('',(#12805,#12806,#12807,#12808));
#12805 = ORIENTED_EDGE('',*,*,#12527,.F.);
#12806 = ORIENTED_EDGE('',*,*,#12712,.T.);
#12807 = ORIENTED_EDGE('',*,*,#12642,.T.);
#12808 = ORIENTED_EDGE('',*,*,#12759,.F.);
#12809 = ADVANCED_FACE('',(#12810),#12597,.T.);
#12810 = FACE_BOUND('',#12811,.T.);
#12811 = EDGE_LOOP('',(#12812,#12813,#12814,#12815));
#12812 = ORIENTED_EDGE('',*,*,#12583,.F.);
#12813 = ORIENTED_EDGE('',*,*,#12734,.T.);
#12814 = ORIENTED_EDGE('',*,*,#12688,.T.);
#12815 = ORIENTED_EDGE('',*,*,#12781,.F.);
#12816 = ( GEOMETRIC_REPRESENTATION_CONTEXT(3) 
GLOBAL_UNCERTAINTY_ASSIGNED_CONTEXT((#12820)) 
GLOBAL_UNIT_ASSIGNED_CONTEXT((#12817,#12818,#12819)) 
REPRESENTATION_CONTEXT('Context #1',
  '3D Context with UNIT and UNCERTAINTY') );
#12817 = ( LENGTH_UNIT() NAMED_UNIT(*) SI_UNIT(.MILLI.,.METRE.) );
#12818 = ( NAMED_UNIT(*) PLANE_ANGLE_UNIT() SI_UNIT($,.RADIAN.) );
#12819 = ( NAMED_UNIT(*) SI_UNIT($,.STERADIAN.) SOLID_ANGLE_UNIT() );
#12820 = UNCERTAINTY_MEASURE_WITH_UNIT(LENGTH_MEASURE(1.E-07),#12817,
  'distance_accuracy_value','confusion accuracy');
#12821 = CONTEXT_DEPENDENT_SHAPE_REPRESENTATION(#12822,#12824);
#12822 = ( REPRESENTATION_RELATIONSHIP('','',#12485,#10) 
REPRESENTATION_RELATIONSHIP_WITH_TRANSFORMATION(#12823) 
SHAPE_REPRESENTATION_RELATIONSHIP() );
#12823 = ITEM_DEFINED_TRANSFORMATION('','',#11,#83);
#12824 = PRODUCT_DEFINITION_SHAPE('Placement','Placement of an item',
  #12825);
#12825 = NEXT_ASSEMBLY_USAGE_OCCURRENCE('101','contact_17','',#5,#12480,
  $);
#12826 = PRODUCT_RELATED_PRODUCT_CATEGORY('part',$,(#12482));
#12827 = SHAPE_DEFINITION_REPRESENTATION(#12828,#12834);
#12828 = PRODUCT_DEFINITION_SHAPE('','',#12829);
#12829 = PRODUCT_DEFINITION('design','',#12830,#12833);
#12830 = PRODUCT_DEFINITION_FORMATION('','',#12831);
#12831 = PRODUCT('contact_18','contact_18','',(#12832));
#12832 = PRODUCT_CONTEXT('',#2,'mechanical');
#12833 = PRODUCT_DEFINITION_CONTEXT('part definition',#2,'design');
#12834 = ADVANCED_BREP_SHAPE_REPRESENTATION('',(#11,#12835),#13165);
#12835 = MANIFOLD_SOLID_BREP('',#12836);
#12836 = CLOSED_SHELL('',(#12837,#12957,#13057,#13104,#13151,#13158));
#12837 = ADVANCED_FACE('',(#12838),#12852,.F.);
#12838 = FACE_BOUND('',#12839,.F.);
#12839 = EDGE_LOOP('',(#12840,#12875,#12903,#12931));
#12840 = ORIENTED_EDGE('',*,*,#12841,.F.);
#12841 = EDGE_CURVE('',#12842,#12844,#12846,.T.);
#12842 = VERTEX_POINT('',#12843);
#12843 = CARTESIAN_POINT('',(2.335,-20.715,-2.51));
#12844 = VERTEX_POINT('',#12845);
#12845 = CARTESIAN_POINT('',(2.335,-20.715,0.13));
#12846 = SURFACE_CURVE('',#12847,(#12851,#12863),.PCURVE_S1.);
#12847 = LINE('',#12848,#12849);
#12848 = CARTESIAN_POINT('',(2.335,-20.715,-2.51));
#12849 = VECTOR('',#12850,1.);
#12850 = DIRECTION('',(0.,0.,1.));
#12851 = PCURVE('',#12852,#12857);
#12852 = PLANE('',#12853);
#12853 = AXIS2_PLACEMENT_3D('',#12854,#12855,#12856);
#12854 = CARTESIAN_POINT('',(2.335,-20.715,-2.51));
#12855 = DIRECTION('',(1.,0.,0.));
#12856 = DIRECTION('',(0.,0.,1.));
#12857 = DEFINITIONAL_REPRESENTATION('',(#12858),#12862);
#12858 = LINE('',#12859,#12860);
#12859 = CARTESIAN_POINT('',(0.,0.));
#12860 = VECTOR('',#12861,1.);
#12861 = DIRECTION('',(1.,0.));
#12862 = ( GEOMETRIC_REPRESENTATION_CONTEXT(2) 
PARAMETRIC_REPRESENTATION_CONTEXT() REPRESENTATION_CONTEXT('2D SPACE',''
  ) );
#12863 = PCURVE('',#12864,#12869);
#12864 = PLANE('',#12865);
#12865 = AXIS2_PLACEMENT_3D('',#12866,#12867,#12868);
#12866 = CARTESIAN_POINT('',(2.335,-20.715,-2.51));
#12867 = DIRECTION('',(0.,1.,0.));
#12868 = DIRECTION('',(0.,0.,1.));
#12869 = DEFINITIONAL_REPRESENTATION('',(#12870),#12874);
#12870 = LINE('',#12871,#12872);
#12871 = CARTESIAN_POINT('',(0.,0.));
#12872 = VECTOR('',#12873,1.);
#12873 = DIRECTION('',(1.,0.));
#12874 = ( GEOMETRIC_REPRESENTATION_CONTEXT(2) 
PARAMETRIC_REPRESENTATION_CONTEXT() REPRESENTATION_CONTEXT('2D SPACE',''
  ) );
#12875 = ORIENTED_EDGE('',*,*,#12876,.T.);
#12876 = EDGE_CURVE('',#12842,#12877,#12879,.T.);
#12877 = VERTEX_POINT('',#12878);
#12878 = CARTESIAN_POINT('',(2.335,-19.925,-2.51));
#12879 = SURFACE_CURVE('',#12880,(#12884,#12891),.PCURVE_S1.);
#12880 = LINE('',#12881,#12882);
#12881 = CARTESIAN_POINT('',(2.335,-20.715,-2.51));
#12882 = VECTOR('',#12883,1.);
#12883 = DIRECTION('',(0.,1.,0.));
#12884 = PCURVE('',#12852,#12885);
#12885 = DEFINITIONAL_REPRESENTATION('',(#12886),#12890);
#12886 = LINE('',#12887,#12888);
#12887 = CARTESIAN_POINT('',(0.,0.));
#12888 = VECTOR('',#12889,1.);
#12889 = DIRECTION('',(0.,-1.));
#12890 = ( GEOMETRIC_REPRESENTATION_CONTEXT(2) 
PARAMETRIC_REPRESENTATION_CONTEXT() REPRESENTATION_CONTEXT('2D SPACE',''
  ) );
#12891 = PCURVE('',#12892,#12897);
#12892 = PLANE('',#12893);
#12893 = AXIS2_PLACEMENT_3D('',#12894,#12895,#12896);
#12894 = CARTESIAN_POINT('',(2.335,-20.715,-2.51));
#12895 = DIRECTION('',(0.,0.,1.));
#12896 = DIRECTION('',(1.,0.,0.));
#12897 = DEFINITIONAL_REPRESENTATION('',(#12898),#12902);
#12898 = LINE('',#12899,#12900);
#12899 = CARTESIAN_POINT('',(0.,0.));
#12900 = VECTOR('',#12901,1.);
#12901 = DIRECTION('',(0.,1.));
#12902 = ( GEOMETRIC_REPRESENTATION_CONTEXT(2) 
PARAMETRIC_REPRESENTATION_CONTEXT() REPRESENTATION_CONTEXT('2D SPACE',''
  ) );
#12903 = ORIENTED_EDGE('',*,*,#12904,.T.);
#12904 = EDGE_CURVE('',#12877,#12905,#12907,.T.);
#12905 = VERTEX_POINT('',#12906);
#12906 = CARTESIAN_POINT('',(2.335,-19.925,0.13));
#12907 = SURFACE_CURVE('',#12908,(#12912,#12919),.PCURVE_S1.);
#12908 = LINE('',#12909,#12910);
#12909 = CARTESIAN_POINT('',(2.335,-19.925,-2.51));
#12910 = VECTOR('',#12911,1.);
#12911 = DIRECTION('',(0.,0.,1.));
#12912 = PCURVE('',#12852,#12913);
#12913 = DEFINITIONAL_REPRESENTATION('',(#12914),#12918);
#12914 = LINE('',#12915,#12916);
#12915 = CARTESIAN_POINT('',(0.,-0.79));
#12916 = VECTOR('',#12917,1.);
#12917 = DIRECTION('',(1.,0.));
#12918 = ( GEOMETRIC_REPRESENTATION_CONTEXT(2) 
PARAMETRIC_REPRESENTATION_CONTEXT() REPRESENTATION_CONTEXT('2D SPACE',''
  ) );
#12919 = PCURVE('',#12920,#12925);
#12920 = PLANE('',#12921);
#12921 = AXIS2_PLACEMENT_3D('',#12922,#12923,#12924);
#12922 = CARTESIAN_POINT('',(2.335,-19.925,-2.51));
#12923 = DIRECTION('',(0.,1.,0.));
#12924 = DIRECTION('',(0.,0.,1.));
#12925 = DEFINITIONAL_REPRESENTATION('',(#12926),#12930);
#12926 = LINE('',#12927,#12928);
#12927 = CARTESIAN_POINT('',(0.,0.));
#12928 = VECTOR('',#12929,1.);
#12929 = DIRECTION('',(1.,0.));
#12930 = ( GEOMETRIC_REPRESENTATION_CONTEXT(2) 
PARAMETRIC_REPRESENTATION_CONTEXT() REPRESENTATION_CONTEXT('2D SPACE',''
  ) );
#12931 = ORIENTED_EDGE('',*,*,#12932,.F.);
#12932 = EDGE_CURVE('',#12844,#12905,#12933,.T.);
#12933 = SURFACE_CURVE('',#12934,(#12938,#12945),.PCURVE_S1.);
#12934 = LINE('',#12935,#12936);
#12935 = CARTESIAN_POINT('',(2.335,-20.715,0.13));
#12936 = VECTOR('',#12937,1.);
#12937 = DIRECTION('',(0.,1.,0.));
#12938 = PCURVE('',#12852,#12939);
#12939 = DEFINITIONAL_REPRESENTATION('',(#12940),#12944);
#12940 = LINE('',#12941,#12942);
#12941 = CARTESIAN_POINT('',(2.64,0.));
#12942 = VECTOR('',#12943,1.);
#12943 = DIRECTION('',(0.,-1.));
#12944 = ( GEOMETRIC_REPRESENTATION_CONTEXT(2) 
PARAMETRIC_REPRESENTATION_CONTEXT() REPRESENTATION_CONTEXT('2D SPACE',''
  ) );
#12945 = PCURVE('',#12946,#12951);
#12946 = PLANE('',#12947);
#12947 = AXIS2_PLACEMENT_3D('',#12948,#12949,#12950);
#12948 = CARTESIAN_POINT('',(2.335,-20.715,0.13));
#12949 = DIRECTION('',(0.,0.,1.));
#12950 = DIRECTION('',(1.,0.,0.));
#12951 = DEFINITIONAL_REPRESENTATION('',(#12952),#12956);
#12952 = LINE('',#12953,#12954);
#12953 = CARTESIAN_POINT('',(0.,0.));
#12954 = VECTOR('',#12955,1.);
#12955 = DIRECTION('',(0.,1.));
#12956 = ( GEOMETRIC_REPRESENTATION_CONTEXT(2) 
PARAMETRIC_REPRESENTATION_CONTEXT() REPRESENTATION_CONTEXT('2D SPACE',''
  ) );
#12957 = ADVANCED_FACE('',(#12958),#12972,.T.);
#12958 = FACE_BOUND('',#12959,.T.);
#12959 = EDGE_LOOP('',(#12960,#12990,#13013,#13036));
#12960 = ORIENTED_EDGE('',*,*,#12961,.F.);
#12961 = EDGE_CURVE('',#12962,#12964,#12966,.T.);
#12962 = VERTEX_POINT('',#12963);
#12963 = CARTESIAN_POINT('',(2.745,-20.715,-2.51));
#12964 = VERTEX_POINT('',#12965);
#12965 = CARTESIAN_POINT('',(2.745,-20.715,0.13));
#12966 = SURFACE_CURVE('',#12967,(#12971,#12983),.PCURVE_S1.);
#12967 = LINE('',#12968,#12969);
#12968 = CARTESIAN_POINT('',(2.745,-20.715,-2.51));
#12969 = VECTOR('',#12970,1.);
#12970 = DIRECTION('',(0.,0.,1.));
#12971 = PCURVE('',#12972,#12977);
#12972 = PLANE('',#12973);
#12973 = AXIS2_PLACEMENT_3D('',#12974,#12975,#12976);
#12974 = CARTESIAN_POINT('',(2.745,-20.715,-2.51));
#12975 = DIRECTION('',(1.,0.,0.));
#12976 = DIRECTION('',(0.,0.,1.));
#12977 = DEFINITIONAL_REPRESENTATION('',(#12978),#12982);
#12978 = LINE('',#12979,#12980);
#12979 = CARTESIAN_POINT('',(0.,0.));
#12980 = VECTOR('',#12981,1.);
#12981 = DIRECTION('',(1.,0.));
#12982 = ( GEOMETRIC_REPRESENTATION_CONTEXT(2) 
PARAMETRIC_REPRESENTATION_CONTEXT() REPRESENTATION_CONTEXT('2D SPACE',''
  ) );
#12983 = PCURVE('',#12864,#12984);
#12984 = DEFINITIONAL_REPRESENTATION('',(#12985),#12989);
#12985 = LINE('',#12986,#12987);
#12986 = CARTESIAN_POINT('',(0.,0.41));
#12987 = VECTOR('',#12988,1.);
#12988 = DIRECTION('',(1.,0.));
#12989 = ( GEOMETRIC_REPRESENTATION_CONTEXT(2) 
PARAMETRIC_REPRESENTATION_CONTEXT() REPRESENTATION_CONTEXT('2D SPACE',''
  ) );
#12990 = ORIENTED_EDGE('',*,*,#12991,.T.);
#12991 = EDGE_CURVE('',#12962,#12992,#12994,.T.);
#12992 = VERTEX_POINT('',#12993);
#12993 = CARTESIAN_POINT('',(2.745,-19.925,-2.51));
#12994 = SURFACE_CURVE('',#12995,(#12999,#13006),.PCURVE_S1.);
#12995 = LINE('',#12996,#12997);
#12996 = CARTESIAN_POINT('',(2.745,-20.715,-2.51));
#12997 = VECTOR('',#12998,1.);
#12998 = DIRECTION('',(0.,1.,0.));
#12999 = PCURVE('',#12972,#13000);
#13000 = DEFINITIONAL_REPRESENTATION('',(#13001),#13005);
#13001 = LINE('',#13002,#13003);
#13002 = CARTESIAN_POINT('',(0.,0.));
#13003 = VECTOR('',#13004,1.);
#13004 = DIRECTION('',(0.,-1.));
#13005 = ( GEOMETRIC_REPRESENTATION_CONTEXT(2) 
PARAMETRIC_REPRESENTATION_CONTEXT() REPRESENTATION_CONTEXT('2D SPACE',''
  ) );
#13006 = PCURVE('',#12892,#13007);
#13007 = DEFINITIONAL_REPRESENTATION('',(#13008),#13012);
#13008 = LINE('',#13009,#13010);
#13009 = CARTESIAN_POINT('',(0.41,0.));
#13010 = VECTOR('',#13011,1.);
#13011 = DIRECTION('',(0.,1.));
#13012 = ( GEOMETRIC_REPRESENTATION_CONTEXT(2) 
PARAMETRIC_REPRESENTATION_CONTEXT() REPRESENTATION_CONTEXT('2D SPACE',''
  ) );
#13013 = ORIENTED_EDGE('',*,*,#13014,.T.);
#13014 = EDGE_CURVE('',#12992,#13015,#13017,.T.);
#13015 = VERTEX_POINT('',#13016);
#13016 = CARTESIAN_POINT('',(2.745,-19.925,0.13));
#13017 = SURFACE_CURVE('',#13018,(#13022,#13029),.PCURVE_S1.);
#13018 = LINE('',#13019,#13020);
#13019 = CARTESIAN_POINT('',(2.745,-19.925,-2.51));
#13020 = VECTOR('',#13021,1.);
#13021 = DIRECTION('',(0.,0.,1.));
#13022 = PCURVE('',#12972,#13023);
#13023 = DEFINITIONAL_REPRESENTATION('',(#13024),#13028);
#13024 = LINE('',#13025,#13026);
#13025 = CARTESIAN_POINT('',(0.,-0.79));
#13026 = VECTOR('',#13027,1.);
#13027 = DIRECTION('',(1.,0.));
#13028 = ( GEOMETRIC_REPRESENTATION_CONTEXT(2) 
PARAMETRIC_REPRESENTATION_CONTEXT() REPRESENTATION_CONTEXT('2D SPACE',''
  ) );
#13029 = PCURVE('',#12920,#13030);
#13030 = DEFINITIONAL_REPRESENTATION('',(#13031),#13035);
#13031 = LINE('',#13032,#13033);
#13032 = CARTESIAN_POINT('',(0.,0.41));
#13033 = VECTOR('',#13034,1.);
#13034 = DIRECTION('',(1.,0.));
#13035 = ( GEOMETRIC_REPRESENTATION_CONTEXT(2) 
PARAMETRIC_REPRESENTATION_CONTEXT() REPRESENTATION_CONTEXT('2D SPACE',''
  ) );
#13036 = ORIENTED_EDGE('',*,*,#13037,.F.);
#13037 = EDGE_CURVE('',#12964,#13015,#13038,.T.);
#13038 = SURFACE_CURVE('',#13039,(#13043,#13050),.PCURVE_S1.);
#13039 = LINE('',#13040,#13041);
#13040 = CARTESIAN_POINT('',(2.745,-20.715,0.13));
#13041 = VECTOR('',#13042,1.);
#13042 = DIRECTION('',(0.,1.,0.));
#13043 = PCURVE('',#12972,#13044);
#13044 = DEFINITIONAL_REPRESENTATION('',(#13045),#13049);
#13045 = LINE('',#13046,#13047);
#13046 = CARTESIAN_POINT('',(2.64,0.));
#13047 = VECTOR('',#13048,1.);
#13048 = DIRECTION('',(0.,-1.));
#13049 = ( GEOMETRIC_REPRESENTATION_CONTEXT(2) 
PARAMETRIC_REPRESENTATION_CONTEXT() REPRESENTATION_CONTEXT('2D SPACE',''
  ) );
#13050 = PCURVE('',#12946,#13051);
#13051 = DEFINITIONAL_REPRESENTATION('',(#13052),#13056);
#13052 = LINE('',#13053,#13054);
#13053 = CARTESIAN_POINT('',(0.41,0.));
#13054 = VECTOR('',#13055,1.);
#13055 = DIRECTION('',(0.,1.));
#13056 = ( GEOMETRIC_REPRESENTATION_CONTEXT(2) 
PARAMETRIC_REPRESENTATION_CONTEXT() REPRESENTATION_CONTEXT('2D SPACE',''
  ) );
#13057 = ADVANCED_FACE('',(#13058),#12864,.F.);
#13058 = FACE_BOUND('',#13059,.F.);
#13059 = EDGE_LOOP('',(#13060,#13081,#13082,#13103));
#13060 = ORIENTED_EDGE('',*,*,#13061,.F.);
#13061 = EDGE_CURVE('',#12842,#12962,#13062,.T.);
#13062 = SURFACE_CURVE('',#13063,(#13067,#13074),.PCURVE_S1.);
#13063 = LINE('',#13064,#13065);
#13064 = CARTESIAN_POINT('',(2.335,-20.715,-2.51));
#13065 = VECTOR('',#13066,1.);
#13066 = DIRECTION('',(1.,0.,0.));
#13067 = PCURVE('',#12864,#13068);
#13068 = DEFINITIONAL_REPRESENTATION('',(#13069),#13073);
#13069 = LINE('',#13070,#13071);
#13070 = CARTESIAN_POINT('',(0.,0.));
#13071 = VECTOR('',#13072,1.);
#13072 = DIRECTION('',(0.,1.));
#13073 = ( GEOMETRIC_REPRESENTATION_CONTEXT(2) 
PARAMETRIC_REPRESENTATION_CONTEXT() REPRESENTATION_CONTEXT('2D SPACE',''
  ) );
#13074 = PCURVE('',#12892,#13075);
#13075 = DEFINITIONAL_REPRESENTATION('',(#13076),#13080);
#13076 = LINE('',#13077,#13078);
#13077 = CARTESIAN_POINT('',(0.,0.));
#13078 = VECTOR('',#13079,1.);
#13079 = DIRECTION('',(1.,0.));
#13080 = ( GEOMETRIC_REPRESENTATION_CONTEXT(2) 
PARAMETRIC_REPRESENTATION_CONTEXT() REPRESENTATION_CONTEXT('2D SPACE',''
  ) );
#13081 = ORIENTED_EDGE('',*,*,#12841,.T.);
#13082 = ORIENTED_EDGE('',*,*,#13083,.T.);
#13083 = EDGE_CURVE('',#12844,#12964,#13084,.T.);
#13084 = SURFACE_CURVE('',#13085,(#13089,#13096),.PCURVE_S1.);
#13085 = LINE('',#13086,#13087);
#13086 = CARTESIAN_POINT('',(2.335,-20.715,0.13));
#13087 = VECTOR('',#13088,1.);
#13088 = DIRECTION('',(1.,0.,0.));
#13089 = PCURVE('',#12864,#13090);
#13090 = DEFINITIONAL_REPRESENTATION('',(#13091),#13095);
#13091 = LINE('',#13092,#13093);
#13092 = CARTESIAN_POINT('',(2.64,0.));
#13093 = VECTOR('',#13094,1.);
#13094 = DIRECTION('',(0.,1.));
#13095 = ( GEOMETRIC_REPRESENTATION_CONTEXT(2) 
PARAMETRIC_REPRESENTATION_CONTEXT() REPRESENTATION_CONTEXT('2D SPACE',''
  ) );
#13096 = PCURVE('',#12946,#13097);
#13097 = DEFINITIONAL_REPRESENTATION('',(#13098),#13102);
#13098 = LINE('',#13099,#13100);
#13099 = CARTESIAN_POINT('',(0.,0.));
#13100 = VECTOR('',#13101,1.);
#13101 = DIRECTION('',(1.,0.));
#13102 = ( GEOMETRIC_REPRESENTATION_CONTEXT(2) 
PARAMETRIC_REPRESENTATION_CONTEXT() REPRESENTATION_CONTEXT('2D SPACE',''
  ) );
#13103 = ORIENTED_EDGE('',*,*,#12961,.F.);
#13104 = ADVANCED_FACE('',(#13105),#12920,.T.);
#13105 = FACE_BOUND('',#13106,.T.);
#13106 = EDGE_LOOP('',(#13107,#13128,#13129,#13150));
#13107 = ORIENTED_EDGE('',*,*,#13108,.F.);
#13108 = EDGE_CURVE('',#12877,#12992,#13109,.T.);
#13109 = SURFACE_CURVE('',#13110,(#13114,#13121),.PCURVE_S1.);
#13110 = LINE('',#13111,#13112);
#13111 = CARTESIAN_POINT('',(2.335,-19.925,-2.51));
#13112 = VECTOR('',#13113,1.);
#13113 = DIRECTION('',(1.,0.,0.));
#13114 = PCURVE('',#12920,#13115);
#13115 = DEFINITIONAL_REPRESENTATION('',(#13116),#13120);
#13116 = LINE('',#13117,#13118);
#13117 = CARTESIAN_POINT('',(0.,0.));
#13118 = VECTOR('',#13119,1.);
#13119 = DIRECTION('',(0.,1.));
#13120 = ( GEOMETRIC_REPRESENTATION_CONTEXT(2) 
PARAMETRIC_REPRESENTATION_CONTEXT() REPRESENTATION_CONTEXT('2D SPACE',''
  ) );
#13121 = PCURVE('',#12892,#13122);
#13122 = DEFINITIONAL_REPRESENTATION('',(#13123),#13127);
#13123 = LINE('',#13124,#13125);
#13124 = CARTESIAN_POINT('',(0.,0.79));
#13125 = VECTOR('',#13126,1.);
#13126 = DIRECTION('',(1.,0.));
#13127 = ( GEOMETRIC_REPRESENTATION_CONTEXT(2) 
PARAMETRIC_REPRESENTATION_CONTEXT() REPRESENTATION_CONTEXT('2D SPACE',''
  ) );
#13128 = ORIENTED_EDGE('',*,*,#12904,.T.);
#13129 = ORIENTED_EDGE('',*,*,#13130,.T.);
#13130 = EDGE_CURVE('',#12905,#13015,#13131,.T.);
#13131 = SURFACE_CURVE('',#13132,(#13136,#13143),.PCURVE_S1.);
#13132 = LINE('',#13133,#13134);
#13133 = CARTESIAN_POINT('',(2.335,-19.925,0.13));
#13134 = VECTOR('',#13135,1.);
#13135 = DIRECTION('',(1.,0.,0.));
#13136 = PCURVE('',#12920,#13137);
#13137 = DEFINITIONAL_REPRESENTATION('',(#13138),#13142);
#13138 = LINE('',#13139,#13140);
#13139 = CARTESIAN_POINT('',(2.64,0.));
#13140 = VECTOR('',#13141,1.);
#13141 = DIRECTION('',(0.,1.));
#13142 = ( GEOMETRIC_REPRESENTATION_CONTEXT(2) 
PARAMETRIC_REPRESENTATION_CONTEXT() REPRESENTATION_CONTEXT('2D SPACE',''
  ) );
#13143 = PCURVE('',#12946,#13144);
#13144 = DEFINITIONAL_REPRESENTATION('',(#13145),#13149);
#13145 = LINE('',#13146,#13147);
#13146 = CARTESIAN_POINT('',(0.,0.79));
#13147 = VECTOR('',#13148,1.);
#13148 = DIRECTION('',(1.,0.));
#13149 = ( GEOMETRIC_REPRESENTATION_CONTEXT(2) 
PARAMETRIC_REPRESENTATION_CONTEXT() REPRESENTATION_CONTEXT('2D SPACE',''
  ) );
#13150 = ORIENTED_EDGE('',*,*,#13014,.F.);
#13151 = ADVANCED_FACE('',(#13152),#12892,.F.);
#13152 = FACE_BOUND('',#13153,.F.);
#13153 = EDGE_LOOP('',(#13154,#13155,#13156,#13157));
#13154 = ORIENTED_EDGE('',*,*,#12876,.F.);
#13155 = ORIENTED_EDGE('',*,*,#13061,.T.);
#13156 = ORIENTED_EDGE('',*,*,#12991,.T.);
#13157 = ORIENTED_EDGE('',*,*,#13108,.F.);
#13158 = ADVANCED_FACE('',(#13159),#12946,.T.);
#13159 = FACE_BOUND('',#13160,.T.);
#13160 = EDGE_LOOP('',(#13161,#13162,#13163,#13164));
#13161 = ORIENTED_EDGE('',*,*,#12932,.F.);
#13162 = ORIENTED_EDGE('',*,*,#13083,.T.);
#13163 = ORIENTED_EDGE('',*,*,#13037,.T.);
#13164 = ORIENTED_EDGE('',*,*,#13130,.F.);
#13165 = ( GEOMETRIC_REPRESENTATION_CONTEXT(3) 
GLOBAL_UNCERTAINTY_ASSIGNED_CONTEXT((#13169)) 
GLOBAL_UNIT_ASSIGNED_CONTEXT((#13166,#13167,#13168)) 
REPRESENTATION_CONTEXT('Context #1',
  '3D Context with UNIT and UNCERTAINTY') );
#13166 = ( LENGTH_UNIT() NAMED_UNIT(*) SI_UNIT(.MILLI.,.METRE.) );
#13167 = ( NAMED_UNIT(*) PLANE_ANGLE_UNIT() SI_UNIT($,.RADIAN.) );
#13168 = ( NAMED_UNIT(*) SI_UNIT($,.STERADIAN.) SOLID_ANGLE_UNIT() );
#13169 = UNCERTAINTY_MEASURE_WITH_UNIT(LENGTH_MEASURE(1.E-07),#13166,
  'distance_accuracy_value','confusion accuracy');
#13170 = CONTEXT_DEPENDENT_SHAPE_REPRESENTATION(#13171,#13173);
#13171 = ( REPRESENTATION_RELATIONSHIP('','',#12834,#10) 
REPRESENTATION_RELATIONSHIP_WITH_TRANSFORMATION(#13172) 
SHAPE_REPRESENTATION_RELATIONSHIP() );
#13172 = ITEM_DEFINED_TRANSFORMATION('','',#11,#87);
#13173 = PRODUCT_DEFINITION_SHAPE('Placement','Placement of an item',
  #13174);
#13174 = NEXT_ASSEMBLY_USAGE_OCCURRENCE('102','contact_18','',#5,#12829,
  $);
#13175 = PRODUCT_RELATED_PRODUCT_CATEGORY('part',$,(#12831));
#13176 = SHAPE_DEFINITION_REPRESENTATION(#13177,#13183);
#13177 = PRODUCT_DEFINITION_SHAPE('','',#13178);
#13178 = PRODUCT_DEFINITION('design','',#13179,#13182);
#13179 = PRODUCT_DEFINITION_FORMATION('','',#13180);
#13180 = PRODUCT('contact_19','contact_19','',(#13181));
#13181 = PRODUCT_CONTEXT('',#2,'mechanical');
#13182 = PRODUCT_DEFINITION_CONTEXT('part definition',#2,'design');
#13183 = ADVANCED_BREP_SHAPE_REPRESENTATION('',(#11,#13184),#13514);
#13184 = MANIFOLD_SOLID_BREP('',#13185);
#13185 = CLOSED_SHELL('',(#13186,#13306,#13406,#13453,#13500,#13507));
#13186 = ADVANCED_FACE('',(#13187),#13201,.F.);
#13187 = FACE_BOUND('',#13188,.F.);
#13188 = EDGE_LOOP('',(#13189,#13224,#13252,#13280));
#13189 = ORIENTED_EDGE('',*,*,#13190,.F.);
#13190 = EDGE_CURVE('',#13191,#13193,#13195,.T.);
#13191 = VERTEX_POINT('',#13192);
#13192 = CARTESIAN_POINT('',(-0.205,-23.255,-2.51));
#13193 = VERTEX_POINT('',#13194);
#13194 = CARTESIAN_POINT('',(-0.205,-23.255,0.13));
#13195 = SURFACE_CURVE('',#13196,(#13200,#13212),.PCURVE_S1.);
#13196 = LINE('',#13197,#13198);
#13197 = CARTESIAN_POINT('',(-0.205,-23.255,-2.51));
#13198 = VECTOR('',#13199,1.);
#13199 = DIRECTION('',(0.,0.,1.));
#13200 = PCURVE('',#13201,#13206);
#13201 = PLANE('',#13202);
#13202 = AXIS2_PLACEMENT_3D('',#13203,#13204,#13205);
#13203 = CARTESIAN_POINT('',(-0.205,-23.255,-2.51));
#13204 = DIRECTION('',(1.,0.,0.));
#13205 = DIRECTION('',(0.,0.,1.));
#13206 = DEFINITIONAL_REPRESENTATION('',(#13207),#13211);
#13207 = LINE('',#13208,#13209);
#13208 = CARTESIAN_POINT('',(0.,0.));
#13209 = VECTOR('',#13210,1.);
#13210 = DIRECTION('',(1.,0.));
#13211 = ( GEOMETRIC_REPRESENTATION_CONTEXT(2) 
PARAMETRIC_REPRESENTATION_CONTEXT() REPRESENTATION_CONTEXT('2D SPACE',''
  ) );
#13212 = PCURVE('',#13213,#13218);
#13213 = PLANE('',#13214);
#13214 = AXIS2_PLACEMENT_3D('',#13215,#13216,#13217);
#13215 = CARTESIAN_POINT('',(-0.205,-23.255,-2.51));
#13216 = DIRECTION('',(0.,1.,0.));
#13217 = DIRECTION('',(0.,0.,1.));
#13218 = DEFINITIONAL_REPRESENTATION('',(#13219),#13223);
#13219 = LINE('',#13220,#13221);
#13220 = CARTESIAN_POINT('',(0.,0.));
#13221 = VECTOR('',#13222,1.);
#13222 = DIRECTION('',(1.,0.));
#13223 = ( GEOMETRIC_REPRESENTATION_CONTEXT(2) 
PARAMETRIC_REPRESENTATION_CONTEXT() REPRESENTATION_CONTEXT('2D SPACE',''
  ) );
#13224 = ORIENTED_EDGE('',*,*,#13225,.T.);
#13225 = EDGE_CURVE('',#13191,#13226,#13228,.T.);
#13226 = VERTEX_POINT('',#13227);
#13227 = CARTESIAN_POINT('',(-0.205,-22.465,-2.51));
#13228 = SURFACE_CURVE('',#13229,(#13233,#13240),.PCURVE_S1.);
#13229 = LINE('',#13230,#13231);
#13230 = CARTESIAN_POINT('',(-0.205,-23.255,-2.51));
#13231 = VECTOR('',#13232,1.);
#13232 = DIRECTION('',(0.,1.,0.));
#13233 = PCURVE('',#13201,#13234);
#13234 = DEFINITIONAL_REPRESENTATION('',(#13235),#13239);
#13235 = LINE('',#13236,#13237);
#13236 = CARTESIAN_POINT('',(0.,0.));
#13237 = VECTOR('',#13238,1.);
#13238 = DIRECTION('',(0.,-1.));
#13239 = ( GEOMETRIC_REPRESENTATION_CONTEXT(2) 
PARAMETRIC_REPRESENTATION_CONTEXT() REPRESENTATION_CONTEXT('2D SPACE',''
  ) );
#13240 = PCURVE('',#13241,#13246);
#13241 = PLANE('',#13242);
#13242 = AXIS2_PLACEMENT_3D('',#13243,#13244,#13245);
#13243 = CARTESIAN_POINT('',(-0.205,-23.255,-2.51));
#13244 = DIRECTION('',(0.,0.,1.));
#13245 = DIRECTION('',(1.,0.,0.));
#13246 = DEFINITIONAL_REPRESENTATION('',(#13247),#13251);
#13247 = LINE('',#13248,#13249);
#13248 = CARTESIAN_POINT('',(0.,0.));
#13249 = VECTOR('',#13250,1.);
#13250 = DIRECTION('',(0.,1.));
#13251 = ( GEOMETRIC_REPRESENTATION_CONTEXT(2) 
PARAMETRIC_REPRESENTATION_CONTEXT() REPRESENTATION_CONTEXT('2D SPACE',''
  ) );
#13252 = ORIENTED_EDGE('',*,*,#13253,.T.);
#13253 = EDGE_CURVE('',#13226,#13254,#13256,.T.);
#13254 = VERTEX_POINT('',#13255);
#13255 = CARTESIAN_POINT('',(-0.205,-22.465,0.13));
#13256 = SURFACE_CURVE('',#13257,(#13261,#13268),.PCURVE_S1.);
#13257 = LINE('',#13258,#13259);
#13258 = CARTESIAN_POINT('',(-0.205,-22.465,-2.51));
#13259 = VECTOR('',#13260,1.);
#13260 = DIRECTION('',(0.,0.,1.));
#13261 = PCURVE('',#13201,#13262);
#13262 = DEFINITIONAL_REPRESENTATION('',(#13263),#13267);
#13263 = LINE('',#13264,#13265);
#13264 = CARTESIAN_POINT('',(0.,-0.79));
#13265 = VECTOR('',#13266,1.);
#13266 = DIRECTION('',(1.,0.));
#13267 = ( GEOMETRIC_REPRESENTATION_CONTEXT(2) 
PARAMETRIC_REPRESENTATION_CONTEXT() REPRESENTATION_CONTEXT('2D SPACE',''
  ) );
#13268 = PCURVE('',#13269,#13274);
#13269 = PLANE('',#13270);
#13270 = AXIS2_PLACEMENT_3D('',#13271,#13272,#13273);
#13271 = CARTESIAN_POINT('',(-0.205,-22.465,-2.51));
#13272 = DIRECTION('',(0.,1.,0.));
#13273 = DIRECTION('',(0.,0.,1.));
#13274 = DEFINITIONAL_REPRESENTATION('',(#13275),#13279);
#13275 = LINE('',#13276,#13277);
#13276 = CARTESIAN_POINT('',(0.,0.));
#13277 = VECTOR('',#13278,1.);
#13278 = DIRECTION('',(1.,0.));
#13279 = ( GEOMETRIC_REPRESENTATION_CONTEXT(2) 
PARAMETRIC_REPRESENTATION_CONTEXT() REPRESENTATION_CONTEXT('2D SPACE',''
  ) );
#13280 = ORIENTED_EDGE('',*,*,#13281,.F.);
#13281 = EDGE_CURVE('',#13193,#13254,#13282,.T.);
#13282 = SURFACE_CURVE('',#13283,(#13287,#13294),.PCURVE_S1.);
#13283 = LINE('',#13284,#13285);
#13284 = CARTESIAN_POINT('',(-0.205,-23.255,0.13));
#13285 = VECTOR('',#13286,1.);
#13286 = DIRECTION('',(0.,1.,0.));
#13287 = PCURVE('',#13201,#13288);
#13288 = DEFINITIONAL_REPRESENTATION('',(#13289),#13293);
#13289 = LINE('',#13290,#13291);
#13290 = CARTESIAN_POINT('',(2.64,0.));
#13291 = VECTOR('',#13292,1.);
#13292 = DIRECTION('',(0.,-1.));
#13293 = ( GEOMETRIC_REPRESENTATION_CONTEXT(2) 
PARAMETRIC_REPRESENTATION_CONTEXT() REPRESENTATION_CONTEXT('2D SPACE',''
  ) );
#13294 = PCURVE('',#13295,#13300);
#13295 = PLANE('',#13296);
#13296 = AXIS2_PLACEMENT_3D('',#13297,#13298,#13299);
#13297 = CARTESIAN_POINT('',(-0.205,-23.255,0.13));
#13298 = DIRECTION('',(0.,0.,1.));
#13299 = DIRECTION('',(1.,0.,0.));
#13300 = DEFINITIONAL_REPRESENTATION('',(#13301),#13305);
#13301 = LINE('',#13302,#13303);
#13302 = CARTESIAN_POINT('',(0.,0.));
#13303 = VECTOR('',#13304,1.);
#13304 = DIRECTION('',(0.,1.));
#13305 = ( GEOMETRIC_REPRESENTATION_CONTEXT(2) 
PARAMETRIC_REPRESENTATION_CONTEXT() REPRESENTATION_CONTEXT('2D SPACE',''
  ) );
#13306 = ADVANCED_FACE('',(#13307),#13321,.T.);
#13307 = FACE_BOUND('',#13308,.T.);
#13308 = EDGE_LOOP('',(#13309,#13339,#13362,#13385));
#13309 = ORIENTED_EDGE('',*,*,#13310,.F.);
#13310 = EDGE_CURVE('',#13311,#13313,#13315,.T.);
#13311 = VERTEX_POINT('',#13312);
#13312 = CARTESIAN_POINT('',(0.205,-23.255,-2.51));
#13313 = VERTEX_POINT('',#13314);
#13314 = CARTESIAN_POINT('',(0.205,-23.255,0.13));
#13315 = SURFACE_CURVE('',#13316,(#13320,#13332),.PCURVE_S1.);
#13316 = LINE('',#13317,#13318);
#13317 = CARTESIAN_POINT('',(0.205,-23.255,-2.51));
#13318 = VECTOR('',#13319,1.);
#13319 = DIRECTION('',(0.,0.,1.));
#13320 = PCURVE('',#13321,#13326);
#13321 = PLANE('',#13322);
#13322 = AXIS2_PLACEMENT_3D('',#13323,#13324,#13325);
#13323 = CARTESIAN_POINT('',(0.205,-23.255,-2.51));
#13324 = DIRECTION('',(1.,0.,0.));
#13325 = DIRECTION('',(0.,0.,1.));
#13326 = DEFINITIONAL_REPRESENTATION('',(#13327),#13331);
#13327 = LINE('',#13328,#13329);
#13328 = CARTESIAN_POINT('',(0.,0.));
#13329 = VECTOR('',#13330,1.);
#13330 = DIRECTION('',(1.,0.));
#13331 = ( GEOMETRIC_REPRESENTATION_CONTEXT(2) 
PARAMETRIC_REPRESENTATION_CONTEXT() REPRESENTATION_CONTEXT('2D SPACE',''
  ) );
#13332 = PCURVE('',#13213,#13333);
#13333 = DEFINITIONAL_REPRESENTATION('',(#13334),#13338);
#13334 = LINE('',#13335,#13336);
#13335 = CARTESIAN_POINT('',(0.,0.41));
#13336 = VECTOR('',#13337,1.);
#13337 = DIRECTION('',(1.,0.));
#13338 = ( GEOMETRIC_REPRESENTATION_CONTEXT(2) 
PARAMETRIC_REPRESENTATION_CONTEXT() REPRESENTATION_CONTEXT('2D SPACE',''
  ) );
#13339 = ORIENTED_EDGE('',*,*,#13340,.T.);
#13340 = EDGE_CURVE('',#13311,#13341,#13343,.T.);
#13341 = VERTEX_POINT('',#13342);
#13342 = CARTESIAN_POINT('',(0.205,-22.465,-2.51));
#13343 = SURFACE_CURVE('',#13344,(#13348,#13355),.PCURVE_S1.);
#13344 = LINE('',#13345,#13346);
#13345 = CARTESIAN_POINT('',(0.205,-23.255,-2.51));
#13346 = VECTOR('',#13347,1.);
#13347 = DIRECTION('',(0.,1.,0.));
#13348 = PCURVE('',#13321,#13349);
#13349 = DEFINITIONAL_REPRESENTATION('',(#13350),#13354);
#13350 = LINE('',#13351,#13352);
#13351 = CARTESIAN_POINT('',(0.,0.));
#13352 = VECTOR('',#13353,1.);
#13353 = DIRECTION('',(0.,-1.));
#13354 = ( GEOMETRIC_REPRESENTATION_CONTEXT(2) 
PARAMETRIC_REPRESENTATION_CONTEXT() REPRESENTATION_CONTEXT('2D SPACE',''
  ) );
#13355 = PCURVE('',#13241,#13356);
#13356 = DEFINITIONAL_REPRESENTATION('',(#13357),#13361);
#13357 = LINE('',#13358,#13359);
#13358 = CARTESIAN_POINT('',(0.41,0.));
#13359 = VECTOR('',#13360,1.);
#13360 = DIRECTION('',(0.,1.));
#13361 = ( GEOMETRIC_REPRESENTATION_CONTEXT(2) 
PARAMETRIC_REPRESENTATION_CONTEXT() REPRESENTATION_CONTEXT('2D SPACE',''
  ) );
#13362 = ORIENTED_EDGE('',*,*,#13363,.T.);
#13363 = EDGE_CURVE('',#13341,#13364,#13366,.T.);
#13364 = VERTEX_POINT('',#13365);
#13365 = CARTESIAN_POINT('',(0.205,-22.465,0.13));
#13366 = SURFACE_CURVE('',#13367,(#13371,#13378),.PCURVE_S1.);
#13367 = LINE('',#13368,#13369);
#13368 = CARTESIAN_POINT('',(0.205,-22.465,-2.51));
#13369 = VECTOR('',#13370,1.);
#13370 = DIRECTION('',(0.,0.,1.));
#13371 = PCURVE('',#13321,#13372);
#13372 = DEFINITIONAL_REPRESENTATION('',(#13373),#13377);
#13373 = LINE('',#13374,#13375);
#13374 = CARTESIAN_POINT('',(0.,-0.79));
#13375 = VECTOR('',#13376,1.);
#13376 = DIRECTION('',(1.,0.));
#13377 = ( GEOMETRIC_REPRESENTATION_CONTEXT(2) 
PARAMETRIC_REPRESENTATION_CONTEXT() REPRESENTATION_CONTEXT('2D SPACE',''
  ) );
#13378 = PCURVE('',#13269,#13379);
#13379 = DEFINITIONAL_REPRESENTATION('',(#13380),#13384);
#13380 = LINE('',#13381,#13382);
#13381 = CARTESIAN_POINT('',(0.,0.41));
#13382 = VECTOR('',#13383,1.);
#13383 = DIRECTION('',(1.,0.));
#13384 = ( GEOMETRIC_REPRESENTATION_CONTEXT(2) 
PARAMETRIC_REPRESENTATION_CONTEXT() REPRESENTATION_CONTEXT('2D SPACE',''
  ) );
#13385 = ORIENTED_EDGE('',*,*,#13386,.F.);
#13386 = EDGE_CURVE('',#13313,#13364,#13387,.T.);
#13387 = SURFACE_CURVE('',#13388,(#13392,#13399),.PCURVE_S1.);
#13388 = LINE('',#13389,#13390);
#13389 = CARTESIAN_POINT('',(0.205,-23.255,0.13));
#13390 = VECTOR('',#13391,1.);
#13391 = DIRECTION('',(0.,1.,0.));
#13392 = PCURVE('',#13321,#13393);
#13393 = DEFINITIONAL_REPRESENTATION('',(#13394),#13398);
#13394 = LINE('',#13395,#13396);
#13395 = CARTESIAN_POINT('',(2.64,0.));
#13396 = VECTOR('',#13397,1.);
#13397 = DIRECTION('',(0.,-1.));
#13398 = ( GEOMETRIC_REPRESENTATION_CONTEXT(2) 
PARAMETRIC_REPRESENTATION_CONTEXT() REPRESENTATION_CONTEXT('2D SPACE',''
  ) );
#13399 = PCURVE('',#13295,#13400);
#13400 = DEFINITIONAL_REPRESENTATION('',(#13401),#13405);
#13401 = LINE('',#13402,#13403);
#13402 = CARTESIAN_POINT('',(0.41,0.));
#13403 = VECTOR('',#13404,1.);
#13404 = DIRECTION('',(0.,1.));
#13405 = ( GEOMETRIC_REPRESENTATION_CONTEXT(2) 
PARAMETRIC_REPRESENTATION_CONTEXT() REPRESENTATION_CONTEXT('2D SPACE',''
  ) );
#13406 = ADVANCED_FACE('',(#13407),#13213,.F.);
#13407 = FACE_BOUND('',#13408,.F.);
#13408 = EDGE_LOOP('',(#13409,#13430,#13431,#13452));
#13409 = ORIENTED_EDGE('',*,*,#13410,.F.);
#13410 = EDGE_CURVE('',#13191,#13311,#13411,.T.);
#13411 = SURFACE_CURVE('',#13412,(#13416,#13423),.PCURVE_S1.);
#13412 = LINE('',#13413,#13414);
#13413 = CARTESIAN_POINT('',(-0.205,-23.255,-2.51));
#13414 = VECTOR('',#13415,1.);
#13415 = DIRECTION('',(1.,0.,0.));
#13416 = PCURVE('',#13213,#13417);
#13417 = DEFINITIONAL_REPRESENTATION('',(#13418),#13422);
#13418 = LINE('',#13419,#13420);
#13419 = CARTESIAN_POINT('',(0.,0.));
#13420 = VECTOR('',#13421,1.);
#13421 = DIRECTION('',(0.,1.));
#13422 = ( GEOMETRIC_REPRESENTATION_CONTEXT(2) 
PARAMETRIC_REPRESENTATION_CONTEXT() REPRESENTATION_CONTEXT('2D SPACE',''
  ) );
#13423 = PCURVE('',#13241,#13424);
#13424 = DEFINITIONAL_REPRESENTATION('',(#13425),#13429);
#13425 = LINE('',#13426,#13427);
#13426 = CARTESIAN_POINT('',(0.,0.));
#13427 = VECTOR('',#13428,1.);
#13428 = DIRECTION('',(1.,0.));
#13429 = ( GEOMETRIC_REPRESENTATION_CONTEXT(2) 
PARAMETRIC_REPRESENTATION_CONTEXT() REPRESENTATION_CONTEXT('2D SPACE',''
  ) );
#13430 = ORIENTED_EDGE('',*,*,#13190,.T.);
#13431 = ORIENTED_EDGE('',*,*,#13432,.T.);
#13432 = EDGE_CURVE('',#13193,#13313,#13433,.T.);
#13433 = SURFACE_CURVE('',#13434,(#13438,#13445),.PCURVE_S1.);
#13434 = LINE('',#13435,#13436);
#13435 = CARTESIAN_POINT('',(-0.205,-23.255,0.13));
#13436 = VECTOR('',#13437,1.);
#13437 = DIRECTION('',(1.,0.,0.));
#13438 = PCURVE('',#13213,#13439);
#13439 = DEFINITIONAL_REPRESENTATION('',(#13440),#13444);
#13440 = LINE('',#13441,#13442);
#13441 = CARTESIAN_POINT('',(2.64,0.));
#13442 = VECTOR('',#13443,1.);
#13443 = DIRECTION('',(0.,1.));
#13444 = ( GEOMETRIC_REPRESENTATION_CONTEXT(2) 
PARAMETRIC_REPRESENTATION_CONTEXT() REPRESENTATION_CONTEXT('2D SPACE',''
  ) );
#13445 = PCURVE('',#13295,#13446);
#13446 = DEFINITIONAL_REPRESENTATION('',(#13447),#13451);
#13447 = LINE('',#13448,#13449);
#13448 = CARTESIAN_POINT('',(0.,0.));
#13449 = VECTOR('',#13450,1.);
#13450 = DIRECTION('',(1.,0.));
#13451 = ( GEOMETRIC_REPRESENTATION_CONTEXT(2) 
PARAMETRIC_REPRESENTATION_CONTEXT() REPRESENTATION_CONTEXT('2D SPACE',''
  ) );
#13452 = ORIENTED_EDGE('',*,*,#13310,.F.);
#13453 = ADVANCED_FACE('',(#13454),#13269,.T.);
#13454 = FACE_BOUND('',#13455,.T.);
#13455 = EDGE_LOOP('',(#13456,#13477,#13478,#13499));
#13456 = ORIENTED_EDGE('',*,*,#13457,.F.);
#13457 = EDGE_CURVE('',#13226,#13341,#13458,.T.);
#13458 = SURFACE_CURVE('',#13459,(#13463,#13470),.PCURVE_S1.);
#13459 = LINE('',#13460,#13461);
#13460 = CARTESIAN_POINT('',(-0.205,-22.465,-2.51));
#13461 = VECTOR('',#13462,1.);
#13462 = DIRECTION('',(1.,0.,0.));
#13463 = PCURVE('',#13269,#13464);
#13464 = DEFINITIONAL_REPRESENTATION('',(#13465),#13469);
#13465 = LINE('',#13466,#13467);
#13466 = CARTESIAN_POINT('',(0.,0.));
#13467 = VECTOR('',#13468,1.);
#13468 = DIRECTION('',(0.,1.));
#13469 = ( GEOMETRIC_REPRESENTATION_CONTEXT(2) 
PARAMETRIC_REPRESENTATION_CONTEXT() REPRESENTATION_CONTEXT('2D SPACE',''
  ) );
#13470 = PCURVE('',#13241,#13471);
#13471 = DEFINITIONAL_REPRESENTATION('',(#13472),#13476);
#13472 = LINE('',#13473,#13474);
#13473 = CARTESIAN_POINT('',(0.,0.79));
#13474 = VECTOR('',#13475,1.);
#13475 = DIRECTION('',(1.,0.));
#13476 = ( GEOMETRIC_REPRESENTATION_CONTEXT(2) 
PARAMETRIC_REPRESENTATION_CONTEXT() REPRESENTATION_CONTEXT('2D SPACE',''
  ) );
#13477 = ORIENTED_EDGE('',*,*,#13253,.T.);
#13478 = ORIENTED_EDGE('',*,*,#13479,.T.);
#13479 = EDGE_CURVE('',#13254,#13364,#13480,.T.);
#13480 = SURFACE_CURVE('',#13481,(#13485,#13492),.PCURVE_S1.);
#13481 = LINE('',#13482,#13483);
#13482 = CARTESIAN_POINT('',(-0.205,-22.465,0.13));
#13483 = VECTOR('',#13484,1.);
#13484 = DIRECTION('',(1.,0.,0.));
#13485 = PCURVE('',#13269,#13486);
#13486 = DEFINITIONAL_REPRESENTATION('',(#13487),#13491);
#13487 = LINE('',#13488,#13489);
#13488 = CARTESIAN_POINT('',(2.64,0.));
#13489 = VECTOR('',#13490,1.);
#13490 = DIRECTION('',(0.,1.));
#13491 = ( GEOMETRIC_REPRESENTATION_CONTEXT(2) 
PARAMETRIC_REPRESENTATION_CONTEXT() REPRESENTATION_CONTEXT('2D SPACE',''
  ) );
#13492 = PCURVE('',#13295,#13493);
#13493 = DEFINITIONAL_REPRESENTATION('',(#13494),#13498);
#13494 = LINE('',#13495,#13496);
#13495 = CARTESIAN_POINT('',(0.,0.79));
#13496 = VECTOR('',#13497,1.);
#13497 = DIRECTION('',(1.,0.));
#13498 = ( GEOMETRIC_REPRESENTATION_CONTEXT(2) 
PARAMETRIC_REPRESENTATION_CONTEXT() REPRESENTATION_CONTEXT('2D SPACE',''
  ) );
#13499 = ORIENTED_EDGE('',*,*,#13363,.F.);
#13500 = ADVANCED_FACE('',(#13501),#13241,.F.);
#13501 = FACE_BOUND('',#13502,.F.);
#13502 = EDGE_LOOP('',(#13503,#13504,#13505,#13506));
#13503 = ORIENTED_EDGE('',*,*,#13225,.F.);
#13504 = ORIENTED_EDGE('',*,*,#13410,.T.);
#13505 = ORIENTED_EDGE('',*,*,#13340,.T.);
#13506 = ORIENTED_EDGE('',*,*,#13457,.F.);
#13507 = ADVANCED_FACE('',(#13508),#13295,.T.);
#13508 = FACE_BOUND('',#13509,.T.);
#13509 = EDGE_LOOP('',(#13510,#13511,#13512,#13513));
#13510 = ORIENTED_EDGE('',*,*,#13281,.F.);
#13511 = ORIENTED_EDGE('',*,*,#13432,.T.);
#13512 = ORIENTED_EDGE('',*,*,#13386,.T.);
#13513 = ORIENTED_EDGE('',*,*,#13479,.F.);
#13514 = ( GEOMETRIC_REPRESENTATION_CONTEXT(3) 
GLOBAL_UNCERTAINTY_ASSIGNED_CONTEXT((#13518)) 
GLOBAL_UNIT_ASSIGNED_CONTEXT((#13515,#13516,#13517)) 
REPRESENTATION_CONTEXT('Context #1',
  '3D Context with UNIT and UNCERTAINTY') );
#13515 = ( LENGTH_UNIT() NAMED_UNIT(*) SI_UNIT(.MILLI.,.METRE.) );
#13516 = ( NAMED_UNIT(*) PLANE_ANGLE_UNIT() SI_UNIT($,.RADIAN.) );
#13517 = ( NAMED_UNIT(*) SI_UNIT($,.STERADIAN.) SOLID_ANGLE_UNIT() );
#13518 = UNCERTAINTY_MEASURE_WITH_UNIT(LENGTH_MEASURE(1.E-07),#13515,
  'distance_accuracy_value','confusion accuracy');
#13519 = CONTEXT_DEPENDENT_SHAPE_REPRESENTATION(#13520,#13522);
#13520 = ( REPRESENTATION_RELATIONSHIP('','',#13183,#10) 
REPRESENTATION_RELATIONSHIP_WITH_TRANSFORMATION(#13521) 
SHAPE_REPRESENTATION_RELATIONSHIP() );
#13521 = ITEM_DEFINED_TRANSFORMATION('','',#11,#91);
#13522 = PRODUCT_DEFINITION_SHAPE('Placement','Placement of an item',
  #13523);
#13523 = NEXT_ASSEMBLY_USAGE_OCCURRENCE('103','contact_19','',#5,#13178,
  $);
#13524 = PRODUCT_RELATED_PRODUCT_CATEGORY('part',$,(#13180));
#13525 = SHAPE_DEFINITION_REPRESENTATION(#13526,#13532);
#13526 = PRODUCT_DEFINITION_SHAPE('','',#13527);
#13527 = PRODUCT_DEFINITION('design','',#13528,#13531);
#13528 = PRODUCT_DEFINITION_FORMATION('','',#13529);
#13529 = PRODUCT('contact_20','contact_20','',(#13530));
#13530 = PRODUCT_CONTEXT('',#2,'mechanical');
#13531 = PRODUCT_DEFINITION_CONTEXT('part definition',#2,'design');
#13532 = ADVANCED_BREP_SHAPE_REPRESENTATION('',(#11,#13533),#13863);
#13533 = MANIFOLD_SOLID_BREP('',#13534);
#13534 = CLOSED_SHELL('',(#13535,#13655,#13755,#13802,#13849,#13856));
#13535 = ADVANCED_FACE('',(#13536),#13550,.F.);
#13536 = FACE_BOUND('',#13537,.F.);
#13537 = EDGE_LOOP('',(#13538,#13573,#13601,#13629));
#13538 = ORIENTED_EDGE('',*,*,#13539,.F.);
#13539 = EDGE_CURVE('',#13540,#13542,#13544,.T.);
#13540 = VERTEX_POINT('',#13541);
#13541 = CARTESIAN_POINT('',(2.335,-23.255,-2.51));
#13542 = VERTEX_POINT('',#13543);
#13543 = CARTESIAN_POINT('',(2.335,-23.255,0.13));
#13544 = SURFACE_CURVE('',#13545,(#13549,#13561),.PCURVE_S1.);
#13545 = LINE('',#13546,#13547);
#13546 = CARTESIAN_POINT('',(2.335,-23.255,-2.51));
#13547 = VECTOR('',#13548,1.);
#13548 = DIRECTION('',(0.,0.,1.));
#13549 = PCURVE('',#13550,#13555);
#13550 = PLANE('',#13551);
#13551 = AXIS2_PLACEMENT_3D('',#13552,#13553,#13554);
#13552 = CARTESIAN_POINT('',(2.335,-23.255,-2.51));
#13553 = DIRECTION('',(1.,0.,0.));
#13554 = DIRECTION('',(0.,0.,1.));
#13555 = DEFINITIONAL_REPRESENTATION('',(#13556),#13560);
#13556 = LINE('',#13557,#13558);
#13557 = CARTESIAN_POINT('',(0.,0.));
#13558 = VECTOR('',#13559,1.);
#13559 = DIRECTION('',(1.,0.));
#13560 = ( GEOMETRIC_REPRESENTATION_CONTEXT(2) 
PARAMETRIC_REPRESENTATION_CONTEXT() REPRESENTATION_CONTEXT('2D SPACE',''
  ) );
#13561 = PCURVE('',#13562,#13567);
#13562 = PLANE('',#13563);
#13563 = AXIS2_PLACEMENT_3D('',#13564,#13565,#13566);
#13564 = CARTESIAN_POINT('',(2.335,-23.255,-2.51));
#13565 = DIRECTION('',(0.,1.,0.));
#13566 = DIRECTION('',(0.,0.,1.));
#13567 = DEFINITIONAL_REPRESENTATION('',(#13568),#13572);
#13568 = LINE('',#13569,#13570);
#13569 = CARTESIAN_POINT('',(0.,0.));
#13570 = VECTOR('',#13571,1.);
#13571 = DIRECTION('',(1.,0.));
#13572 = ( GEOMETRIC_REPRESENTATION_CONTEXT(2) 
PARAMETRIC_REPRESENTATION_CONTEXT() REPRESENTATION_CONTEXT('2D SPACE',''
  ) );
#13573 = ORIENTED_EDGE('',*,*,#13574,.T.);
#13574 = EDGE_CURVE('',#13540,#13575,#13577,.T.);
#13575 = VERTEX_POINT('',#13576);
#13576 = CARTESIAN_POINT('',(2.335,-22.465,-2.51));
#13577 = SURFACE_CURVE('',#13578,(#13582,#13589),.PCURVE_S1.);
#13578 = LINE('',#13579,#13580);
#13579 = CARTESIAN_POINT('',(2.335,-23.255,-2.51));
#13580 = VECTOR('',#13581,1.);
#13581 = DIRECTION('',(0.,1.,0.));
#13582 = PCURVE('',#13550,#13583);
#13583 = DEFINITIONAL_REPRESENTATION('',(#13584),#13588);
#13584 = LINE('',#13585,#13586);
#13585 = CARTESIAN_POINT('',(0.,0.));
#13586 = VECTOR('',#13587,1.);
#13587 = DIRECTION('',(0.,-1.));
#13588 = ( GEOMETRIC_REPRESENTATION_CONTEXT(2) 
PARAMETRIC_REPRESENTATION_CONTEXT() REPRESENTATION_CONTEXT('2D SPACE',''
  ) );
#13589 = PCURVE('',#13590,#13595);
#13590 = PLANE('',#13591);
#13591 = AXIS2_PLACEMENT_3D('',#13592,#13593,#13594);
#13592 = CARTESIAN_POINT('',(2.335,-23.255,-2.51));
#13593 = DIRECTION('',(0.,0.,1.));
#13594 = DIRECTION('',(1.,0.,0.));
#13595 = DEFINITIONAL_REPRESENTATION('',(#13596),#13600);
#13596 = LINE('',#13597,#13598);
#13597 = CARTESIAN_POINT('',(0.,0.));
#13598 = VECTOR('',#13599,1.);
#13599 = DIRECTION('',(0.,1.));
#13600 = ( GEOMETRIC_REPRESENTATION_CONTEXT(2) 
PARAMETRIC_REPRESENTATION_CONTEXT() REPRESENTATION_CONTEXT('2D SPACE',''
  ) );
#13601 = ORIENTED_EDGE('',*,*,#13602,.T.);
#13602 = EDGE_CURVE('',#13575,#13603,#13605,.T.);
#13603 = VERTEX_POINT('',#13604);
#13604 = CARTESIAN_POINT('',(2.335,-22.465,0.13));
#13605 = SURFACE_CURVE('',#13606,(#13610,#13617),.PCURVE_S1.);
#13606 = LINE('',#13607,#13608);
#13607 = CARTESIAN_POINT('',(2.335,-22.465,-2.51));
#13608 = VECTOR('',#13609,1.);
#13609 = DIRECTION('',(0.,0.,1.));
#13610 = PCURVE('',#13550,#13611);
#13611 = DEFINITIONAL_REPRESENTATION('',(#13612),#13616);
#13612 = LINE('',#13613,#13614);
#13613 = CARTESIAN_POINT('',(0.,-0.79));
#13614 = VECTOR('',#13615,1.);
#13615 = DIRECTION('',(1.,0.));
#13616 = ( GEOMETRIC_REPRESENTATION_CONTEXT(2) 
PARAMETRIC_REPRESENTATION_CONTEXT() REPRESENTATION_CONTEXT('2D SPACE',''
  ) );
#13617 = PCURVE('',#13618,#13623);
#13618 = PLANE('',#13619);
#13619 = AXIS2_PLACEMENT_3D('',#13620,#13621,#13622);
#13620 = CARTESIAN_POINT('',(2.335,-22.465,-2.51));
#13621 = DIRECTION('',(0.,1.,0.));
#13622 = DIRECTION('',(0.,0.,1.));
#13623 = DEFINITIONAL_REPRESENTATION('',(#13624),#13628);
#13624 = LINE('',#13625,#13626);
#13625 = CARTESIAN_POINT('',(0.,0.));
#13626 = VECTOR('',#13627,1.);
#13627 = DIRECTION('',(1.,0.));
#13628 = ( GEOMETRIC_REPRESENTATION_CONTEXT(2) 
PARAMETRIC_REPRESENTATION_CONTEXT() REPRESENTATION_CONTEXT('2D SPACE',''
  ) );
#13629 = ORIENTED_EDGE('',*,*,#13630,.F.);
#13630 = EDGE_CURVE('',#13542,#13603,#13631,.T.);
#13631 = SURFACE_CURVE('',#13632,(#13636,#13643),.PCURVE_S1.);
#13632 = LINE('',#13633,#13634);
#13633 = CARTESIAN_POINT('',(2.335,-23.255,0.13));
#13634 = VECTOR('',#13635,1.);
#13635 = DIRECTION('',(0.,1.,0.));
#13636 = PCURVE('',#13550,#13637);
#13637 = DEFINITIONAL_REPRESENTATION('',(#13638),#13642);
#13638 = LINE('',#13639,#13640);
#13639 = CARTESIAN_POINT('',(2.64,0.));
#13640 = VECTOR('',#13641,1.);
#13641 = DIRECTION('',(0.,-1.));
#13642 = ( GEOMETRIC_REPRESENTATION_CONTEXT(2) 
PARAMETRIC_REPRESENTATION_CONTEXT() REPRESENTATION_CONTEXT('2D SPACE',''
  ) );
#13643 = PCURVE('',#13644,#13649);
#13644 = PLANE('',#13645);
#13645 = AXIS2_PLACEMENT_3D('',#13646,#13647,#13648);
#13646 = CARTESIAN_POINT('',(2.335,-23.255,0.13));
#13647 = DIRECTION('',(0.,0.,1.));
#13648 = DIRECTION('',(1.,0.,0.));
#13649 = DEFINITIONAL_REPRESENTATION('',(#13650),#13654);
#13650 = LINE('',#13651,#13652);
#13651 = CARTESIAN_POINT('',(0.,0.));
#13652 = VECTOR('',#13653,1.);
#13653 = DIRECTION('',(0.,1.));
#13654 = ( GEOMETRIC_REPRESENTATION_CONTEXT(2) 
PARAMETRIC_REPRESENTATION_CONTEXT() REPRESENTATION_CONTEXT('2D SPACE',''
  ) );
#13655 = ADVANCED_FACE('',(#13656),#13670,.T.);
#13656 = FACE_BOUND('',#13657,.T.);
#13657 = EDGE_LOOP('',(#13658,#13688,#13711,#13734));
#13658 = ORIENTED_EDGE('',*,*,#13659,.F.);
#13659 = EDGE_CURVE('',#13660,#13662,#13664,.T.);
#13660 = VERTEX_POINT('',#13661);
#13661 = CARTESIAN_POINT('',(2.745,-23.255,-2.51));
#13662 = VERTEX_POINT('',#13663);
#13663 = CARTESIAN_POINT('',(2.745,-23.255,0.13));
#13664 = SURFACE_CURVE('',#13665,(#13669,#13681),.PCURVE_S1.);
#13665 = LINE('',#13666,#13667);
#13666 = CARTESIAN_POINT('',(2.745,-23.255,-2.51));
#13667 = VECTOR('',#13668,1.);
#13668 = DIRECTION('',(0.,0.,1.));
#13669 = PCURVE('',#13670,#13675);
#13670 = PLANE('',#13671);
#13671 = AXIS2_PLACEMENT_3D('',#13672,#13673,#13674);
#13672 = CARTESIAN_POINT('',(2.745,-23.255,-2.51));
#13673 = DIRECTION('',(1.,0.,0.));
#13674 = DIRECTION('',(0.,0.,1.));
#13675 = DEFINITIONAL_REPRESENTATION('',(#13676),#13680);
#13676 = LINE('',#13677,#13678);
#13677 = CARTESIAN_POINT('',(0.,0.));
#13678 = VECTOR('',#13679,1.);
#13679 = DIRECTION('',(1.,0.));
#13680 = ( GEOMETRIC_REPRESENTATION_CONTEXT(2) 
PARAMETRIC_REPRESENTATION_CONTEXT() REPRESENTATION_CONTEXT('2D SPACE',''
  ) );
#13681 = PCURVE('',#13562,#13682);
#13682 = DEFINITIONAL_REPRESENTATION('',(#13683),#13687);
#13683 = LINE('',#13684,#13685);
#13684 = CARTESIAN_POINT('',(0.,0.41));
#13685 = VECTOR('',#13686,1.);
#13686 = DIRECTION('',(1.,0.));
#13687 = ( GEOMETRIC_REPRESENTATION_CONTEXT(2) 
PARAMETRIC_REPRESENTATION_CONTEXT() REPRESENTATION_CONTEXT('2D SPACE',''
  ) );
#13688 = ORIENTED_EDGE('',*,*,#13689,.T.);
#13689 = EDGE_CURVE('',#13660,#13690,#13692,.T.);
#13690 = VERTEX_POINT('',#13691);
#13691 = CARTESIAN_POINT('',(2.745,-22.465,-2.51));
#13692 = SURFACE_CURVE('',#13693,(#13697,#13704),.PCURVE_S1.);
#13693 = LINE('',#13694,#13695);
#13694 = CARTESIAN_POINT('',(2.745,-23.255,-2.51));
#13695 = VECTOR('',#13696,1.);
#13696 = DIRECTION('',(0.,1.,0.));
#13697 = PCURVE('',#13670,#13698);
#13698 = DEFINITIONAL_REPRESENTATION('',(#13699),#13703);
#13699 = LINE('',#13700,#13701);
#13700 = CARTESIAN_POINT('',(0.,0.));
#13701 = VECTOR('',#13702,1.);
#13702 = DIRECTION('',(0.,-1.));
#13703 = ( GEOMETRIC_REPRESENTATION_CONTEXT(2) 
PARAMETRIC_REPRESENTATION_CONTEXT() REPRESENTATION_CONTEXT('2D SPACE',''
  ) );
#13704 = PCURVE('',#13590,#13705);
#13705 = DEFINITIONAL_REPRESENTATION('',(#13706),#13710);
#13706 = LINE('',#13707,#13708);
#13707 = CARTESIAN_POINT('',(0.41,0.));
#13708 = VECTOR('',#13709,1.);
#13709 = DIRECTION('',(0.,1.));
#13710 = ( GEOMETRIC_REPRESENTATION_CONTEXT(2) 
PARAMETRIC_REPRESENTATION_CONTEXT() REPRESENTATION_CONTEXT('2D SPACE',''
  ) );
#13711 = ORIENTED_EDGE('',*,*,#13712,.T.);
#13712 = EDGE_CURVE('',#13690,#13713,#13715,.T.);
#13713 = VERTEX_POINT('',#13714);
#13714 = CARTESIAN_POINT('',(2.745,-22.465,0.13));
#13715 = SURFACE_CURVE('',#13716,(#13720,#13727),.PCURVE_S1.);
#13716 = LINE('',#13717,#13718);
#13717 = CARTESIAN_POINT('',(2.745,-22.465,-2.51));
#13718 = VECTOR('',#13719,1.);
#13719 = DIRECTION('',(0.,0.,1.));
#13720 = PCURVE('',#13670,#13721);
#13721 = DEFINITIONAL_REPRESENTATION('',(#13722),#13726);
#13722 = LINE('',#13723,#13724);
#13723 = CARTESIAN_POINT('',(0.,-0.79));
#13724 = VECTOR('',#13725,1.);
#13725 = DIRECTION('',(1.,0.));
#13726 = ( GEOMETRIC_REPRESENTATION_CONTEXT(2) 
PARAMETRIC_REPRESENTATION_CONTEXT() REPRESENTATION_CONTEXT('2D SPACE',''
  ) );
#13727 = PCURVE('',#13618,#13728);
#13728 = DEFINITIONAL_REPRESENTATION('',(#13729),#13733);
#13729 = LINE('',#13730,#13731);
#13730 = CARTESIAN_POINT('',(0.,0.41));
#13731 = VECTOR('',#13732,1.);
#13732 = DIRECTION('',(1.,0.));
#13733 = ( GEOMETRIC_REPRESENTATION_CONTEXT(2) 
PARAMETRIC_REPRESENTATION_CONTEXT() REPRESENTATION_CONTEXT('2D SPACE',''
  ) );
#13734 = ORIENTED_EDGE('',*,*,#13735,.F.);
#13735 = EDGE_CURVE('',#13662,#13713,#13736,.T.);
#13736 = SURFACE_CURVE('',#13737,(#13741,#13748),.PCURVE_S1.);
#13737 = LINE('',#13738,#13739);
#13738 = CARTESIAN_POINT('',(2.745,-23.255,0.13));
#13739 = VECTOR('',#13740,1.);
#13740 = DIRECTION('',(0.,1.,0.));
#13741 = PCURVE('',#13670,#13742);
#13742 = DEFINITIONAL_REPRESENTATION('',(#13743),#13747);
#13743 = LINE('',#13744,#13745);
#13744 = CARTESIAN_POINT('',(2.64,0.));
#13745 = VECTOR('',#13746,1.);
#13746 = DIRECTION('',(0.,-1.));
#13747 = ( GEOMETRIC_REPRESENTATION_CONTEXT(2) 
PARAMETRIC_REPRESENTATION_CONTEXT() REPRESENTATION_CONTEXT('2D SPACE',''
  ) );
#13748 = PCURVE('',#13644,#13749);
#13749 = DEFINITIONAL_REPRESENTATION('',(#13750),#13754);
#13750 = LINE('',#13751,#13752);
#13751 = CARTESIAN_POINT('',(0.41,0.));
#13752 = VECTOR('',#13753,1.);
#13753 = DIRECTION('',(0.,1.));
#13754 = ( GEOMETRIC_REPRESENTATION_CONTEXT(2) 
PARAMETRIC_REPRESENTATION_CONTEXT() REPRESENTATION_CONTEXT('2D SPACE',''
  ) );
#13755 = ADVANCED_FACE('',(#13756),#13562,.F.);
#13756 = FACE_BOUND('',#13757,.F.);
#13757 = EDGE_LOOP('',(#13758,#13779,#13780,#13801));
#13758 = ORIENTED_EDGE('',*,*,#13759,.F.);
#13759 = EDGE_CURVE('',#13540,#13660,#13760,.T.);
#13760 = SURFACE_CURVE('',#13761,(#13765,#13772),.PCURVE_S1.);
#13761 = LINE('',#13762,#13763);
#13762 = CARTESIAN_POINT('',(2.335,-23.255,-2.51));
#13763 = VECTOR('',#13764,1.);
#13764 = DIRECTION('',(1.,0.,0.));
#13765 = PCURVE('',#13562,#13766);
#13766 = DEFINITIONAL_REPRESENTATION('',(#13767),#13771);
#13767 = LINE('',#13768,#13769);
#13768 = CARTESIAN_POINT('',(0.,0.));
#13769 = VECTOR('',#13770,1.);
#13770 = DIRECTION('',(0.,1.));
#13771 = ( GEOMETRIC_REPRESENTATION_CONTEXT(2) 
PARAMETRIC_REPRESENTATION_CONTEXT() REPRESENTATION_CONTEXT('2D SPACE',''
  ) );
#13772 = PCURVE('',#13590,#13773);
#13773 = DEFINITIONAL_REPRESENTATION('',(#13774),#13778);
#13774 = LINE('',#13775,#13776);
#13775 = CARTESIAN_POINT('',(0.,0.));
#13776 = VECTOR('',#13777,1.);
#13777 = DIRECTION('',(1.,0.));
#13778 = ( GEOMETRIC_REPRESENTATION_CONTEXT(2) 
PARAMETRIC_REPRESENTATION_CONTEXT() REPRESENTATION_CONTEXT('2D SPACE',''
  ) );
#13779 = ORIENTED_EDGE('',*,*,#13539,.T.);
#13780 = ORIENTED_EDGE('',*,*,#13781,.T.);
#13781 = EDGE_CURVE('',#13542,#13662,#13782,.T.);
#13782 = SURFACE_CURVE('',#13783,(#13787,#13794),.PCURVE_S1.);
#13783 = LINE('',#13784,#13785);
#13784 = CARTESIAN_POINT('',(2.335,-23.255,0.13));
#13785 = VECTOR('',#13786,1.);
#13786 = DIRECTION('',(1.,0.,0.));
#13787 = PCURVE('',#13562,#13788);
#13788 = DEFINITIONAL_REPRESENTATION('',(#13789),#13793);
#13789 = LINE('',#13790,#13791);
#13790 = CARTESIAN_POINT('',(2.64,0.));
#13791 = VECTOR('',#13792,1.);
#13792 = DIRECTION('',(0.,1.));
#13793 = ( GEOMETRIC_REPRESENTATION_CONTEXT(2) 
PARAMETRIC_REPRESENTATION_CONTEXT() REPRESENTATION_CONTEXT('2D SPACE',''
  ) );
#13794 = PCURVE('',#13644,#13795);
#13795 = DEFINITIONAL_REPRESENTATION('',(#13796),#13800);
#13796 = LINE('',#13797,#13798);
#13797 = CARTESIAN_POINT('',(0.,0.));
#13798 = VECTOR('',#13799,1.);
#13799 = DIRECTION('',(1.,0.));
#13800 = ( GEOMETRIC_REPRESENTATION_CONTEXT(2) 
PARAMETRIC_REPRESENTATION_CONTEXT() REPRESENTATION_CONTEXT('2D SPACE',''
  ) );
#13801 = ORIENTED_EDGE('',*,*,#13659,.F.);
#13802 = ADVANCED_FACE('',(#13803),#13618,.T.);
#13803 = FACE_BOUND('',#13804,.T.);
#13804 = EDGE_LOOP('',(#13805,#13826,#13827,#13848));
#13805 = ORIENTED_EDGE('',*,*,#13806,.F.);
#13806 = EDGE_CURVE('',#13575,#13690,#13807,.T.);
#13807 = SURFACE_CURVE('',#13808,(#13812,#13819),.PCURVE_S1.);
#13808 = LINE('',#13809,#13810);
#13809 = CARTESIAN_POINT('',(2.335,-22.465,-2.51));
#13810 = VECTOR('',#13811,1.);
#13811 = DIRECTION('',(1.,0.,0.));
#13812 = PCURVE('',#13618,#13813);
#13813 = DEFINITIONAL_REPRESENTATION('',(#13814),#13818);
#13814 = LINE('',#13815,#13816);
#13815 = CARTESIAN_POINT('',(0.,0.));
#13816 = VECTOR('',#13817,1.);
#13817 = DIRECTION('',(0.,1.));
#13818 = ( GEOMETRIC_REPRESENTATION_CONTEXT(2) 
PARAMETRIC_REPRESENTATION_CONTEXT() REPRESENTATION_CONTEXT('2D SPACE',''
  ) );
#13819 = PCURVE('',#13590,#13820);
#13820 = DEFINITIONAL_REPRESENTATION('',(#13821),#13825);
#13821 = LINE('',#13822,#13823);
#13822 = CARTESIAN_POINT('',(0.,0.79));
#13823 = VECTOR('',#13824,1.);
#13824 = DIRECTION('',(1.,0.));
#13825 = ( GEOMETRIC_REPRESENTATION_CONTEXT(2) 
PARAMETRIC_REPRESENTATION_CONTEXT() REPRESENTATION_CONTEXT('2D SPACE',''
  ) );
#13826 = ORIENTED_EDGE('',*,*,#13602,.T.);
#13827 = ORIENTED_EDGE('',*,*,#13828,.T.);
#13828 = EDGE_CURVE('',#13603,#13713,#13829,.T.);
#13829 = SURFACE_CURVE('',#13830,(#13834,#13841),.PCURVE_S1.);
#13830 = LINE('',#13831,#13832);
#13831 = CARTESIAN_POINT('',(2.335,-22.465,0.13));
#13832 = VECTOR('',#13833,1.);
#13833 = DIRECTION('',(1.,0.,0.));
#13834 = PCURVE('',#13618,#13835);
#13835 = DEFINITIONAL_REPRESENTATION('',(#13836),#13840);
#13836 = LINE('',#13837,#13838);
#13837 = CARTESIAN_POINT('',(2.64,0.));
#13838 = VECTOR('',#13839,1.);
#13839 = DIRECTION('',(0.,1.));
#13840 = ( GEOMETRIC_REPRESENTATION_CONTEXT(2) 
PARAMETRIC_REPRESENTATION_CONTEXT() REPRESENTATION_CONTEXT('2D SPACE',''
  ) );
#13841 = PCURVE('',#13644,#13842);
#13842 = DEFINITIONAL_REPRESENTATION('',(#13843),#13847);
#13843 = LINE('',#13844,#13845);
#13844 = CARTESIAN_POINT('',(0.,0.79));
#13845 = VECTOR('',#13846,1.);
#13846 = DIRECTION('',(1.,0.));
#13847 = ( GEOMETRIC_REPRESENTATION_CONTEXT(2) 
PARAMETRIC_REPRESENTATION_CONTEXT() REPRESENTATION_CONTEXT('2D SPACE',''
  ) );
#13848 = ORIENTED_EDGE('',*,*,#13712,.F.);
#13849 = ADVANCED_FACE('',(#13850),#13590,.F.);
#13850 = FACE_BOUND('',#13851,.F.);
#13851 = EDGE_LOOP('',(#13852,#13853,#13854,#13855));
#13852 = ORIENTED_EDGE('',*,*,#13574,.F.);
#13853 = ORIENTED_EDGE('',*,*,#13759,.T.);
#13854 = ORIENTED_EDGE('',*,*,#13689,.T.);
#13855 = ORIENTED_EDGE('',*,*,#13806,.F.);
#13856 = ADVANCED_FACE('',(#13857),#13644,.T.);
#13857 = FACE_BOUND('',#13858,.T.);
#13858 = EDGE_LOOP('',(#13859,#13860,#13861,#13862));
#13859 = ORIENTED_EDGE('',*,*,#13630,.F.);
#13860 = ORIENTED_EDGE('',*,*,#13781,.T.);
#13861 = ORIENTED_EDGE('',*,*,#13735,.T.);
#13862 = ORIENTED_EDGE('',*,*,#13828,.F.);
#13863 = ( GEOMETRIC_REPRESENTATION_CONTEXT(3) 
GLOBAL_UNCERTAINTY_ASSIGNED_CONTEXT((#13867)) 
GLOBAL_UNIT_ASSIGNED_CONTEXT((#13864,#13865,#13866)) 
REPRESENTATION_CONTEXT('Context #1',
  '3D Context with UNIT and UNCERTAINTY') );
#13864 = ( LENGTH_UNIT() NAMED_UNIT(*) SI_UNIT(.MILLI.,.METRE.) );
#13865 = ( NAMED_UNIT(*) PLANE_ANGLE_UNIT() SI_UNIT($,.RADIAN.) );
#13866 = ( NAMED_UNIT(*) SI_UNIT($,.STERADIAN.) SOLID_ANGLE_UNIT() );
#13867 = UNCERTAINTY_MEASURE_WITH_UNIT(LENGTH_MEASURE(1.E-07),#13864,
  'distance_accuracy_value','confusion accuracy');
#13868 = CONTEXT_DEPENDENT_SHAPE_REPRESENTATION(#13869,#13871);
#13869 = ( REPRESENTATION_RELATIONSHIP('','',#13532,#10) 
REPRESENTATION_RELATIONSHIP_WITH_TRANSFORMATION(#13870) 
SHAPE_REPRESENTATION_RELATIONSHIP() );
#13870 = ITEM_DEFINED_TRANSFORMATION('','',#11,#95);
#13871 = PRODUCT_DEFINITION_SHAPE('Placement','Placement of an item',
  #13872);
#13872 = NEXT_ASSEMBLY_USAGE_OCCURRENCE('104','contact_20','',#5,#13527,
  $);
#13873 = PRODUCT_RELATED_PRODUCT_CATEGORY('part',$,(#13529));
#13874 = MECHANICAL_DESIGN_GEOMETRIC_PRESENTATION_REPRESENTATION('',(
    #13875),#8279);
#13875 = STYLED_ITEM('color',(#13876),#7949);
#13876 = PRESENTATION_STYLE_ASSIGNMENT((#13877));
#13877 = SURFACE_STYLE_USAGE(.BOTH.,#13878);
#13878 = SURFACE_SIDE_STYLE('',(#13879));
#13879 = SURFACE_STYLE_FILL_AREA(#13880);
#13880 = FILL_AREA_STYLE('',(#13881));
#13881 = FILL_AREA_STYLE_COLOUR('',#13882);
#13882 = COLOUR_RGB('',0.800000010877,0.700000005816,0.299999996101);
#13883 = MECHANICAL_DESIGN_GEOMETRIC_PRESENTATION_REPRESENTATION('',(
    #13884),#13863);
#13884 = STYLED_ITEM('color',(#13885),#13533);
#13885 = PRESENTATION_STYLE_ASSIGNMENT((#13886));
#13886 = SURFACE_STYLE_USAGE(.BOTH.,#13887);
#13887 = SURFACE_SIDE_STYLE('',(#13888));
#13888 = SURFACE_STYLE_FILL_AREA(#13889);
#13889 = FILL_AREA_STYLE('',(#13890));
#13890 = FILL_AREA_STYLE_COLOUR('',#13882);
#13891 = MECHANICAL_DESIGN_GEOMETRIC_PRESENTATION_REPRESENTATION('',(
    #13892),#10373);
#13892 = STYLED_ITEM('color',(#13893),#10043);
#13893 = PRESENTATION_STYLE_ASSIGNMENT((#13894));
#13894 = SURFACE_STYLE_USAGE(.BOTH.,#13895);
#13895 = SURFACE_SIDE_STYLE('',(#13896));
#13896 = SURFACE_STYLE_FILL_AREA(#13897);
#13897 = FILL_AREA_STYLE('',(#13898));
#13898 = FILL_AREA_STYLE_COLOUR('',#13882);
#13899 = MECHANICAL_DESIGN_GEOMETRIC_PRESENTATION_REPRESENTATION('',(
    #13900),#12816);
#13900 = STYLED_ITEM('color',(#13901),#12486);
#13901 = PRESENTATION_STYLE_ASSIGNMENT((#13902));
#13902 = SURFACE_STYLE_USAGE(.BOTH.,#13903);
#13903 = SURFACE_SIDE_STYLE('',(#13904));
#13904 = SURFACE_STYLE_FILL_AREA(#13905);
#13905 = FILL_AREA_STYLE('',(#13906));
#13906 = FILL_AREA_STYLE_COLOUR('',#13882);
#13907 = MECHANICAL_DESIGN_GEOMETRIC_PRESENTATION_REPRESENTATION('',(
    #13908),#11071);
#13908 = STYLED_ITEM('color',(#13909),#10741);
#13909 = PRESENTATION_STYLE_ASSIGNMENT((#13910));
#13910 = SURFACE_STYLE_USAGE(.BOTH.,#13911);
#13911 = SURFACE_SIDE_STYLE('',(#13912));
#13912 = SURFACE_STYLE_FILL_AREA(#13913);
#13913 = FILL_AREA_STYLE('',(#13914));
#13914 = FILL_AREA_STYLE_COLOUR('',#13882);
#13915 = MECHANICAL_DESIGN_GEOMETRIC_PRESENTATION_REPRESENTATION('',(
    #13916),#10722);
#13916 = STYLED_ITEM('color',(#13917),#10392);
#13917 = PRESENTATION_STYLE_ASSIGNMENT((#13918));
#13918 = SURFACE_STYLE_USAGE(.BOTH.,#13919);
#13919 = SURFACE_SIDE_STYLE('',(#13920));
#13920 = SURFACE_STYLE_FILL_AREA(#13921);
#13921 = FILL_AREA_STYLE('',(#13922));
#13922 = FILL_AREA_STYLE_COLOUR('',#13882);
#13923 = MECHANICAL_DESIGN_GEOMETRIC_PRESENTATION_REPRESENTATION('',(
    #13924),#10024);
#13924 = STYLED_ITEM('color',(#13925),#9694);
#13925 = PRESENTATION_STYLE_ASSIGNMENT((#13926));
#13926 = SURFACE_STYLE_USAGE(.BOTH.,#13927);
#13927 = SURFACE_SIDE_STYLE('',(#13928));
#13928 = SURFACE_STYLE_FILL_AREA(#13929);
#13929 = FILL_AREA_STYLE('',(#13930));
#13930 = FILL_AREA_STYLE_COLOUR('',#13882);
#13931 = MECHANICAL_DESIGN_GEOMETRIC_PRESENTATION_REPRESENTATION('',(
    #13932),#8628);
#13932 = STYLED_ITEM('color',(#13933),#8298);
#13933 = PRESENTATION_STYLE_ASSIGNMENT((#13934));
#13934 = SURFACE_STYLE_USAGE(.BOTH.,#13935);
#13935 = SURFACE_SIDE_STYLE('',(#13936));
#13936 = SURFACE_STYLE_FILL_AREA(#13937);
#13937 = FILL_AREA_STYLE('',(#13938));
#13938 = FILL_AREA_STYLE_COLOUR('',#13882);
#13939 = MECHANICAL_DESIGN_GEOMETRIC_PRESENTATION_REPRESENTATION('',(
    #13940),#7581);
#13940 = STYLED_ITEM('color',(#13941),#7251);
#13941 = PRESENTATION_STYLE_ASSIGNMENT((#13942));
#13942 = SURFACE_STYLE_USAGE(.BOTH.,#13943);
#13943 = SURFACE_SIDE_STYLE('',(#13944));
#13944 = SURFACE_STYLE_FILL_AREA(#13945);
#13945 = FILL_AREA_STYLE('',(#13946));
#13946 = FILL_AREA_STYLE_COLOUR('',#13882);
#13947 = MECHANICAL_DESIGN_GEOMETRIC_PRESENTATION_REPRESENTATION('',(
    #13948),#13165);
#13948 = STYLED_ITEM('color',(#13949),#12835);
#13949 = PRESENTATION_STYLE_ASSIGNMENT((#13950));
#13950 = SURFACE_STYLE_USAGE(.BOTH.,#13951);
#13951 = SURFACE_SIDE_STYLE('',(#13952));
#13952 = SURFACE_STYLE_FILL_AREA(#13953);
#13953 = FILL_AREA_STYLE('',(#13954));
#13954 = FILL_AREA_STYLE_COLOUR('',#13882);
#13955 = MECHANICAL_DESIGN_GEOMETRIC_PRESENTATION_REPRESENTATION('',(
    #13956),#13514);
#13956 = STYLED_ITEM('color',(#13957),#13184);
#13957 = PRESENTATION_STYLE_ASSIGNMENT((#13958));
#13958 = SURFACE_STYLE_USAGE(.BOTH.,#13959);
#13959 = SURFACE_SIDE_STYLE('',(#13960));
#13960 = SURFACE_STYLE_FILL_AREA(#13961);
#13961 = FILL_AREA_STYLE('',(#13962));
#13962 = FILL_AREA_STYLE_COLOUR('',#13882);
#13963 = MECHANICAL_DESIGN_GEOMETRIC_PRESENTATION_REPRESENTATION('',(
    #13964),#7232);
#13964 = STYLED_ITEM('color',(#13965),#6902);
#13965 = PRESENTATION_STYLE_ASSIGNMENT((#13966));
#13966 = SURFACE_STYLE_USAGE(.BOTH.,#13967);
#13967 = SURFACE_SIDE_STYLE('',(#13968));
#13968 = SURFACE_STYLE_FILL_AREA(#13969);
#13969 = FILL_AREA_STYLE('',(#13970));
#13970 = FILL_AREA_STYLE_COLOUR('',#13882);
#13971 = MECHANICAL_DESIGN_GEOMETRIC_PRESENTATION_REPRESENTATION('',(
    #13972),#12467);
#13972 = STYLED_ITEM('color',(#13973),#12137);
#13973 = PRESENTATION_STYLE_ASSIGNMENT((#13974));
#13974 = SURFACE_STYLE_USAGE(.BOTH.,#13975);
#13975 = SURFACE_SIDE_STYLE('',(#13976));
#13976 = SURFACE_STYLE_FILL_AREA(#13977);
#13977 = FILL_AREA_STYLE('',(#13978));
#13978 = FILL_AREA_STYLE_COLOUR('',#13882);
#13979 = MECHANICAL_DESIGN_GEOMETRIC_PRESENTATION_REPRESENTATION('',(
    #13980),#8977);
#13980 = STYLED_ITEM('color',(#13981),#8647);
#13981 = PRESENTATION_STYLE_ASSIGNMENT((#13982));
#13982 = SURFACE_STYLE_USAGE(.BOTH.,#13983);
#13983 = SURFACE_SIDE_STYLE('',(#13984));
#13984 = SURFACE_STYLE_FILL_AREA(#13985);
#13985 = FILL_AREA_STYLE('',(#13986));
#13986 = FILL_AREA_STYLE_COLOUR('',#13882);
#13987 = MECHANICAL_DESIGN_GEOMETRIC_PRESENTATION_REPRESENTATION('',(
    #13988),#9675);
#13988 = STYLED_ITEM('color',(#13989),#9345);
#13989 = PRESENTATION_STYLE_ASSIGNMENT((#13990));
#13990 = SURFACE_STYLE_USAGE(.BOTH.,#13991);
#13991 = SURFACE_SIDE_STYLE('',(#13992));
#13992 = SURFACE_STYLE_FILL_AREA(#13993);
#13993 = FILL_AREA_STYLE('',(#13994));
#13994 = FILL_AREA_STYLE_COLOUR('',#13882);
#13995 = MECHANICAL_DESIGN_GEOMETRIC_PRESENTATION_REPRESENTATION('',(
    #13996),#9326);
#13996 = STYLED_ITEM('color',(#13997),#8996);
#13997 = PRESENTATION_STYLE_ASSIGNMENT((#13998));
#13998 = SURFACE_STYLE_USAGE(.BOTH.,#13999);
#13999 = SURFACE_SIDE_STYLE('',(#14000));
#14000 = SURFACE_STYLE_FILL_AREA(#14001);
#14001 = FILL_AREA_STYLE('',(#14002));
#14002 = FILL_AREA_STYLE_COLOUR('',#13882);
#14003 = MECHANICAL_DESIGN_GEOMETRIC_PRESENTATION_REPRESENTATION('',(
    #14004),#11769);
#14004 = STYLED_ITEM('color',(#14005),#11439);
#14005 = PRESENTATION_STYLE_ASSIGNMENT((#14006));
#14006 = SURFACE_STYLE_USAGE(.BOTH.,#14007);
#14007 = SURFACE_SIDE_STYLE('',(#14008));
#14008 = SURFACE_STYLE_FILL_AREA(#14009);
#14009 = FILL_AREA_STYLE('',(#14010));
#14010 = FILL_AREA_STYLE_COLOUR('',#13882);
#14011 = MECHANICAL_DESIGN_GEOMETRIC_PRESENTATION_REPRESENTATION('',(
    #14012),#11420);
#14012 = STYLED_ITEM('color',(#14013),#11090);
#14013 = PRESENTATION_STYLE_ASSIGNMENT((#14014));
#14014 = SURFACE_STYLE_USAGE(.BOTH.,#14015);
#14015 = SURFACE_SIDE_STYLE('',(#14016));
#14016 = SURFACE_STYLE_FILL_AREA(#14017);
#14017 = FILL_AREA_STYLE('',(#14018));
#14018 = FILL_AREA_STYLE_COLOUR('',#13882);
#14019 = MECHANICAL_DESIGN_GEOMETRIC_PRESENTATION_REPRESENTATION('',(
    #14020),#7930);
#14020 = STYLED_ITEM('color',(#14021),#7600);
#14021 = PRESENTATION_STYLE_ASSIGNMENT((#14022));
#14022 = SURFACE_STYLE_USAGE(.BOTH.,#14023);
#14023 = SURFACE_SIDE_STYLE('',(#14024));
#14024 = SURFACE_STYLE_FILL_AREA(#14025);
#14025 = FILL_AREA_STYLE('',(#14026));
#14026 = FILL_AREA_STYLE_COLOUR('',#13882);
#14027 = MECHANICAL_DESIGN_GEOMETRIC_PRESENTATION_REPRESENTATION('',(
    #14028),#12118);
#14028 = STYLED_ITEM('color',(#14029),#11788);
#14029 = PRESENTATION_STYLE_ASSIGNMENT((#14030));
#14030 = SURFACE_STYLE_USAGE(.BOTH.,#14031);
#14031 = SURFACE_SIDE_STYLE('',(#14032));
#14032 = SURFACE_STYLE_FILL_AREA(#14033);
#14033 = FILL_AREA_STYLE('',(#14034));
#14034 = FILL_AREA_STYLE_COLOUR('',#13882);
#14035 = MECHANICAL_DESIGN_GEOMETRIC_PRESENTATION_REPRESENTATION('',(
    #14036),#6883);
#14036 = STYLED_ITEM('color',(#14037),#113);
#14037 = PRESENTATION_STYLE_ASSIGNMENT((#14038));
#14038 = SURFACE_STYLE_USAGE(.BOTH.,#14039);
#14039 = SURFACE_SIDE_STYLE('',(#14040));
#14040 = SURFACE_STYLE_FILL_AREA(#14041);
#14041 = FILL_AREA_STYLE('',(#14042));
#14042 = FILL_AREA_STYLE_COLOUR('',#14043);
#14043 = COLOUR_RGB('',0.120000001395,0.120000001395,0.120000001395);
ENDSEC;
END-ISO-10303-21;
